time,ax,ay,az
0.017719,2.697164,-4.784684,-8.149555
0.051169,2.691478,-4.597331,-8.019665
0.08444,2.696865,-4.599575,-8.064857
0.117301,2.673371,-4.601521,-8.093588
0.151145,2.713027,-4.67724,-8.072489
0.184427,2.578498,-4.562165,-8.054083
0.217828,2.608277,-4.600323,-8.070543
0.250944,2.597502,-4.506647,-7.96295
0.284492,2.663944,-4.540466,-8.029092
0.318082,2.691029,-4.489588,-7.978513
0.351111,2.579695,-4.440505,-7.991083
0.38444,2.653618,-4.60616,-8.055878
0.417877,2.649129,-4.617532,-8.055878
0.451114,2.630573,-4.654943,-8.054083
0.484053,2.625037,-4.530889,-7.843984
0.51785,2.686241,-4.684872,-7.706612
0.551119,2.90861,-4.873721,-7.870022
0.584444,2.857582,-4.959766,-7.866281
0.617924,2.696716,-5.026806,-7.956515
0.651211,2.755226,-4.967248,-7.905487
0.684455,2.777822,-4.97473,-7.805526
0.717775,2.889306,-5.10896,-7.517762
0.751189,2.918786,-4.980267,-7.578218
0.784444,2.698062,-4.902602,-7.026036
0.817778,2.578797,-4.580122,-6.534758
0.85111,3.156718,-5.430692,-7.612636
0.884704,3.504937,-5.466008,-7.231196
0.917819,4.14077,-5.387146,-7.989886
0.95111,4.206314,-5.300054,-7.660222
0.984447,3.562999,-5.353476,-6.756678
1.017628,3.44927,-5.136644,-6.337828
1.051153,2.574607,-3.336289,-3.822031
1.084446,2.994206,-5.212662,-4.279339
1.11837,6.583242,-5.77532,-8.131897
1.151105,7.008827,-6.662403,-8.412926
1.185759,5.294816,-5.56971,-6.488817
1.229435,5.309032,-3.781028,-4.159026
1.251207,5.672665,-3.778335,-3.225554
1.285035,5.714116,-3.572426,-2.377228
1.317771,12.331776,-13.069965,-7.880796
1.351199,5.871989,-6.041834,-5.856576
1.384441,5.42755,-3.965089,-4.632347
1.418125,6.154814,-4.457714,-5.408545
1.450735,7.11223,-5.091601,-4.956773
1.484782,7.508784,-5.200541,-4.654195
1.517335,6.900336,-4.707767,-4.803688
1.551107,6.76865,-4.766128,-4.900657
1.583387,6.547178,-4.865191,-4.887189
1.617778,6.763861,-4.955875,-4.968744
1.651169,6.834942,-5.043865,-5.106715
1.684534,6.805612,-4.671105,-4.771216
1.717776,6.909464,-4.94959,-4.912628
1.751117,6.691135,-4.793213,-4.813714
1.784599,6.745904,-4.820149,-4.749218
1.817035,6.802918,-4.937768,-5.044314
1.851113,6.700113,-4.982811,-5.003013
1.884564,6.679612,-5.092499,-5.094295
1.917789,6.713731,-5.109409,-5.105967
1.951113,6.617959,-5.002115,-5.106117
1.984442,6.733783,-4.987749,-5.166722
2.017834,6.39574,-4.772114,-5.35617
2.051172,6.765807,-4.751612,-5.064666
2.08518,6.549572,-4.756401,-5.216703
2.117778,6.55466,-4.826883,-5.305291
2.151211,6.716424,-5.377868,-5.740453
2.184462,6.236669,-4.776902,-5.971502
2.21778,6.029414,-4.977723,-5.796719
2.251074,6.645344,-4.789173,-6.157358
2.283484,6.151373,-4.465645,-6.005471
2.318008,6.711486,-4.416113,-6.622299
2.351196,5.949205,-4.176984,-6.380925
2.384512,6.094359,-4.09453,-6.749645
2.417789,5.832633,-5.167171,-7.39311
2.451115,5.845951,-4.445144,-8.190707
2.484456,5.288831,-5.212363,-7.757939
2.517775,5.608767,-5.06691,-7.335198
2.550851,4.777052,-4.66467,-8.01338
2.584586,4.528644,-5.16358,-7.40149
2.617797,-0.300932,-2.608127,-1.244431
2.651166,0.140664,-4.109794,-8.334364
2.684443,3.772798,-3.887424,-9.267986
2.717779,3.246055,-4.042455,-8.977529
2.751286,2.363461,-4.841698,-8.239041
2.784439,0.558916,-4.663622,-8.581724
2.817777,-0.317243,-4.364337,-8.186517
2.851512,-0.278336,-4.263328,-8.53713
2.884445,-0.303476,-4.330218,-7.850718
2.917966,-0.25978,-3.99427,-8.363544
2.951132,-0.211146,-3.664008,-8.546109
2.984517,-0.165355,-3.872311,-8.100322
3.018184,0.378597,-4.253301,-8.135788
3.051243,0.927038,-3.56644,-8.205671
3.084453,1.336162,-3.442686,-9.277414
3.117777,0.139916,-3.013659,-9.516693
3.150741,0.108491,-4.41731,-8.995636
3.18444,0.681773,-4.325878,-8.596838
3.217882,0.911774,-4.320641,-8.734808
3.252122,1.009042,-3.8557,-8.653852
3.284443,0.520757,-4.27889,-8.305483
3.317877,0.710355,-3.907926,-9.007009
3.351155,0.588845,-3.743618,-8.980821
3.383881,1.175296,-4.384688,-8.430584
3.417842,0.69165,-3.838791,-8.293362
3.451265,0.761832,-4.045597,-7.702122
3.484443,1.155992,-3.928576,-7.732949
3.517781,0.876159,-3.26895,-6.736925
3.551605,2.62369,-5.340757,-8.594443
3.584487,0.790863,-3.369361,-4.308669
3.617852,2.081084,-4.180126,-6.063532
3.650326,5.752724,-5.099981,-8.282587
3.684444,5.604877,-3.379686,-4.59748
3.71785,4.332612,-3.257877,-4.29565
3.751214,18.296693,-13.087922,-11.916666
3.794041,7.34702,-4.582217,-4.969642
3.817867,4.229209,-4.597929,-5.229572
3.851192,6.162745,-4.282631,-6.053805
3.884641,6.946575,-4.433023,-6.239662
3.917961,6.435245,-4.823591,-5.686731
3.951251,6.178907,-4.397857,-5.158043
3.98444,6.850953,-4.975478,-6.325557
4.018241,6.110969,-4.018661,-5.331778
4.051095,6.227242,-4.697142,-5.932744
4.084442,6.68889,-5.251869,-6.19866
4.117962,6.013103,-4.648957,-5.803752
4.151761,6.17322,-4.619478,-5.640342
4.184619,6.271386,-4.57683,-5.681793
4.217798,6.372246,-4.623368,-5.605026
4.253001,6.591921,-4.575782,-5.580934
4.28444,6.652826,-5.231817,-6.381972
4.317792,5.656204,-5.042818,-5.986466
4.35107,5.635104,-4.451279,-6.024775
4.384466,6.390502,-4.296848,-5.839816
4.418019,6.126682,-4.513979,-6.224698
4.451105,6.365661,-3.805869,-5.974345
4.484626,6.249389,-4.777201,-6.023578
4.517835,5.776667,-4.110692,-6.339324
4.551462,6.065627,-4.378702,-6.338576
4.584056,6.239961,-4.643421,-6.904675
4.617775,5.975841,-4.307023,-7.216232
4.651115,6.321068,-5.176299,-9.302105
4.684662,6.514257,-4.091388,-9.258259
4.717947,5.036982,-4.480459,-7.638375
4.751171,5.996193,-4.300589,-8.999078
4.784437,4.30403,-3.811256,-8.073387
4.817813,3.551476,-4.527298,-7.806124
4.851154,2.665739,-4.637136,-8.857216
4.88444,-0.030976,-2.896788,-1.396318
4.917846,-1.733763,-1.780302,-3.492367
4.950853,-1.228718,-3.429816,-10.109429
4.984444,1.128158,-2.517743,-8.823098
5.017986,2.050408,-4.839303,-8.693956
5.059197,-0.447881,-3.892213,-8.291117
5.084505,-0.773804,-3.529329,-8.360551
5.117774,0.232695,-3.218371,-9.00656
5.151661,0.49442,-3.290948,-9.232671
5.184018,0.210248,-3.499849,-8.882955
5.217779,0.441896,-4.059514,-9.158298
5.251394,0.283723,-3.726109,-8.995486
5.284547,-0.020202,-3.13472,-8.725381
5.317932,0.07108,-3.061695,-8.498073
5.351108,0.250502,-3.212385,-8.742291
5.384451,0.730557,-3.57063,-8.889988
5.417559,0.725768,-3.807515,-8.887145
5.451181,0.612189,-3.543096,-8.719844
5.484554,0.275942,-3.21867,-8.328378
5.518022,0.771858,-3.157466,-8.346635
5.551158,1.555538,-3.606694,-9.100685
5.584537,1.066206,-4.545255,-9.134205
5.618004,0.994377,-3.898348,-8.397663
5.651363,1.732865,-3.924536,-8.1099
5.6845,1.22363,-3.36951,-7.559064
5.717793,0.883342,-4.761788,-6.444074
5.751386,2.478087,-4.513082,-9.179098
5.784445,3.377741,-4.411773,-6.741714
5.818063,1.920817,-4.197784,-8.103016
5.851333,4.343387,-4.584461,-6.852151
5.884487,5.571506,-4.215591,-8.817112
5.917794,6.27408,-3.669395,-7.336545
5.951258,2.530612,-3.20625,-1.943114
5.984528,5.597993,-2.884966,-2.477638
6.017867,22.306676,-11.212297,-15.465449
6.050849,6.086278,-3.41979,-5.289429
6.084508,4.734404,-4.571592,-5.502521
6.125713,6.980544,-3.724763,-6.443027
6.15131,6.102739,-3.981999,-5.814227
6.184688,7.27579,-4.467141,-5.371134
6.218196,6.822821,-4.100666,-5.967162
6.25125,6.314783,-4.063554,-5.74614
6.284064,6.505577,-3.733741,-5.801058
6.317854,6.509917,-4.130445,-5.866004
6.351327,6.534459,-4.386334,-5.870194
6.384545,6.709541,-3.988733,-5.741501
6.4179,6.688292,-3.950275,-6.01011
6.451229,6.304158,-4.180725,-5.675957
6.48461,6.608532,-4.132689,-5.703491
6.517586,6.654622,-4.013125,-5.915984
6.551175,6.659859,-3.832655,-5.869296
6.584408,6.281712,-4.069091,-6.122342
6.617779,6.220059,-4.093632,-6.132667
6.651133,6.59237,-3.895056,-5.751676
6.684531,6.772989,-3.42413,-5.9721
6.717779,6.482532,-3.770553,-5.989609
6.750945,6.551368,-4.039013,-6.040786
6.785997,6.283058,-3.892512,-6.296826
6.817779,6.601948,-3.912564,-6.395889
6.851193,6.647888,-3.835947,-6.361621
6.884443,6.414295,-3.846422,-6.98219
6.917796,6.350398,-3.554469,-6.964083
6.951165,6.516501,-3.925134,-7.290904
6.983844,6.569325,-3.462139,-7.117916
7.017787,5.493393,-4.038265,-7.791908
7.051621,5.697356,-3.87261,-8.031038
7.084876,5.731624,-3.849415,-8.270616
7.117846,4.789771,-3.551177,-7.816749
7.151121,4.711658,-3.43266,-8.579629
7.184446,3.667,-3.729252,-8.81367
7.22475,3.020244,-4.162767,-9.810442
7.25118,3.324019,-4.410427,-10.710245
7.284477,-1.639937,-1.862606,-2.210526
7.317889,-0.135726,-2.795779,-9.201844
7.351289,1.401556,-2.031852,-9.156353
7.384512,2.093505,-3.069326,-8.534437
7.417778,0.444739,-3.303218,-8.591301
7.451719,-0.568494,-3.272991,-8.299347
7.484514,-0.140066,-3.413954,-8.676597
7.517816,1.404848,-3.630488,-9.775276
7.551309,0.287015,-3.302021,-8.821152
7.584566,0.305421,-3.670891,-8.733462
7.61788,0.854012,-3.286309,-9.029156
7.651202,0.866133,-3.601307,-8.917373
7.685016,0.753752,-3.427422,-9.038434
7.717843,0.773504,-3.391059,-8.788381
7.75111,0.859399,-3.496407,-8.598035
7.784974,0.984651,-3.557911,-8.366537
7.817814,1.008444,-3.768907,-8.560624
7.851214,0.964,-3.936208,-8.900014
7.884447,1.307131,-3.93127,-8.73017
7.917314,1.176493,-3.401534,-8.586961
7.951608,1.430886,-3.531125,-8.385542
7.984598,2.182393,-4.194641,-8.597137
8.017932,1.338556,-4.036319,-8.252659
8.051109,1.371627,-4.355358,-8.601776
8.085433,1.742143,-4.829876,-8.295008
8.11799,1.870986,-4.092435,-7.627151
8.151111,2.014942,-4.76538,-7.99243
8.184516,2.589422,-5.241992,-8.341996
8.218015,2.241352,-2.328744,-5.484115
8.251108,2.349394,-4.337401,-7.14156
8.284445,5.520777,-5.634955,-8.426993
8.323043,5.327588,-4.776603,-8.745583
8.351116,4.346379,-5.025459,-7.770659
8.384559,4.114882,-4.368078,-6.303559
8.417866,4.486296,-3.55836,-5.38535
8.451187,3.112723,-2.591068,-1.887147
8.484444,5.053442,-2.533754,-4.703577
8.517788,5.566418,-2.526422,-5.991404
8.553829,4.113535,-5.602782,-5.928105
8.584449,4.881054,-4.133437,-5.468851
8.617783,6.823569,-4.294603,-6.2446
8.651321,6.024924,-4.590597,-5.717558
8.684443,6.256272,-4.586556,-5.275363
8.717781,6.795436,-4.380498,-5.494141
8.751279,6.395141,-4.369724,-5.899972
8.784759,6.218562,-4.221278,-5.681943
8.817875,6.4122,-4.660929,-5.818866
8.85143,6.420431,-4.522509,-5.934241
8.884711,6.213923,-4.359698,-5.663986
8.917775,6.392148,-4.405488,-5.636451
8.951037,6.500939,-4.500811,-5.873785
8.984556,6.046772,-4.470882,-5.904312
9.017788,6.408758,-4.641326,-6.113513
9.051202,6.203598,-4.815061,-6.464126
9.084448,5.844006,-4.584162,-5.999934
9.117884,6.302362,-4.497369,-6.610477
9.153134,6.11875,-4.582366,-6.898241
9.184453,5.786693,-4.042455,-6.459936
9.217062,6.566183,-4.3166,-7.863886
9.251156,5.614154,-3.983346,-7.255289
9.284447,4.644917,-4.688912,-7.639272
9.317902,4.824788,-4.391572,-7.882143
9.351175,4.863695,-4.495424,-7.935117
9.389785,4.212,-4.238337,-8.232158
9.41788,3.591281,-4.365234,-8.139678
9.451633,3.061096,-4.435118,-8.07189
9.484565,3.455705,-5.504317,-10.463184
9.517822,1.554341,-4.784534,-4.283529
9.550301,-2.297468,-2.467762,-4.901555
9.584522,-0.17164,-3.827867,-8.042859
9.617727,1.945658,-3.730449,-9.501729
9.651116,2.194663,-3.927978,-9.344005
9.684451,0.069584,-3.724014,-8.282139
9.720052,-0.195733,-4.028687,-8.263433
9.751667,1.079674,-3.835199,-8.921862
9.7845,1.229018,-3.7719,-9.038584
9.817852,0.654089,-4.068792,-8.875622
9.851121,0.55323,-4.147504,-8.589505
9.884769,0.648852,-4.045747,-8.70907
9.917786,1.053786,-3.857197,-8.408587
9.952017,1.008145,-4.106502,-8.720143
9.984516,0.78772,-4.147354,-8.532641
10.017794,0.911176,-4.290712,-8.384943
10.05122,1.10631,-4.328422,-8.892083
10.084533,0.995425,-4.306425,-8.393922
10.117782,1.204326,-4.476569,-8.49523
10.151127,1.389584,-4.313308,-8.587111
10.18572,1.327034,-4.195689,-8.223179
10.216928,1.350079,-4.523257,-7.852214
10.251115,1.181581,-4.34623,-7.909677
10.28488,1.710569,-4.978621,-8.565413
10.317779,1.704433,-4.501409,-7.986145
10.351134,1.728226,-4.518319,-7.940953
10.384416,1.840908,-4.667663,-8.219139
10.417788,2.775577,-5.449697,-9.328592
10.451111,2.173863,-4.140471,-6.73513
10.48476,1.645623,-3.93965,-6.023428
10.51778,1.947753,-3.935011,-5.483067
10.554271,4.90769,-5.137093,-7.739832
10.584597,5.861215,-5.127216,-8.612251
10.618091,4.843344,-4.347427,-7.893516
10.651229,4.686219,-4.868334,-6.567979
10.684444,3.899246,-3.089528,-2.608426
10.71717,4.11578,-2.376929,-2.144084
10.751114,20.874144,-13.418932,-3.754691
10.784475,7.614432,-3.875154,-4.556927
10.817784,5.521226,-4.004146,-4.740988
10.851233,7.97118,-3.832057,-5.713368
10.88456,6.653425,-4.487493,-5.812731
10.918507,6.538798,-4.404291,-5.301999
10.95111,7.091579,-3.952968,-5.152656
10.984716,6.958996,-4.148851,-5.505065
11.017901,6.728695,-3.973619,-5.429794
11.051108,6.847063,-4.416113,-5.684187
11.08445,6.50872,-4.358201,-5.625228
11.119711,6.447067,-4.317199,-5.725489
11.151116,6.639807,-4.346379,-5.749881
11.184448,6.52533,-4.217986,-5.638247
11.21998,6.576359,-4.317199,-5.707532
11.251124,6.593568,-4.453075,-5.870044
11.284578,6.389455,-4.247615,-5.846849
11.317775,6.451407,-4.365833,-5.961326
11.351232,6.444822,-4.527148,-6.124138
11.384496,6.17322,-4.305527,-6.415343
11.417795,6.48792,-4.061459,-6.949867
11.45124,6.735878,-4.147803,-6.184743
11.484758,6.857388,-3.924686,-7.289707
11.517853,7.528237,-4.070288,-8.487
11.551116,5.550107,-4.524604,-7.034266
11.585444,5.804949,-4.496621,-7.94215
11.617779,5.392533,-4.157081,-8.30264
11.651115,4.618281,-4.267518,-8.057076
11.688805,3.280772,-3.995167,-7.455212
11.717784,3.305613,-4.243874,-8.659987
11.751195,1.448394,-3.671939,-3.688699
11.784469,-2.009256,-2.407456,-4.833766
11.817868,-1.280195,-3.972571,-6.538349
11.851183,1.331523,-3.446576,-8.607013
11.884556,1.654003,-4.28727,-8.795863
11.917845,-0.253645,-3.990678,-7.966542
11.951107,-0.224614,-4.25405,-7.937511
11.984534,0.981059,-4.347726,-8.670013
12.017776,1.979028,-4.044101,-9.035591
12.050611,1.54656,-4.092884,-8.774015
12.084445,1.000513,-4.56426,-8.533688
12.117965,1.014579,-4.473277,-8.478171
12.1512,1.551049,-4.339795,-8.56661
12.184485,1.66807,-4.276346,-8.605517
12.217815,1.560477,-4.528944,-8.118728
12.251114,1.330625,-4.542262,-8.494482
12.284092,1.485057,-4.590746,-8.136686
12.317881,1.715806,-4.637136,-8.246374
12.351275,1.6136,-4.390973,-8.331072
12.384663,1.649065,-4.595685,-7.326668
12.417854,1.841656,-4.338897,-7.408224
12.451107,1.787335,-4.282781,-7.883939
12.484443,2.603937,-3.841933,-6.338726
12.518209,2.944075,-5.466457,-7.648251
12.551176,2.845012,-2.187481,-4.563811
12.584586,4.093034,-6.339175,-7.814654
12.617813,6.695774,-4.596882,-8.292913
12.651154,6.175016,-5.445357,-7.427528
12.686194,5.898925,-5.666679,-6.949269
12.717778,4.803539,-3.90613,-3.722817
12.751068,5.542625,-3.413505,-2.713027
12.788329,19.636147,-14.549335,-7.939157
12.817781,5.551005,-4.657038,-6.57172
12.851335,4.796206,-5.2809,-5.614304
12.884443,7.369466,-4.159475,-5.308284
12.91778,7.278184,-4.229957,-5.540231
12.951135,6.749944,-4.260484,-5.329683
12.984684,6.762065,-4.351617,-4.528794
13.018032,6.989672,-3.944887,-4.747123
13.051116,6.817284,-4.148851,-5.330431
13.084538,6.742762,-4.309867,-5.256358
13.117822,6.796633,-4.634292,-5.365298
13.151108,6.796633,-4.563511,-5.471694
13.184452,6.77269,-4.521162,-5.374277
13.217933,6.826113,-4.583264,-5.328935
13.251201,6.775833,-4.588951,-5.500875
13.28468,6.690835,-4.631898,-5.52811
13.317878,6.792293,-4.713154,-5.618195
13.351167,6.363417,-4.79037,-6.262557
13.384485,6.277821,-4.648209,-6.188634
13.41781,6.476696,-4.552438,-6.620952
13.451197,6.689638,-4.166509,-6.798878
13.484676,6.903029,-4.141817,-7.99228
13.517889,6.838533,-4.020307,-7.340585
13.551122,5.335669,-5.158791,-7.914017
13.584604,4.936122,-4.463101,-8.178885
13.617989,5.141732,-4.146905,-7.729806
13.651109,4.577278,-3.99846,-7.434711
13.684442,3.473362,-4.108896,-8.485803
13.718546,1.032686,-4.17444,-2.258411
13.751248,-1.267326,-2.056693,-2.457885
13.789264,-0.195284,-4.146905,-8.799454
13.817793,1.747231,-3.147141,-9.565925
13.850912,2.457736,-4.330068,-9.028109
13.884879,0.935418,-3.656675,-8.826689
13.917775,-0.697935,-3.555067,-8.084161
13.951475,0.056565,-3.655478,-8.310421
13.984655,1.132498,-3.526336,-9.020926
14.017995,1.117833,-3.591131,-9.242846
14.05113,0.566548,-4.00669,-8.716702
14.084103,0.656035,-3.923788,-8.712661
14.11847,0.939758,-3.712492,-9.040978
14.151111,0.785326,-3.456752,-8.852877
14.184592,0.27235,-3.9398,-8.89747
14.217776,0.572235,-4.070288,-8.691113
14.252058,0.369768,-3.996215,-8.568854
14.28454,0.329963,-4.084055,-7.837699
14.317785,0.438005,-3.472914,-8.219288
14.351206,0.504746,-3.353648,-8.517228
14.384601,1.307281,-4.000854,-9.134654
14.417781,0.811065,-3.827118,-8.268222
14.451222,1.334815,-3.957008,-8.102268
14.484625,1.512441,-4.046944,-8.146263
14.517776,1.587113,-4.605711,-8.53279
14.551117,1.882957,-4.163665,-8.36938
14.584972,2.256616,-4.502158,-8.98157
14.617799,2.613813,-4.876415,-8.40305
14.651194,1.668818,-4.192098,-6.607634
14.684442,0.417205,-2.015541,-4.482704
14.717522,1.813074,-3.510175,-6.417887
14.752631,6.67198,-4.604663,-8.806637
14.784442,6.828806,-5.702444,-9.127322
14.817946,3.770853,-3.996365,-5.928554
14.851109,4.131791,-3.506284,-4.836909
14.89007,6.00562,-3.179613,-3.19368
14.917836,9.549165,-7.377996,-5.85089
14.950836,5.723693,-4.347128,-6.156161
14.984507,5.074093,-4.563511,-5.593953
15.017921,7.14141,-4.485996,-6.349799
15.051182,6.583242,-4.387681,-5.743745
15.084525,6.693529,-4.364636,-5.428448
15.117773,6.93206,-4.251655,-5.475136
15.151117,6.593268,-4.399503,-5.755567
15.184699,6.725702,-4.284726,-5.774572
15.21778,6.417887,-4.264824,-5.777415
15.251112,6.675721,-4.400849,-5.823505
15.284557,6.197014,-4.277095,-5.768137
15.317964,6.347255,-4.17414,-5.853733
15.351207,6.736626,-3.935011,-5.878723
15.384441,6.876692,-3.758133,-6.358628
15.417777,6.334685,-4.083606,-6.278569
15.451238,6.417737,-4.442001,-6.204646
15.484442,6.846015,-3.8557,-7.596026
15.517889,6.412948,-3.655328,-7.50624
15.55115,5.346443,-4.168454,-6.223052
15.584525,5.462716,-3.750052,-6.560796
15.617792,5.827695,-3.945785,-7.968487
15.653082,5.454934,-3.886227,-8.347533
15.684447,5.315916,-4.149,-8.165417
15.717777,5.212363,-4.242527,-8.502563
15.751051,3.950574,-4.158129,-8.379257
15.784445,3.842232,-4.255247,-9.06088
15.817546,3.866474,-4.675444,-10.150431
15.851115,-0.363483,-2.871947,-2.188827
15.884484,-1.318055,-3.261767,-8.116633
15.918038,0.704369,-2.233421,-8.644424
15.951165,1.490444,-3.227349,-9.29567
15.984546,0.474218,-3.55417,-8.794965
16.017787,-1.385993,-3.299926,-8.345886
16.055546,-0.464941,-3.078006,-8.268222
16.084618,-0.024541,-3.328658,-8.990997
16.117847,0.124054,-3.1431,-9.237459
16.151108,-0.036812,-3.80946,-8.940119
16.184456,-0.228505,-3.889669,-9.19945
16.220484,-0.152636,-4.014471,-8.607462
16.25112,0.194237,-3.332997,-8.843599
16.284438,-0.109539,-2.903073,-8.695901
16.318742,0.022297,-3.10539,-8.548802
16.351112,0.470328,-3.673285,-9.017334
16.384508,0.711552,-3.933514,-9.054745
16.41782,0.801637,-3.883534,-9.053398
16.451264,0.470627,-3.744216,-8.765485
16.484449,0.644063,-3.974517,-8.972591
16.517883,0.840694,-3.643955,-8.594593
16.551949,0.937812,-3.561352,-8.452731
16.584444,1.174099,-3.657274,-8.55808
16.617779,1.733314,-3.94369,-7.938708
16.65207,1.647569,-4.088096,-8.630358
16.684811,0.711702,-3.781028,-8.100173
16.717825,2.27173,-3.954614,-7.641068
16.751105,2.927764,-4.147654,-8.565413
16.783848,2.465667,-4.759394,-8.120674
16.818339,1.472936,-1.778357,-5.946511
16.851108,4.187908,-5.02097,-7.446682
16.8845,6.052159,-4.134485,-8.283934
16.917385,5.498331,-3.061096,-7.36348
16.951115,5.428448,-5.158192,-6.006219
16.984863,4.784833,-2.81643,-3.141604
17.01781,5.816322,-2.736969,-3.349159
17.051146,11.237138,-9.836929,-10.056305
17.084491,5.602632,-3.738829,-5.451493
17.123159,6.899438,-4.582067,-5.416177
17.151444,8.304136,-4.275449,-5.354524
17.184624,6.661505,-4.828679,-5.384901
17.217781,6.804265,-4.633095,-4.908738
17.251159,7.203363,-3.936807,-4.942108
17.284485,7.030824,-4.094979,-5.061523
17.317778,6.852599,-4.374961,-5.282097
17.351114,6.856041,-4.286223,-5.164777
17.383889,6.864272,-4.372567,-5.443412
17.418042,6.682007,-4.516523,-5.584375
17.451167,6.992665,-4.276346,-5.491298
17.484544,6.893003,-4.220081,-5.656054
17.517783,6.852749,-4.184316,-5.570459
17.55143,6.883426,-4.078668,-5.866752
17.584443,6.910062,-4.14062,-6.622748
17.617852,7.026784,-4.014322,-6.409058
17.651317,7.379642,-4.062207,-6.83135
17.684459,6.046323,-3.92289,-6.49211
17.717784,5.492944,-4.101713,-6.829405
17.751291,5.824103,-4.008635,-7.127344
17.78451,6.407412,-3.923937,-7.907582
17.817999,5.795971,-4.386783,-8.647417
17.85111,4.976675,-4.395013,-8.598933
17.883641,4.904697,-4.233549,-8.836117
17.918266,5.5112,-5.083371,-9.397577
17.951228,-1.866796,-2.054149,-2.694621
17.985098,-2.155457,-2.489759,-5.573003
18.017501,0.839497,-2.354931,-8.013829
18.051112,2.339967,-2.866111,-10.106735
18.084435,0.108491,-3.621359,-8.297552
18.117831,-0.877806,-3.361878,-8.041812
18.151239,-0.411668,-3.158663,-8.337357
18.184459,1.185022,-3.491619,-9.208279
18.217773,0.919556,-3.377591,-9.621293
18.256018,0.551584,-3.846123,-9.086469
18.284546,0.63718,-3.786565,-9.106522
18.318318,0.578969,-3.597716,-9.162787
18.351371,0.572384,-3.551177,-8.958076
18.384576,0.606802,-3.336439,-8.789578
18.417902,0.385031,-3.200414,-8.945356
18.45111,0.228505,-3.533369,-8.752167
18.484132,0.353606,-3.360232,-8.526057
18.517779,0.603061,-3.313244,-8.57065
18.551183,0.755398,-3.44493,-8.620182
18.584925,0.799093,-3.527683,-8.71311
18.617841,1.089101,-3.40722,-8.509297
18.651252,1.448244,-3.547286,-8.568555
18.684446,1.98217,-4.008785,-8.134142
18.717028,2.239407,-4.133886,-7.968487
18.751118,1.461413,-4.071635,-8.232607
18.784549,1.762794,-3.643207,-8.25236
18.817152,4.148252,-4.54331,-7.704966
18.851162,2.763606,-2.261554,-6.343514
18.885709,3.0174,-4.415514,-8.067401
18.917779,4.596582,-4.830474,-7.925988
18.951435,5.213411,-4.098571,-7.944993
18.984775,4.175637,-4.432125,-6.410405
19.017806,4.646713,-4.061609,-6.145836
19.051489,5.792978,-3.473213,-4.189703
19.084584,5.190964,-3.374598,-2.533156
19.118796,9.315423,-1.862755,-29.922903
19.158926,6.946575,-4.726772,-5.150561
19.184488,4.253301,-4.74862,-5.17585
19.217747,6.109323,-4.359249,-5.061224
19.251237,8.144766,-4.126853,-5.502222
19.284441,6.765058,-4.222325,-4.76104
19.321436,7.36782,-4.104556,-4.765978
19.35112,7.159667,-3.983196,-4.816857
19.384676,6.98638,-4.254199,-4.913377
19.416903,7.032021,-4.374213,-5.082772
19.45118,7.108938,-4.160672,-4.718841
19.484487,7.323227,-4.370622,-4.963208
19.517775,7.249453,-4.226665,-4.706271
19.551111,7.061351,-4.628007,-5.091452
19.584554,7.146349,-4.597031,-5.028602
19.617789,7.193037,-4.791567,-5.500426
19.651222,6.565135,-4.751164,-5.660993
19.684385,6.493307,-4.682328,-5.421265
19.717779,7.334749,-4.154687,-5.073345
19.752255,6.937597,-4.103359,-5.749731
19.784443,6.840329,-3.946384,-5.887402
19.818581,6.600601,-3.934712,-5.932595
19.851413,6.518147,-3.851959,-6.503333
19.884519,6.24041,-4.014172,-6.160202
19.916948,6.014749,-3.981251,-6.385863
19.951263,5.651416,-4.399652,-7.077363
19.984447,6.280066,-4.094979,-7.986444
20.017835,5.938281,-4.926994,-9.415833
20.051454,5.623582,-4.596433,-8.871881
20.084504,6.144639,-4.419704,-8.451684
20.117775,5.208323,-4.265722,-8.526505
20.151203,3.798237,-4.674546,-9.920729
20.184492,0.964,-4.208858,-2.96323
20.217778,-1.702488,-1.895228,-3.67134
20.25111,-0.576125,-2.214267,-7.601712
20.285623,-0.600218,-1.619436,-7.949333
20.317855,1.251314,-2.737418,-8.207616
20.351652,1.179785,-3.742271,-9.338318
20.384536,0.234341,-4.313009,-9.393088
20.422821,0.379345,-3.778634,-9.39204
20.451162,0.981957,-3.613728,-9.456087
20.484442,0.979862,-2.862819,-9.538092
20.517272,0.281927,-2.97999,-9.099189
20.55111,0.290607,-3.452113,-8.857815
20.584566,0.344328,-3.255482,-9.036489
20.617965,0.444589,-3.233036,-8.516928
20.651291,0.169246,-3.122599,-8.388086
20.684441,0.011971,-3.048077,-7.899352
20.717926,0.661123,-2.712578,-8.125762
20.75155,1.318953,-3.763071,-9.634312
20.784445,0.994377,-3.516909,-9.79039
20.81778,1.47099,-4.067744,-8.914829
20.851685,1.656248,-3.576017,-8.975734
20.884571,2.107571,-4.363439,-9.008206
20.917932,2.163687,-4.953182,-9.062227
20.951286,0.634785,-2.784706,-7.173135
20.983757,1.963315,-4.118324,-6.475649
21.017799,1.124118,-2.998845,-6.832098
21.051136,1.044059,-1.555987,-5.31442
21.084829,5.457927,-3.853007,-8.442256
21.117777,6.855443,-3.76756,-7.21713
21.151113,4.359249,-3.640813,-7.141859
21.184582,4.985654,-3.130979,-3.636473
21.217886,11.030481,-2.288789,-28.177917
21.251821,13.619005,-7.864036,-4.448586
21.284438,4.788574,-4.387382,-7.37605
21.317789,6.304008,-3.249946,-5.485611
21.351157,7.855656,-3.083243,-5.932146
21.384509,6.939392,-3.220616,-6.137456
21.417903,6.720165,-3.582153,-5.231966
21.451129,7.001195,-3.774145,-5.641988
21.484335,7.208899,-3.671939,-5.864956
21.52261,6.976504,-3.724164,-4.816707
21.55123,7.420195,-3.794646,-4.327674
21.584488,7.388471,-4.084504,-5.405103
21.61755,7.536019,-4.676791,-5.12976
21.651191,7.148294,-4.77361,-5.750479
21.684452,6.807108,-4.514129,-5.61176
21.71777,7.42229,-4.149599,-4.994034
21.751119,7.437105,-4.049338,-4.821645
21.784553,7.380091,-3.991726,-4.943155
21.817808,6.886868,-4.181024,-5.275363
21.851165,6.966478,-4.158129,-5.666529
21.884516,6.849158,-4.125656,-5.58677
21.917814,7.118066,-3.73419,-5.635703
21.951171,7.129888,-3.663259,-5.898775
21.984458,7.080655,-3.639316,-5.673263
22.017847,6.003974,-2.852494,-6.410405
22.051109,7.17104,-4.098421,-6.645943
22.083993,6.31179,-3.781328,-6.94463
22.119366,5.911196,-3.495959,-6.378381
22.151112,5.513894,-3.818888,-6.515604
22.184497,6.085829,-3.434904,-7.771706
22.218066,5.948906,-3.509127,-7.999463
22.251348,5.703491,-3.873358,-7.788616
22.283531,5.738358,-3.159412,-8.384045
22.317509,5.139337,-4.152442,-8.238443
22.351617,4.052481,-4.425391,-8.237545
22.384458,3.866923,-4.102611,-9.340114
22.418112,0.513126,-1.725682,-2.867458
22.45111,0.596776,-3.722668,-7.033368
22.484611,1.786886,-3.092222,-8.39048
22.517899,2.141839,-3.496407,-9.797573
22.55113,2.322758,-4.686967,-8.806338
22.584614,1.925605,-4.417161,-8.630208
22.625851,1.046303,-3.094766,-8.317305
22.650163,0.779191,-3.0804,-8.284084
22.6845,0.860746,-2.550664,-8.716702
22.718273,1.422057,-2.71153,-8.607612
22.751135,1.025503,-3.802427,-8.532192
22.784468,0.543802,-3.615523,-9.191968
22.818601,0.48619,-3.593526,-9.225637
22.851115,0.817799,-3.522595,-9.010002
22.884446,1.138783,-3.362028,-9.026762
22.917978,0.935568,-3.536661,-9.001771
22.950971,0.854761,-3.511821,-8.940717
22.984543,1.18188,-3.576766,-8.873677
23.017905,1.163923,-3.099704,-8.147161
23.051175,0.667258,-3.682713,-8.670462
23.084443,0.587797,-3.666402,-8.844646
23.11794,0.554726,-3.811406,-8.848387
