Time,aclx,acly,aclz,gx,gy,gz,mr,mtheta,mphi40291.400000,-0.342284,-0.555621,1.574838,-0.052500,-0.002500,-0.070000,1.000000,2.212216,-2.717368
40291.500000,-0.339877,-0.561841,1.572407,-0.044000,-0.008000,-0.056000,1.000000,2.214867,-2.712720
40291.600000,-0.331556,-0.565717,1.576841,-0.025000,-0.006667,-0.063333,1.000000,2.215763,-2.711407
40291.700000,-0.338234,-0.562583,1.575194,0.002857,-0.021429,-0.087143,1.000000,2.215587,-2.711901
40291.800000,-0.333769,-0.562618,1.573535,0.001250,-0.030000,-0.085000,1.000000,2.209537,-2.709159
40291.900000,-0.328019,-0.567990,1.570434,0.017500,-0.031250,-0.075000,1.000000,2.205718,-2.704949
40292.000000,-0.332646,-0.571877,1.573600,-0.001250,-0.016250,-0.083750,1.000000,2.203103,-2.702666
40292.100000,-0.322651,-0.575960,1.577721,-0.013750,-0.022500,-0.068750,1.000000,2.204664,-2.698756
40292.200000,-0.315065,-0.577900,1.572257,-0.005000,-0.022500,-0.062500,1.000000,2.205084,-2.694182
40292.300000,-0.308887,-0.578493,1.573262,-0.010000,-0.025000,-0.055000,1.000000,2.200306,-2.693324
40292.400000,-0.308870,-0.575774,1.571298,-0.020000,-0.028750,-0.038750,1.000000,2.194358,-2.693000
40292.500000,-0.295505,-0.583963,1.574779,-0.047500,-0.030000,0.006250,1.000000,2.192361,-2.688939
40292.600000,-0.284050,-0.588546,1.582731,-0.045000,-0.015000,0.030000,1.000000,2.191601,-2.689142
40292.700000,-0.282630,-0.592852,1.584388,-0.033750,-0.006250,0.060000,1.000000,2.196125,-2.690018
40292.800000,-0.278547,-0.596415,1.578576,-0.045000,-0.102500,0.126250,1.000000,2.200934,-2.691718
40292.900000,-0.261170,-0.604630,1.577512,-0.086250,-0.093750,0.216250,1.000000,2.195250,-2.694536
40293.000000,-0.253593,-0.621406,1.582571,-0.135000,-0.017500,0.295000,1.000000,2.206389,-2.694796
40293.100000,-0.263346,-0.634320,1.592226,-0.176250,-0.032500,0.332500,1.000000,2.223385,-2.700593
40293.200000,-0.273103,-0.671541,1.585139,-0.223750,-0.188750,0.355000,1.000000,2.247071,-2.701373
40293.300000,-0.238618,-0.706321,1.571954,-0.270000,-0.268750,0.351250,1.000000,2.266142,-2.698086
40293.400000,-0.221687,-0.753763,1.530794,-0.306250,-0.212500,0.300000,1.000000,2.301579,-2.692777
40293.500000,-0.214383,-0.795910,1.500873,-0.351250,-0.218750,0.202500,1.000000,2.333815,-2.687950
40293.600000,-0.202924,-0.835076,1.475583,-0.310000,-0.201250,0.031250,1.000000,2.366935,-2.681055
40293.700000,-0.197595,-0.869882,1.439886,-0.195000,-0.267500,-0.143750,1.000000,2.406819,-2.671354
40293.800000,-0.172056,-0.883112,1.411006,-0.092500,-0.321250,-0.272500,1.000000,2.413919,-2.661000
40293.900000,-0.129029,-0.894933,1.377262,0.033750,-0.313750,-0.340000,1.000000,2.413811,-2.645052
40294.000000,-0.069574,-0.867535,1.353970,0.176250,-0.187500,-0.367500,1.000000,2.396566,-2.631653
40294.100000,-0.062429,-0.830249,1.340192,0.256250,-0.041250,-0.367500,1.000000,2.373249,-2.630378
40294.200000,-0.041594,-0.781295,1.362064,0.311250,-0.126250,-0.308750,1.000000,2.336811,-2.632748
40294.300000,0.004989,-0.735952,1.380150,0.365000,-0.155000,-0.218750,1.000000,2.294346,-2.631796
40294.400000,0.046276,-0.694269,1.400346,0.345000,-0.072500,-0.103750,1.000000,2.245561,-2.633288
40294.500000,0.079584,-0.658075,1.428470,0.275000,-0.022500,-0.015000,1.000000,2.201917,-2.637463
40294.600000,0.103150,-0.626567,1.452146,0.231250,-0.061250,0.032500,1.000000,2.167932,-2.646425
40294.700000,0.120846,-0.595621,1.467266,0.153750,-0.052500,0.056250,1.000000,2.140587,-2.655609
40294.800000,0.127674,-0.585909,1.488848,0.051250,-0.020000,0.058750,1.000000,2.125725,-2.663599
40294.900000,0.142082,-0.585690,1.506405,0.027500,-0.085000,0.037500,1.000000,2.117749,-2.663683
40295.000000,0.140725,-0.590901,1.510470,0.012500,-0.035000,0.008750,1.000000,2.112346,-2.664327
40295.100000,0.144467,-0.588066,1.512996,0.016250,-0.002500,-0.005000,1.000000,2.108471,-2.666250
40295.200000,0.136303,-0.580939,1.514011,0.046250,0.023750,-0.006250,1.000000,2.110345,-2.668027
40295.300000,0.118007,-0.564202,1.503731,0.090000,0.065000,0.002500,1.000000,2.109107,-2.672540
40295.400000,0.095773,-0.559546,1.500367,0.093750,0.132500,0.018750,1.000000,2.116341,-2.676206
40295.500000,0.062187,-0.556550,1.505953,0.105000,0.192500,0.017500,1.000000,2.122433,-2.682894
40295.600000,0.032402,-0.531222,1.497682,0.191250,0.126250,0.026250,1.000000,2.127972,-2.692053
40295.700000,0.010714,-0.493942,1.487029,0.252500,0.105000,0.015000,1.000000,2.132486,-2.703370
40295.800000,0.004086,-0.450041,1.481683,0.287500,0.176250,-0.031250,1.000000,2.131105,-2.711358
40295.900000,-0.057890,-0.407715,1.485728,0.280000,0.367500,-0.121250,1.000000,2.132797,-2.730661
40296.000000,-0.125459,-0.365068,1.483605,0.251250,0.371250,-0.213750,1.000000,2.141757,-2.746899
40296.100000,-0.192454,-0.323790,1.498517,0.175000,0.390000,-0.280000,1.000000,2.144304,-2.763339
40296.200000,-0.259927,-0.288500,1.506659,0.107500,0.410000,-0.322500,1.000000,2.148369,-2.776708
40296.300000,-0.320479,-0.261540,1.518375,0.022500,0.342500,-0.336250,1.000000,2.153971,-2.788973
40296.400000,-0.360779,-0.267433,1.553658,-0.116250,0.370000,-0.328750,1.000000,2.158084,-2.792846
40296.500000,-0.421367,-0.283378,1.576023,-0.200000,0.428750,-0.345000,1.000000,2.161197,-2.797623
40296.600000,-0.482378,-0.305260,1.594529,-0.276250,0.335000,-0.278750,1.000000,2.172546,-2.799029
40296.700000,-0.494070,-0.339944,1.627096,-0.330000,0.122500,-0.201250,1.000000,2.178219,-2.791589
40296.800000,-0.484855,-0.379390,1.653635,-0.332500,0.097500,-0.117500,1.000000,2.174927,-2.782027
40296.900000,-0.484440,-0.418667,1.656466,-0.281250,0.076250,-0.078750,1.000000,2.173672,-2.772053
40297.000000,-0.483523,-0.452365,1.655491,-0.227500,-0.001250,-0.033750,1.000000,2.174458,-2.765513
40297.100000,-0.464871,-0.484441,1.650287,-0.180000,0.020000,0.011250,1.000000,2.176665,-2.755316
40297.200000,-0.480108,-0.505873,1.633971,-0.142500,0.090000,0.018750,1.000000,2.184346,-2.752416
40297.300000,-0.490344,-0.531060,1.636711,-0.171250,0.092500,0.096250,1.000000,2.197794,-2.748639
40297.400000,-0.514290,-0.562372,1.631577,-0.230000,0.141250,0.153750,1.000000,2.217878,-2.750024
40297.500000,-0.544857,-0.588288,1.584766,-0.261250,0.102500,0.166250,1.000000,2.254702,-2.747585
40297.600000,-0.573204,-0.622021,1.545702,-0.323750,-0.011250,0.132500,1.000000,2.297208,-2.747417
40297.700000,-0.579672,-0.670323,1.520378,-0.367500,-0.073750,0.090000,1.000000,2.345943,-2.742111
40297.800000,-0.575459,-0.718851,1.503433,-0.357500,-0.087500,0.022500,1.000000,2.383289,-2.732459
40297.900000,-0.577458,-0.764093,1.474934,-0.278750,-0.160000,-0.056250,1.000000,2.423899,-2.722903
40298.000000,-0.566128,-0.799217,1.446051,-0.200000,-0.203750,-0.111250,1.000000,2.449283,-2.711953
40298.100000,-0.535516,-0.829367,1.404915,-0.110000,-0.306250,-0.171250,1.000000,2.472235,-2.697266
40298.200000,-0.485505,-0.848719,1.373306,0.033750,-0.401250,-0.232500,1.000000,2.481301,-2.681264
40298.300000,-0.421751,-0.846709,1.368285,0.172500,-0.397500,-0.227500,1.000000,2.465340,-2.667351
40298.400000,-0.355316,-0.830652,1.368367,0.266250,-0.326250,-0.191250,1.000000,2.438002,-2.654215
40298.500000,-0.305180,-0.809068,1.372136,0.288750,-0.288750,-0.103750,1.000000,2.403508,-2.647370
40298.600000,-0.245564,-0.785549,1.374270,0.267500,-0.293750,-0.047500,1.000000,2.375745,-2.642777
40298.700000,-0.183141,-0.767790,1.389197,0.220000,-0.217500,0.003750,1.000000,2.338029,-2.635165
40298.800000,-0.127228,-0.748227,1.402778,0.178750,-0.196250,0.036250,1.000000,2.311220,-2.631396
40298.900000,-0.095898,-0.723301,1.429029,0.133750,-0.112500,0.052500,1.000000,2.282637,-2.636408
40299.000000,-0.068731,-0.701771,1.454012,0.093750,-0.076250,0.047500,1.000000,2.255488,-2.637650
40299.100000,-0.055518,-0.696839,1.466938,0.021250,-0.032500,0.036250,1.000000,2.243330,-2.640706
40299.200000,-0.046496,-0.710658,1.492237,-0.012500,0.005000,0.027500,1.000000,2.234484,-2.641907
40299.300000,-0.037014,-0.717132,1.505942,0.006250,0.043750,-0.006250,1.000000,2.227730,-2.642120
40299.400000,-0.028522,-0.714229,1.502391,0.031250,0.047500,-0.015000,1.000000,2.222881,-2.642305
40299.500000,-0.031669,-0.699769,1.501897,0.016250,0.047500,-0.025000,1.000000,2.218055,-2.647671
40299.600000,-0.052788,-0.693771,1.504401,0.005000,0.072500,-0.037500,1.000000,2.218714,-2.652209
40299.700000,-0.074469,-0.683115,1.489299,0.072500,0.105000,-0.021250,1.000000,2.221341,-2.652444
40299.800000,-0.103751,-0.664781,1.472487,0.131250,0.118750,-0.010000,1.000000,2.230445,-2.658073
40299.900000,-0.139161,-0.640699,1.475290,0.158750,0.207500,0.005000,1.000000,2.229555,-2.665037
40300.000000,-0.183130,-0.600376,1.457092,0.185000,0.196250,0.057500,1.000000,2.235591,-2.676954
40300.100000,-0.199331,-0.560180,1.449484,0.190000,0.093750,0.081250,1.000000,2.239457,-2.686659
40300.200000,-0.238856,-0.535090,1.438790,0.228750,0.243750,0.065000,1.000000,2.244308,-2.696518
40300.300000,-0.322447,-0.495197,1.431541,0.280000,0.431250,0.012500,1.000000,2.254678,-2.712050
40300.400000,-0.398027,-0.454494,1.435364,0.305000,0.358750,-0.005000,1.000000,2.263238,-2.729416
40300.500000,-0.437641,-0.416208,1.464307,0.231250,0.267500,-0.046250,1.000000,2.259397,-2.748335
40300.600000,-0.460614,-0.395493,1.496031,0.112500,0.338750,-0.078750,1.000000,2.247699,-2.761635
40300.700000,-0.500580,-0.382426,1.514695,0.046250,0.281250,-0.128750,1.000000,2.243378,-2.774991
40300.800000,-0.528377,-0.380223,1.549782,-0.026250,0.252500,-0.185000,1.000000,2.235145,-2.780816
40300.900000,-0.572914,-0.393455,1.567569,-0.060000,0.352500,-0.211250,1.000000,2.233759,-2.783373
40301.000000,-0.616906,-0.399807,1.598652,-0.143750,0.252500,-0.178750,1.000000,2.232421,-2.788818
40301.100000,-0.599881,-0.429404,1.620704,-0.202500,0.011250,-0.102500,1.000000,2.229317,-2.785063
40301.200000,-0.579695,-0.459153,1.620000,-0.225000,0.073750,-0.075000,1.000000,2.223450,-2.778499
40301.300000,-0.586784,-0.500322,1.611165,-0.233750,0.111250,-0.032500,1.000000,2.228920,-2.771045
40301.400000,-0.600227,-0.526389,1.606963,-0.182500,0.046250,-0.020000,1.000000,2.238129,-2.765454
40301.500000,-0.594773,-0.554665,1.589395,-0.128750,0.018750,0.023750,1.000000,2.247490,-2.756927
40301.600000,-0.594112,-0.577666,1.565450,-0.080000,0.033750,0.035000,1.000000,2.256185,-2.751657
40301.700000,-0.593096,-0.586986,1.563848,-0.067500,-0.010000,0.052500,1.000000,2.260257,-2.749783
40301.800000,-0.581621,-0.594441,1.562069,-0.025000,-0.055000,0.050000,1.000000,2.266032,-2.746631
40301.900000,-0.584729,-0.594351,1.559868,0.001250,-0.007500,0.038750,1.000000,2.263653,-2.747286
40302.000000,-0.584153,-0.597031,1.566306,-0.018750,-0.086250,0.065000,1.000000,2.263186,-2.747000
40302.100000,-0.562189,-0.595932,1.576416,-0.035000,-0.217500,0.078750,1.000000,2.267070,-2.746648
40302.200000,-0.537316,-0.603030,1.580635,-0.045000,-0.238750,0.082500,1.000000,2.265912,-2.741828
40302.300000,-0.521311,-0.612109,1.572303,-0.070000,-0.237500,0.088750,1.000000,2.275262,-2.736725
40302.400000,-0.505054,-0.629092,1.559571,-0.131250,-0.276250,0.092500,1.000000,2.288285,-2.733319
40302.500000,-0.478567,-0.653523,1.539021,-0.176250,-0.342500,0.076250,1.000000,2.310577,-2.727368
40302.600000,-0.438546,-0.681557,1.525708,-0.201250,-0.387500,0.033750,1.000000,2.321203,-2.717085
40302.700000,-0.400144,-0.711456,1.496161,-0.233750,-0.410000,-0.001250,1.000000,2.344437,-2.703129
40302.800000,-0.345893,-0.748570,1.470303,-0.201250,-0.416250,-0.030000,1.000000,2.366711,-2.687495
40302.900000,-0.289655,-0.779874,1.438270,-0.092500,-0.377500,-0.075000,1.000000,2.378853,-2.668207
40303.000000,-0.235379,-0.793960,1.403318,-0.006250,-0.390000,-0.095000,1.000000,2.384112,-2.654963
40303.100000,-0.164363,-0.793590,1.393220,0.071250,-0.373750,-0.101250,1.000000,2.368245,-2.642718
40303.200000,-0.101323,-0.781508,1.390127,0.157500,-0.340000,-0.100000,1.000000,2.349269,-2.630044
40303.300000,-0.050294,-0.763163,1.395757,0.223750,-0.286250,-0.078750,1.000000,2.317671,-2.621593
40303.400000,-0.006878,-0.739890,1.395426,0.243750,-0.255000,-0.031250,1.000000,2.291256,-2.617387
40303.500000,0.041775,-0.717566,1.417221,0.262500,-0.231250,0.005000,1.000000,2.256832,-2.616733
40303.600000,0.079688,-0.689969,1.432861,0.247500,-0.156250,-0.001250,1.000000,2.222341,-2.616249
40303.700000,0.090397,-0.659773,1.449956,0.167500,-0.051250,0.001250,1.000000,2.191400,-2.623470
40303.800000,0.091453,-0.650505,1.465378,0.066250,-0.011250,0.001250,1.000000,2.175605,-2.625778
40303.900000,0.101453,-0.656199,1.484467,0.021250,-0.011250,-0.036250,1.000000,2.171876,-2.628254
40304.000000,0.107014,-0.659422,1.493318,0.026250,0.048750,-0.047500,1.000000,2.161399,-2.631092
40304.100000,0.105918,-0.657042,1.493615,0.031250,0.080000,-0.065000,1.000000,2.156444,-2.632079
40304.200000,0.099040,-0.648934,1.496930,0.050000,0.113750,-0.083750,1.000000,2.154753,-2.635357
40304.300000,0.088380,-0.635791,1.496902,0.068750,0.156250,-0.087500,1.000000,2.153791,-2.637368
40304.400000,0.058054,-0.614194,1.492484,0.091250,0.227500,-0.082500,1.000000,2.157579,-2.644060
40304.500000,0.029155,-0.596800,1.488654,0.125000,0.288750,-0.065000,1.000000,2.161687,-2.649672
40304.600000,-0.003252,-0.571287,1.488131,0.196250,0.247500,-0.028750,1.000000,2.163487,-2.661280
40304.700000,-0.044113,-0.521313,1.488997,0.213750,0.245000,-0.032500,1.000000,2.158836,-2.675118
40304.800000,-0.105618,-0.481449,1.497964,0.207500,0.352500,-0.056250,1.000000,2.164728,-2.692019
40304.900000,-0.182880,-0.436578,1.498804,0.208750,0.407500,-0.081250,1.000000,2.180273,-2.712515
40305.000000,-0.257103,-0.400481,1.511826,0.155000,0.438750,-0.118750,1.000000,2.185985,-2.731685
40305.100000,-0.328715,-0.373827,1.527615,0.082500,0.428750,-0.150000,1.000000,2.193712,-2.750836
40305.200000,-0.382852,-0.357393,1.551810,0.010000,0.348750,-0.171250,1.000000,2.196677,-2.765553
40305.300000,-0.440425,-0.357576,1.564500,-0.053750,0.296250,-0.185000,1.000000,2.204943,-2.772614
40305.400000,-0.493647,-0.355733,1.583606,-0.132500,0.316250,-0.207500,1.000000,2.209192,-2.781506
40305.500000,-0.541288,-0.384128,1.595855,-0.180000,0.301250,-0.176250,1.000000,2.226286,-2.782778
40305.600000,-0.549995,-0.406752,1.608945,-0.210000,0.151250,-0.142500,1.000000,2.230715,-2.780266
40305.700000,-0.544106,-0.436475,1.624782,-0.246250,0.076250,-0.093750,1.000000,2.227478,-2.776414
40305.800000,-0.540587,-0.470072,1.620118,-0.217500,0.033750,-0.053750,1.000000,2.231232,-2.767185
40305.900000,-0.546608,-0.496742,1.604014,-0.158750,0.006250,-0.022500,1.000000,2.236476,-2.760187
40306.000000,-0.549033,-0.516422,1.594333,-0.107500,0.006250,0.001250,1.000000,2.238539,-2.756453
40306.100000,-0.543181,-0.524129,1.594662,-0.078750,0.006250,0.015000,1.000000,2.237768,-2.756073
40306.200000,-0.534801,-0.536219,1.601285,-0.051250,-0.017500,0.033750,1.000000,2.240389,-2.753683
40306.300000,-0.528084,-0.540658,1.606617,-0.055000,-0.097500,0.086250,1.000000,2.237618,-2.753523
40306.400000,-0.525363,-0.551213,1.611668,-0.042500,-0.093750,0.105000,1.000000,2.244025,-2.753459
40306.500000,-0.523278,-0.557394,1.608792,-0.018750,-0.120000,0.086250,1.000000,2.245973,-2.751675
40306.600000,-0.513762,-0.554533,1.605508,-0.022500,-0.172500,0.076250,1.000000,2.252073,-2.752426
40306.700000,-0.489908,-0.559354,1.602364,-0.022500,-0.225000,0.047500,1.000000,2.258103,-2.749388
40306.800000,-0.462881,-0.566714,1.591508,-0.010000,-0.300000,0.006250,1.000000,2.260642,-2.742921
40306.900000,-0.422799,-0.570544,1.581944,-0.005000,-0.411250,-0.037500,1.000000,2.262787,-2.732057
40307.000000,-0.366253,-0.575376,1.564906,0.007500,-0.477500,-0.082500,1.000000,2.259978,-2.716988
40307.100000,-0.305137,-0.577961,1.542451,0.058750,-0.445000,-0.148750,1.000000,2.248539,-2.702331
40307.200000,-0.237359,-0.561304,1.514406,0.086250,-0.490000,-0.188750,1.000000,2.229960,-2.686582
40307.300000,-0.160922,-0.548469,1.498282,0.102500,-0.501250,-0.178750,1.000000,2.207139,-2.671859
40307.400000,-0.081417,-0.547627,1.487912,0.116250,-0.488750,-0.142500,1.000000,2.180708,-2.654241
40307.500000,-0.003432,-0.541453,1.480836,0.112500,-0.438750,-0.087500,1.000000,2.153949,-2.638091
40307.600000,0.066387,-0.531888,1.480316,0.086250,-0.357500,-0.018750,1.000000,2.126688,-2.624999
40307.700000,0.132621,-0.537700,1.477926,0.080000,-0.283750,0.036250,1.000000,2.105985,-2.614937
40307.800000,0.177917,-0.538603,1.473890,0.065000,-0.192500,0.087500,1.000000,2.085948,-2.609476
40307.900000,0.213352,-0.541080,1.471804,0.027500,-0.157500,0.116250,1.000000,2.076827,-2.603124
40308.000000,0.239669,-0.556455,1.470377,-0.027500,-0.128750,0.138750,1.000000,2.075183,-2.597863
40308.100000,0.265681,-0.588130,1.481149,-0.086250,-0.095000,0.131250,1.000000,2.080748,-2.590619
40308.200000,0.279722,-0.611557,1.482975,-0.093750,-0.038750,0.080000,1.000000,2.087080,-2.586713
40308.300000,0.278781,-0.636237,1.478764,-0.066250,-0.005000,0.037500,1.000000,2.099543,-2.584281
40308.400000,0.267614,-0.655043,1.476178,-0.026250,0.025000,0.015000,1.000000,2.114402,-2.584604
40308.500000,0.243943,-0.652050,1.467947,0.027500,0.172500,0.008750,1.000000,2.116878,-2.588484
40308.600000,0.211351,-0.640129,1.460523,0.056250,0.281250,0.000000,1.000000,2.121598,-2.593589
40308.700000,0.160386,-0.616588,1.471607,0.070000,0.357500,0.005000,1.000000,2.128359,-2.607784
40308.800000,0.113847,-0.587918,1.494694,0.131250,0.398750,0.018750,1.000000,2.131427,-2.626432
40308.900000,0.070127,-0.539343,1.509294,0.207500,0.442500,-0.012500,1.000000,2.132155,-2.645913
40309.000000,-0.004909,-0.488245,1.520259,0.202500,0.576250,-0.038750,1.000000,2.136755,-2.667871
40309.100000,-0.089823,-0.439953,1.543379,0.173750,0.628750,-0.061250,1.000000,2.143929,-2.691501
40309.200000,-0.176698,-0.397040,1.560331,0.151250,0.700000,-0.125000,1.000000,2.157075,-2.714890
40309.300000,-0.279504,-0.363542,1.562943,0.083750,0.691250,-0.190000,1.000000,2.177692,-2.736815
40309.400000,-0.392174,-0.339965,1.567285,0.018750,0.648750,-0.238750,1.000000,2.202667,-2.761872
40309.500000,-0.485899,-0.333437,1.556372,-0.018750,0.505000,-0.275000,1.000000,2.223356,-2.777684
40309.600000,-0.567558,-0.340999,1.548912,-0.102500,0.440000,-0.288750,1.000000,2.241606,-2.786853
40309.700000,-0.650357,-0.362580,1.540563,-0.195000,0.473750,-0.250000,1.000000,2.260910,-2.793996
40309.800000,-0.710482,-0.391740,1.538395,-0.233750,0.311250,-0.192500,1.000000,2.276203,-2.798602
40309.900000,-0.742532,-0.420468,1.540875,-0.253750,0.230000,-0.148750,1.000000,2.282101,-2.802138
40310.000000,-0.767877,-0.457990,1.527190,-0.265000,0.138750,-0.082500,1.000000,2.294658,-2.798312
40310.100000,-0.771554,-0.497973,1.532489,-0.247500,0.028750,-0.020000,1.000000,2.300136,-2.792968
40310.200000,-0.755360,-0.533117,1.532055,-0.200000,-0.038750,0.016250,1.000000,2.307402,-2.783968
40310.300000,-0.738427,-0.564497,1.531513,-0.170000,0.047500,0.035000,1.000000,2.306775,-2.775219
40310.400000,-0.737009,-0.585272,1.518949,-0.122500,0.078750,0.031250,1.000000,2.308514,-2.769441
40310.500000,-0.740890,-0.598317,1.507146,-0.073750,0.010000,0.023750,1.000000,2.312263,-2.766475
40310.600000,-0.737998,-0.607877,1.506161,-0.031250,-0.003750,0.026250,1.000000,2.318902,-2.763927
40310.700000,-0.738772,-0.616317,1.497190,-0.006250,-0.070000,0.023750,1.000000,2.328664,-2.757555
40310.800000,-0.719627,-0.618474,1.512316,-0.005000,-0.147500,0.035000,1.000000,2.321343,-2.755046
40310.900000,-0.692735,-0.618255,1.524632,0.008750,-0.217500,0.040000,1.000000,2.317551,-2.750772
40311.000000,-0.658443,-0.624792,1.537497,0.018750,-0.237500,0.052500,1.000000,2.313276,-2.742476
40311.100000,-0.628995,-0.625637,1.547192,0.045000,-0.270000,0.051250,1.000000,2.312207,-2.739078
40311.200000,-0.606260,-0.621718,1.552194,0.052500,-0.327500,0.040000,1.000000,2.313406,-2.737207
40311.300000,-0.571732,-0.620847,1.554104,0.060000,-0.390000,0.032500,1.000000,2.316518,-2.732953
40311.400000,-0.524041,-0.621156,1.551686,0.058750,-0.405000,0.012500,1.000000,2.314783,-2.725049
40311.500000,-0.482853,-0.620859,1.544829,0.056250,-0.411250,-0.028750,1.000000,2.314590,-2.718005
40311.600000,-0.429563,-0.617686,1.525853,0.110000,-0.452500,-0.073750,1.000000,2.313240,-2.706618
40311.700000,-0.381546,-0.605580,1.504299,0.158750,-0.390000,-0.102500,1.000000,2.302260,-2.698627
40311.800000,-0.338903,-0.581753,1.485451,0.183750,-0.351250,-0.098750,1.000000,2.280371,-2.692786
40311.900000,-0.292372,-0.558541,1.474854,0.180000,-0.342500,-0.075000,1.000000,2.258061,-2.685018
40312.000000,-0.231262,-0.539062,1.473919,0.165000,-0.311250,-0.038750,1.000000,2.229909,-2.678412
40312.100000,-0.170693,-0.521337,1.478611,0.138750,-0.266250,-0.005000,1.000000,2.196857,-2.673534
40312.200000,-0.124314,-0.517997,1.486705,0.126250,-0.231250,0.033750,1.000000,2.169435,-2.669279
40312.300000,-0.070886,-0.508199,1.495297,0.120000,-0.181250,0.086250,1.000000,2.139093,-2.664216
40312.400000,-0.040125,-0.500428,1.507260,0.051250,-0.093750,0.112500,1.000000,2.114139,-2.665552
40312.500000,-0.020888,-0.518182,1.527276,0.012500,-0.115000,0.146250,1.000000,2.105840,-2.668041
40312.600000,-0.003567,-0.538921,1.540025,-0.015000,-0.106250,0.145000,1.000000,2.101795,-2.666997
40312.700000,0.016945,-0.552367,1.537199,0.005000,-0.112500,0.127500,1.000000,2.101440,-2.665680
40312.800000,0.022333,-0.553747,1.532846,0.010000,-0.027500,0.097500,1.000000,2.100876,-2.666770
40312.900000,-0.001080,-0.555687,1.522287,0.002500,0.046250,0.072500,1.000000,2.107860,-2.667143
40313.000000,-0.027533,-0.544224,1.505922,0.005000,0.088750,0.070000,1.000000,2.118921,-2.671461
40313.100000,-0.051612,-0.547490,1.498013,0.010000,0.131250,0.072500,1.000000,2.130892,-2.676547
40313.200000,-0.077951,-0.542342,1.502660,0.045000,0.107500,0.060000,1.000000,2.154761,-2.682151
40313.300000,-0.123428,-0.520480,1.500196,0.070000,0.256250,0.010000,1.000000,2.172017,-2.687059
40313.400000,-0.182588,-0.491590,1.502246,0.085000,0.363750,-0.042500,1.000000,2.189047,-2.700744
40313.500000,-0.264302,-0.468390,1.511146,0.046250,0.430000,-0.067500,1.000000,2.211311,-2.720152
40313.600000,-0.340904,-0.461337,1.518114,0.026250,0.407500,-0.093750,1.000000,2.240237,-2.732520
40313.700000,-0.395274,-0.450615,1.530797,0.023750,0.363750,-0.117500,1.000000,2.256074,-2.744006
40313.800000,-0.446360,-0.444588,1.545268,0.007500,0.327500,-0.156250,1.000000,2.263875,-2.752177
40313.900000,-0.497562,-0.430846,1.560303,0.000000,0.280000,-0.182500,1.000000,2.266863,-2.761738
40314.000000,-0.549052,-0.426980,1.566064,-0.021250,0.340000,-0.172500,1.000000,2.260297,-2.768563
40314.100000,-0.575400,-0.427017,1.570653,-0.080000,0.240000,-0.130000,1.000000,2.252619,-2.773727
40314.200000,-0.584811,-0.448098,1.571478,-0.132500,0.093750,-0.082500,1.000000,2.254722,-2.772082
40314.300000,-0.579461,-0.471471,1.572094,-0.158750,0.060000,-0.057500,1.000000,2.249938,-2.763618
40314.400000,-0.576404,-0.494374,1.579613,-0.155000,0.058750,-0.022500,1.000000,2.241671,-2.759199
40314.500000,-0.575039,-0.520474,1.583923,-0.133750,0.030000,0.007500,1.000000,2.248955,-2.754239
40314.600000,-0.568983,-0.541128,1.586389,-0.127500,-0.003750,0.046250,1.000000,2.251629,-2.750786
40314.700000,-0.556538,-0.564646,1.593447,-0.126250,-0.076250,0.075000,1.000000,2.259136,-2.747042
40314.800000,-0.539473,-0.588542,1.592781,-0.111250,-0.182500,0.103750,1.000000,2.267985,-2.740827
40314.900000,-0.507704,-0.604225,1.596434,-0.078750,-0.335000,0.106250,1.000000,2.274472,-2.735859
40315.000000,-0.464838,-0.609877,1.598553,-0.027500,-0.363750,0.091250,1.000000,2.268808,-2.728497
40315.100000,-0.413767,-0.615441,1.599133,0.031250,-0.417500,0.051250,1.000000,2.265575,-2.720545
40315.200000,-0.355264,-0.613726,1.594399,0.077500,-0.526250,0.012500,1.000000,2.255214,-2.711611
40315.300000,-0.284752,-0.603686,1.581766,0.122500,-0.606250,-0.047500,1.000000,2.239989,-2.700254
40315.400000,-0.203738,-0.583191,1.569761,0.178750,-0.596250,-0.116250,1.000000,2.220977,-2.687246
40315.500000,-0.140117,-0.549484,1.542127,0.196250,-0.473750,-0.167500,1.000000,2.191768,-2.675838
40315.600000,-0.078726,-0.520593,1.518255,0.195000,-0.450000,-0.190000,1.000000,2.162563,-2.665284
40315.700000,-0.020744,-0.498334,1.493996,0.173750,-0.353750,-0.172500,1.000000,2.131759,-2.651219
40315.800000,0.036040,-0.480261,1.480446,0.147500,-0.365000,-0.125000,1.000000,2.106393,-2.640945
40315.900000,0.104976,-0.466653,1.474870,0.117500,-0.326250,-0.045000,1.000000,2.075060,-2.631703
40316.000000,0.159884,-0.465180,1.468308,0.085000,-0.227500,0.012500,1.000000,2.055279,-2.621418
40316.100000,0.197560,-0.467474,1.473510,0.032500,-0.127500,0.076250,1.000000,2.031185,-2.617147
40316.200000,0.223161,-0.483853,1.474899,-0.020000,-0.076250,0.117500,1.000000,2.029395,-2.612431
40316.300000,0.243503,-0.522239,1.502751,-0.022500,-0.097500,0.157500,1.000000,2.027873,-2.608667
40316.400000,0.262585,-0.542318,1.516290,-0.031250,0.008750,0.148750,1.000000,2.021590,-2.605157
40316.500000,0.267348,-0.561335,1.524027,-0.006250,0.051250,0.096250,1.000000,2.029082,-2.606944
40316.600000,0.261721,-0.572200,1.517828,0.015000,0.097500,0.051250,1.000000,2.035700,-2.607402
40316.700000,0.236696,-0.577854,1.517446,0.016250,0.142500,-0.001250,1.000000,2.048408,-2.609605
40316.800000,0.199984,-0.566244,1.512681,0.033750,0.220000,-0.030000,1.000000,2.055476,-2.617142
40316.900000,0.159802,-0.550004,1.495776,0.046250,0.286250,-0.048750,1.000000,2.071551,-2.623068
40317.000000,0.100553,-0.526173,1.490042,0.027500,0.317500,-0.051250,1.000000,2.074603,-2.634465
40317.100000,0.051807,-0.489828,1.463905,-0.012500,0.296250,-0.078750,1.000000,2.091755,-2.646207
40317.200000,-0.011959,-0.482252,1.469794,-0.046250,0.385000,-0.090000,1.000000,2.116415,-2.658496
40317.300000,-0.087467,-0.462130,1.486708,-0.078750,0.458750,-0.091250,1.000000,2.140189,-2.672971
40317.400000,-0.159250,-0.449402,1.513520,-0.085000,0.447500,-0.103750,1.000000,2.161778,-2.686242
40317.500000,-0.231510,-0.436858,1.527949,-0.073750,0.473750,-0.112500,1.000000,2.174951,-2.698757
40317.600000,-0.279754,-0.437469,1.540989,-0.108750,0.361250,-0.082500,1.000000,2.190714,-2.707722
40317.700000,-0.309268,-0.448407,1.567520,-0.138750,0.301250,-0.072500,1.000000,2.196491,-2.713030
40317.800000,-0.332001,-0.463803,1.586838,-0.145000,0.312500,-0.067500,1.000000,2.197300,-2.719605
40317.900000,-0.364331,-0.485710,1.601704,-0.185000,0.340000,-0.036250,1.000000,2.196133,-2.721168
40318.000000,-0.359793,-0.504021,1.616779,-0.210000,0.126250,-0.020000,1.000000,2.194408,-2.722416
40318.100000,-0.351869,-0.538712,1.613351,-0.208750,0.128750,-0.006250,1.000000,2.189481,-2.714765
40318.200000,-0.367115,-0.571996,1.599454,-0.240000,0.165000,0.002500,1.000000,2.192843,-2.712366
40318.300000,-0.368915,-0.605834,1.598815,-0.262500,0.098750,0.005000,1.000000,2.199815,-2.710500
40318.400000,-0.392425,-0.640904,1.601302,-0.227500,0.148750,-0.027500,1.000000,2.210844,-2.706016
40318.500000,-0.418361,-0.670505,1.606043,-0.162500,0.107500,-0.025000,1.000000,2.222091,-2.704664
40318.600000,-0.419942,-0.689515,1.611815,-0.080000,0.006250,-0.007500,1.000000,2.235598,-2.698090
40318.700000,-0.408612,-0.689631,1.618812,0.046250,-0.098750,-0.003750,1.000000,2.236538,-2.694262
40318.800000,-0.417425,-0.672661,1.611230,0.151250,-0.071250,0.002500,1.000000,2.234349,-2.694334
40318.900000,-0.414848,-0.647926,1.611870,0.188750,-0.190000,0.043750,1.000000,2.230015,-2.700684
40319.000000,-0.384667,-0.620999,1.615560,0.227500,-0.291250,0.051250,1.000000,2.221405,-2.701369
40319.100000,-0.353870,-0.594356,1.609212,0.250000,-0.340000,0.053750,1.000000,2.213308,-2.699213
40319.200000,-0.302221,-0.562780,1.598893,0.250000,-0.426250,0.052500,1.000000,2.203010,-2.696231
40319.300000,-0.244823,-0.526432,1.584553,0.232500,-0.490000,0.016250,1.000000,2.187117,-2.692188
40319.400000,-0.192306,-0.499591,1.568811,0.212500,-0.510000,-0.028750,1.000000,2.169168,-2.685950
40319.500000,-0.153325,-0.478130,1.553125,0.183750,-0.430000,-0.062500,1.000000,2.152058,-2.682593
40319.600000,-0.108581,-0.464539,1.524765,0.143750,-0.421250,-0.075000,1.000000,2.140155,-2.671647
40319.700000,-0.045126,-0.450525,1.503113,0.107500,-0.442500,-0.090000,1.000000,2.117356,-2.656479
40319.800000,0.010910,-0.442854,1.493290,0.070000,-0.361250,-0.043750,1.000000,2.089827,-2.644812
40319.900000,0.064746,-0.439173,1.487910,0.041250,-0.328750,0.012500,1.000000,2.066372,-2.636217
40320.000000,0.119013,-0.447584,1.485711,0.013750,-0.301250,0.060000,1.000000,2.049949,-2.623893
40320.100000,0.162803,-0.462004,1.480038,-0.012500,-0.222500,0.112500,1.000000,2.040486,-2.614886
40320.200000,0.193659,-0.482682,1.476105,-0.048750,-0.163750,0.151250,1.000000,2.038301,-2.609086
40320.300000,0.237134,-0.515417,1.476352,-0.092500,-0.162500,0.163750,1.000000,2.038361,-2.597746
40320.400000,0.271890,-0.542542,1.484104,-0.083750,-0.126250,0.160000,1.000000,2.042759,-2.591055
40320.500000,0.283912,-0.580567,1.492403,-0.062500,-0.035000,0.153750,1.000000,2.057580,-2.586821
40320.600000,0.287408,-0.596924,1.488116,-0.026250,-0.008750,0.093750,1.000000,2.069371,-2.587526
40320.700000,0.276017,-0.608256,1.483924,-0.003750,0.022500,0.040000,1.000000,2.077255,-2.587920
40320.800000,0.264753,-0.604186,1.483287,0.027500,0.087500,-0.012500,1.000000,2.075036,-2.593053
40320.900000,0.235501,-0.589593,1.485332,0.057500,0.220000,-0.047500,1.000000,2.072806,-2.598720
40321.000000,0.188565,-0.560185,1.491528,0.087500,0.325000,-0.058750,1.000000,2.068714,-2.609775
40321.100000,0.131127,-0.516104,1.496695,0.100000,0.395000,-0.052500,1.000000,2.075165,-2.626703
40321.200000,0.081669,-0.470787,1.500131,0.051250,0.500000,-0.052500,1.000000,2.076115,-2.646766
40321.300000,0.001396,-0.434991,1.504605,-0.012500,0.598750,-0.080000,1.000000,2.081864,-2.666049
40321.400000,-0.083325,-0.425965,1.517351,-0.047500,0.625000,-0.106250,1.000000,2.106982,-2.681325
40321.500000,-0.175187,-0.412083,1.530524,-0.036250,0.527500,-0.123750,1.000000,2.129316,-2.696633
40321.600000,-0.247767,-0.401332,1.551682,-0.043750,0.357500,-0.113750,1.000000,2.141392,-2.711259
40321.700000,-0.275408,-0.399512,1.576015,-0.081250,0.260000,-0.098750,1.000000,2.148400,-2.720935
40321.800000,-0.296745,-0.409072,1.593172,-0.147500,0.275000,-0.108750,1.000000,2.153429,-2.726172
40321.900000,-0.329660,-0.428316,1.600638,-0.202500,0.195000,-0.122500,1.000000,2.156564,-2.730597
40322.000000,-0.353142,-0.467405,1.624438,-0.222500,0.073750,-0.090000,1.000000,2.157087,-2.727751
40322.100000,-0.347281,-0.494421,1.638257,-0.181250,-0.010000,-0.090000,1.000000,2.160253,-2.725327
40322.200000,-0.339855,-0.510941,1.647998,-0.185000,-0.028750,-0.041250,1.000000,2.146814,-2.721113
40322.300000,-0.316404,-0.536407,1.654248,-0.216250,0.048750,-0.002500,1.000000,2.144032,-2.716122
40322.400000,-0.313697,-0.564352,1.648093,-0.225000,0.185000,0.011250,1.000000,2.145275,-2.710734
40322.500000,-0.346760,-0.596690,1.635197,-0.210000,0.163750,0.021250,1.000000,2.161734,-2.708221
40322.600000,-0.358299,-0.622916,1.633047,-0.145000,-0.012500,0.042500,1.000000,2.183797,-2.705966
40322.700000,-0.345684,-0.647744,1.644549,-0.058750,-0.002500,0.068750,1.000000,2.193283,-2.698589
40322.800000,-0.358128,-0.657331,1.637822,0.020000,-0.023750,0.075000,1.000000,2.205739,-2.697702
40322.900000,-0.355605,-0.652741,1.643005,0.068750,-0.173750,0.097500,1.000000,2.205979,-2.698657
40323.000000,-0.330648,-0.643601,1.637974,0.145000,-0.253750,0.071250,1.000000,2.209181,-2.696030
40323.100000,-0.315476,-0.628808,1.622049,0.195000,-0.232500,0.035000,1.000000,2.205282,-2.694557
40323.200000,-0.301479,-0.603550,1.611217,0.223750,-0.276250,-0.006250,1.000000,2.206747,-2.698009
40323.300000,-0.273366,-0.562252,1.587967,0.236250,-0.381250,-0.062500,1.000000,2.198739,-2.698142
40323.400000,-0.239916,-0.542899,1.574746,0.202500,-0.366250,-0.086250,1.000000,2.180918,-2.690983
40323.500000,-0.203982,-0.521837,1.551992,0.191250,-0.403750,-0.106250,1.000000,2.168866,-2.684420
40323.600000,-0.143813,-0.495104,1.525223,0.192500,-0.405000,-0.123750,1.000000,2.151724,-2.673584
40323.700000,-0.086922,-0.474739,1.493863,0.148750,-0.310000,-0.112500,1.000000,2.133735,-2.660624
40323.800000,-0.038913,-0.463463,1.479778,0.082500,-0.327500,-0.067500,1.000000,2.112815,-2.651414
40323.900000,0.027502,-0.464652,1.484285,0.030000,-0.385000,-0.011250,1.000000,2.092267,-2.639145
40324.000000,0.099216,-0.479134,1.481157,-0.010000,-0.357500,0.043750,1.000000,2.074128,-2.620111
40324.100000,0.159196,-0.506643,1.490214,-0.027500,-0.257500,0.106250,1.000000,2.058889,-2.606526
40324.200000,0.216768,-0.512613,1.478537,-0.018750,-0.236250,0.138750,1.000000,2.050763,-2.596978
40324.300000,0.261168,-0.528761,1.470635,-0.065000,-0.205000,0.135000,1.000000,2.047672,-2.589781
40324.400000,0.293524,-0.552401,1.479531,-0.095000,-0.152500,0.095000,1.000000,2.044652,-2.584214
40324.500000,0.312767,-0.583856,1.486456,-0.077500,-0.092500,0.076250,1.000000,2.046537,-2.578913
40324.600000,0.318284,-0.601235,1.484068,-0.047500,-0.012500,0.057500,1.000000,2.051642,-2.578119
40324.700000,0.306215,-0.612913,1.472286,-0.030000,0.083750,0.026250,1.000000,2.060651,-2.576713
40324.800000,0.281225,-0.619287,1.471383,0.007500,0.137500,0.010000,1.000000,2.069400,-2.579864
40324.900000,0.247145,-0.606889,1.464301,0.053750,0.235000,0.003750,1.000000,2.077174,-2.585756
40325.000000,0.181164,-0.582219,1.461434,0.081250,0.292500,0.025000,1.000000,2.086693,-2.601793
40325.100000,0.133459,-0.553980,1.466276,0.116250,0.326250,0.061250,1.000000,2.097485,-2.617562
40325.200000,0.074831,-0.518402,1.465984,0.131250,0.373750,0.068750,1.000000,2.108464,-2.636277
40325.300000,0.007472,-0.477865,1.469974,0.125000,0.366250,0.036250,1.000000,2.118133,-2.654561
40325.400000,-0.064284,-0.446723,1.491066,0.082500,0.417500,-0.003750,1.000000,2.129111,-2.671056
40325.500000,-0.130889,-0.421432,1.516047,0.061250,0.376250,-0.043750,1.000000,2.138194,-2.689145
40325.600000,-0.190530,-0.398613,1.543596,-0.017500,0.392500,-0.077500,1.000000,2.145535,-2.708925
40325.700000,-0.256077,-0.393963,1.567523,-0.086250,0.370000,-0.100000,1.000000,2.153452,-2.724020
40325.800000,-0.288045,-0.406027,1.601115,-0.130000,0.345000,-0.146250,1.000000,2.158330,-2.731147
40325.900000,-0.344239,-0.427601,1.615618,-0.140000,0.412500,-0.155000,1.000000,2.159332,-2.735044
40326.000000,-0.391011,-0.451690,1.621947,-0.195000,0.332500,-0.120000,1.000000,2.165628,-2.737813
40326.100000,-0.426343,-0.481196,1.633833,-0.247500,0.325000,-0.090000,1.000000,2.177902,-2.740654
40326.200000,-0.454289,-0.517892,1.633704,-0.241250,0.261250,-0.076250,1.000000,2.191922,-2.740450
40326.300000,-0.474771,-0.545033,1.630416,-0.227500,0.256250,-0.041250,1.000000,2.206754,-2.740017
40326.400000,-0.502192,-0.572922,1.614638,-0.165000,0.223750,-0.013750,1.000000,2.226542,-2.736488
40326.500000,-0.513054,-0.597848,1.611167,-0.118750,0.123750,-0.002500,1.000000,2.242405,-2.733558
40326.600000,-0.517789,-0.619057,1.608464,-0.067500,0.066250,0.003750,1.000000,2.254141,-2.729478
40326.700000,-0.523138,-0.614906,1.614146,-0.021250,-0.071250,-0.001250,1.000000,2.261104,-2.731785
40326.800000,-0.532335,-0.612440,1.616556,0.068750,-0.081250,-0.010000,1.000000,2.263175,-2.731098
40326.900000,-0.535877,-0.602295,1.610717,0.141250,-0.167500,-0.001250,1.000000,2.265628,-2.733052
40327.000000,-0.507369,-0.583283,1.601642,0.180000,-0.267500,0.012500,1.000000,2.261266,-2.732108
40327.100000,-0.467157,-0.561586,1.597445,0.198750,-0.360000,-0.012500,1.000000,2.250925,-2.728232
40327.200000,-0.414152,-0.537374,1.586295,0.213750,-0.451250,-0.055000,1.000000,2.235429,-2.721204
40327.300000,-0.357873,-0.515347,1.569131,0.223750,-0.487500,-0.081250,1.000000,2.216229,-2.710107
40327.400000,-0.303131,-0.493946,1.539563,0.212500,-0.521250,-0.085000,1.000000,2.190404,-2.699428
40327.500000,-0.223746,-0.482737,1.510052,0.158750,-0.530000,-0.090000,1.000000,2.168837,-2.684752
40327.600000,-0.122480,-0.473475,1.495413,0.086250,-0.527500,-0.078750,1.000000,2.142302,-2.668979
40327.700000,-0.023622,-0.476130,1.483565,0.040000,-0.505000,-0.063750,1.000000,2.116084,-2.648606
40327.800000,0.056189,-0.484276,1.477926,0.007500,-0.410000,-0.038750,1.000000,2.094514,-2.626765
40327.900000,0.111517,-0.498552,1.471262,-0.010000,-0.327500,0.017500,1.000000,2.078336,-2.612361
40328.000000,0.167106,-0.512868,1.472175,-0.048750,-0.281250,0.072500,1.000000,2.061886,-2.602034
40328.100000,0.230396,-0.535869,1.478663,-0.102500,-0.241250,0.087500,1.000000,2.049582,-2.592766
40328.200000,0.269318,-0.574437,1.488121,-0.112500,-0.146250,0.097500,1.000000,2.056987,-2.578678
40328.300000,0.293876,-0.608463,1.497162,-0.088750,-0.061250,0.095000,1.000000,2.058533,-2.569207
40328.400000,0.302359,-0.630670,1.496848,-0.038750,-0.026250,0.073750,1.000000,2.063977,-2.564815
40328.500000,0.302350,-0.636180,1.492671,0.015000,0.043750,0.061250,1.000000,2.066749,-2.563591
40328.600000,0.286979,-0.631711,1.486477,0.086250,0.067500,0.036250,1.000000,2.066439,-2.569027
40328.700000,0.266636,-0.609669,1.477181,0.100000,0.187500,0.015000,1.000000,2.064947,-2.575135
40328.800000,0.220696,-0.586492,1.472737,0.078750,0.306250,-0.003750,1.000000,2.073270,-2.585455
40328.900000,0.139377,-0.561986,1.478523,0.061250,0.388750,-0.023750,1.000000,2.087739,-2.600420
40329.000000,0.070196,-0.522735,1.486947,0.030000,0.428750,-0.038750,1.000000,2.091729,-2.622956
40329.100000,0.009017,-0.489895,1.491297,0.036250,0.458750,-0.081250,1.000000,2.106999,-2.639340
40329.200000,-0.087997,-0.465103,1.505187,0.010000,0.591250,-0.071250,1.000000,2.124463,-2.657812
40329.300000,-0.183755,-0.442934,1.513526,-0.021250,0.563750,-0.087500,1.000000,2.147053,-2.677058
40329.400000,-0.264839,-0.427508,1.526037,-0.128750,0.561250,-0.088750,1.000000,2.162792,-2.697150
40329.500000,-0.333764,-0.443465,1.542428,-0.240000,0.481250,-0.080000,1.000000,2.183719,-2.708347
40329.600000,-0.379303,-0.474946,1.574409,-0.266250,0.392500,-0.095000,1.000000,2.196772,-2.715280
40329.700000,-0.405666,-0.500459,1.587361,-0.260000,0.380000,-0.063750,1.000000,2.207984,-2.719610
40329.800000,-0.430919,-0.533548,1.591029,-0.271250,0.362500,-0.051250,1.000000,2.219342,-2.718608
40329.900000,-0.471360,-0.569063,1.589636,-0.310000,0.352500,-0.028750,1.000000,2.233706,-2.719874
40330.000000,-0.500742,-0.611662,1.583476,-0.333750,0.255000,-0.050000,1.000000,2.250149,-2.718148
40330.100000,-0.525202,-0.659595,1.579257,-0.342500,0.257500,-0.057500,1.000000,2.261780,-2.714689
40330.200000,-0.555952,-0.706833,1.567699,-0.296250,0.273750,-0.058750,1.000000,2.283007,-2.708440
40330.300000,-0.585270,-0.741884,1.551499,-0.192500,0.231250,-0.075000,1.000000,2.304997,-2.706891
40330.400000,-0.614428,-0.763432,1.523605,-0.131250,0.220000,-0.065000,1.000000,2.320048,-2.705767
40330.500000,-0.634845,-0.784339,1.505428,-0.081250,0.161250,-0.083750,1.000000,2.335792,-2.701630
40330.600000,-0.657544,-0.791662,1.501095,-0.015000,0.080000,-0.083750,1.000000,2.348031,-2.702799
40330.700000,-0.667691,-0.785719,1.500538,0.050000,-0.003750,-0.071250,1.000000,2.347978,-2.705004
40330.800000,-0.660826,-0.778782,1.506186,0.105000,-0.107500,-0.046250,1.000000,2.342997,-2.705573
40330.900000,-0.644471,-0.769031,1.521976,0.151250,-0.167500,-0.025000,1.000000,2.338053,-2.706482
40331.000000,-0.622760,-0.754066,1.530198,0.183750,-0.223750,-0.002500,1.000000,2.330910,-2.706996
40331.100000,-0.605592,-0.731394,1.535733,0.191250,-0.287500,0.011250,1.000000,2.320680,-2.708196
40331.200000,-0.573811,-0.712427,1.538523,0.200000,-0.380000,0.013750,1.000000,2.318029,-2.703792
40331.300000,-0.531854,-0.686220,1.536297,0.208750,-0.430000,0.007500,1.000000,2.309273,-2.699663
40331.400000,-0.477463,-0.663457,1.524618,0.198750,-0.406250,-0.033750,1.000000,2.293774,-2.690492
40331.500000,-0.427169,-0.653402,1.515430,0.182500,-0.421250,-0.068750,1.000000,2.284435,-2.677216
40331.600000,-0.367079,-0.633437,1.496742,0.185000,-0.451250,-0.096250,1.000000,2.268464,-2.663828
40331.700000,-0.291054,-0.611049,1.472425,0.177500,-0.518750,-0.083750,1.000000,2.245186,-2.648791
40331.800000,-0.196156,-0.594048,1.462619,0.137500,-0.515000,-0.068750,1.000000,2.216411,-2.631133
40331.900000,-0.102972,-0.587527,1.465334,0.117500,-0.463750,-0.045000,1.000000,2.183528,-2.613502
40332.000000,-0.018837,-0.581847,1.461648,0.112500,-0.397500,-0.001250,1.000000,2.155081,-2.598305
40332.100000,0.051071,-0.585675,1.456138,0.076250,-0.340000,0.051250,1.000000,2.130936,-2.584746
40332.200000,0.106984,-0.595204,1.458170,0.047500,-0.361250,0.113750,1.000000,2.118891,-2.575377
40332.300000,0.170496,-0.596994,1.464684,0.023750,-0.331250,0.160000,1.000000,2.102210,-2.571589
40332.400000,0.222660,-0.614597,1.467434,-0.018750,-0.252500,0.176250,1.000000,2.100225,-2.564062
40332.500000,0.250009,-0.644671,1.493190,-0.026250,-0.143750,0.167500,1.000000,2.101137,-2.558073
40332.600000,0.253734,-0.664313,1.495645,-0.021250,-0.095000,0.135000,1.000000,2.110864,-2.556124
40332.700000,0.267904,-0.680572,1.490843,0.001250,-0.085000,0.092500,1.000000,2.115070,-2.552097
40332.800000,0.271321,-0.688086,1.488402,0.005000,-0.033750,0.037500,1.000000,2.114445,-2.551639
40332.900000,0.265541,-0.684291,1.485828,0.036250,0.006250,0.007500,1.000000,2.113649,-2.553501
40333.000000,0.262392,-0.671543,1.474833,0.051250,0.088750,-0.002500,1.000000,2.111551,-2.554822
40333.100000,0.239803,-0.662095,1.467829,0.048750,0.183750,-0.006250,1.000000,2.113494,-2.555063
40333.200000,0.214971,-0.643423,1.469201,0.078750,0.253750,0.023750,1.000000,2.118096,-2.563597
40333.300000,0.169685,-0.612400,1.456631,0.052500,0.393750,0.033750,1.000000,2.119473,-2.573913
40333.400000,0.102256,-0.583976,1.460827,0.057500,0.448750,0.063750,1.000000,2.127508,-2.588103
40333.500000,0.019042,-0.557149,1.465650,0.043750,0.463750,0.100000,1.000000,2.152267,-2.606964
40333.600000,-0.071150,-0.528436,1.474893,0.031250,0.535000,0.141250,1.000000,2.172696,-2.628508
40333.700000,-0.176498,-0.516785,1.482335,0.058750,0.722500,0.150000,1.000000,2.192076,-2.651920
40333.800000,-0.314506,-0.495415,1.490362,0.076250,0.725000,0.155000,1.000000,2.220659,-2.680192
40333.900000,-0.428906,-0.465895,1.507037,0.060000,0.557500,0.145000,1.000000,2.245075,-2.710157
40334.000000,-0.530621,-0.446029,1.517306,-0.017500,0.493750,0.135000,1.000000,2.257682,-2.732438
40334.100000,-0.599705,-0.445379,1.520742,-0.075000,0.268750,0.142500,1.000000,2.275850,-2.749732
40334.200000,-0.618486,-0.453120,1.537004,-0.106250,0.061250,0.127500,1.000000,2.279537,-2.759826
40334.300000,-0.616949,-0.464512,1.547433,-0.138750,0.023750,0.121250,1.000000,2.269509,-2.763163
40334.400000,-0.596001,-0.489216,1.555971,-0.155000,-0.126250,0.116250,1.000000,2.270282,-2.759863
40334.500000,-0.549393,-0.507233,1.570657,-0.178750,-0.333750,0.100000,1.000000,2.265325,-2.750109
40334.600000,-0.484026,-0.536260,1.574496,-0.171250,-0.357500,0.078750,1.000000,2.254316,-2.736315
40334.700000,-0.424617,-0.564051,1.576342,-0.138750,-0.282500,0.075000,1.000000,2.238213,-2.723123
40334.800000,-0.368566,-0.590983,1.590664,-0.096250,-0.286250,0.041250,1.000000,2.222224,-2.712252
40334.900000,-0.319064,-0.590715,1.598178,-0.030000,-0.186250,0.022500,1.000000,2.209752,-2.705558
40335.000000,-0.309471,-0.595167,1.587045,0.005000,-0.051250,0.025000,1.000000,2.203452,-2.699153
40335.100000,-0.299812,-0.591298,1.588542,0.036250,-0.033750,0.023750,1.000000,2.196985,-2.697260
40335.200000,-0.303697,-0.577238,1.585080,0.060000,0.010000,0.011250,1.000000,2.187209,-2.701096
40335.300000,-0.309303,-0.562512,1.575233,0.042500,0.003750,0.021250,1.000000,2.186941,-2.704851
40335.400000,-0.310318,-0.553057,1.579062,0.011250,-0.025000,0.038750,1.000000,2.184624,-2.708870
40335.500000,-0.312169,-0.554673,1.573704,-0.003750,-0.007500,0.047500,1.000000,2.188994,-2.707217
40335.600000,-0.322479,-0.544661,1.569825,0.007500,0.011250,0.067500,1.000000,2.194298,-2.711431
40335.700000,-0.338634,-0.544017,1.568038,-0.002500,-0.007500,0.060000,1.000000,2.195774,-2.716249
40335.800000,-0.337782,-0.542012,1.573925,-0.012500,-0.023750,0.047500,1.000000,2.197249,-2.721391
40335.900000,-0.345664,-0.540101,1.569748,-0.011429,-0.010000,0.031429,1.000000,2.203282,-2.723728
40336.000000,-0.354405,-0.541796,1.568286,-0.013333,0.001667,0.028333,1.000000,2.207303,-2.722902
40336.100000,-0.364834,-0.540398,1.574094,-0.016000,-0.006000,0.030000,1.000000,2.205395,-2.727506
40336.200000,-0.365291,-0.535665,1.580646,-0.017500,0.005000,0.010000,1.000000,2.200004,-2.731166
