Relative Time (to start of segment),aclx 1,aclx 2,aclx 3,aclx 4,aclx 5,aclx 6,aclx 7,acly 1,acly 2,acly 3,acly 4,acly 5,acly 6,acly 7,aclz 1,aclz 2,aclz 3,aclz 4,aclz 5,aclz 6,aclz 7,gyrx 1,gyrx 2,gyrx 3,gyrx 4,gyrx 5,gyrx 6,gyrx 7,gyry 1,gyry 2,gyry 3,gyry 4,gyry 5,gyry 6,gyry 7,gyrz 1,gyrz 2,gyrz 3,gyrz 4,gyrz 5,gyrz 6,gyrz 7,magr 1,magr 2,magr 3,magr 4,magr 5,magr 6,magr 7,magphi 1,magphi 2,magphi 3,magphi 4,magphi 5,magphi 6,magphi 7,magtheta 1,magtheta 2,magtheta 3,magtheta 4,magtheta 5,magtheta 6,magtheta 7,
0.000000,-0.308062,,,,,,,-0.880037,,,,,,,0.213920,,,,,,,-0.078530,,,,,,,-0.059222,,,,,,,0.029867,,,,,,,0.000000,,,,,,,0.886069,,,,,,,0.317248,,,,,,,
0.100000,-0.275113,,,,,,,-0.884250,,,,,,,0.395942,,,,,,,-0.192635,,,,,,,-0.152198,,,,,,,0.212651,,,,,,,0.000000,,,,,,,0.884826,,,,,,,0.309277,,,,,,,
0.200000,-0.181299,,,,,,,-0.918560,,,,,,,0.718927,,,,,,,-0.036269,,,,,,,-0.299410,,,,,,,0.632377,,,,,,,0.000000,,,,,,,0.905224,,,,,,,0.246750,,,,,,,
0.300000,-0.142586,,,,,,,-0.895832,,,,,,,0.871165,,,,,,,0.466637,,,,,,,-0.508607,,,,,,,0.903167,,,,,,,0.000000,,,,,,,0.891838,,,,,,,0.161610,,,,,,,
0.400000,-0.045963,,,,,,,-0.801639,,,,,,,0.900146,,,,,,,1.054065,,,,,,,-0.892133,,,,,,,1.261965,,,,,,,0.000000,,,,,,,0.820927,,,,,,,0.077694,,,,,,,
0.500000,0.064491,,,,,,,-0.646959,,,,,,,0.660876,,,,,,,1.595005,,,,,,,-1.078086,,,,,,,1.525987,,,,,,,0.000000,,,,,,,0.710976,,,,,,,-0.105368,,,,,,,
0.600000,0.233528,,,,,,,-0.365753,,,,,,,0.240444,,,,,,,1.975355,,,,,,,-1.310526,,,,,,,1.891554,,,,,,,0.000000,,,,,,,0.475406,,,,,,,-0.356204,,,,,,,
0.700000,0.511146,,,,,,,-0.042173,,,,,,,-0.293639,,,,,,,2.047198,,,,,,,-1.624321,,,,,,,2.345129,,,,,,,0.000000,,,,,,,0.176224,,,,,,,-0.687554,,,,,,,
0.800000,0.932289,,,,,,,0.268016,,,,,,,-0.799917,,,,,,,1.949998,,,,,,,-1.748289,,,,,,,2.744546,,,,,,,0.000000,,,,,,,-0.173382,,,,,,,-1.092944,,,,,,,
0.900000,1.293581,,,,,,,0.537436,,,,,,,-1.473189,,,,,,,1.751371,,,,,,,-2.352634,,,,,,,2.778394,,,,,,,0.000000,,,,,,,-0.491415,,,,,,,-1.493549,,,,,,,
1.000000,1.692087,,,,,,,0.773281,,,,,,,-1.995144,,,,,,,1.366796,,,,,,,-2.003974,,,,,,,2.385748,,,,,,,0.000000,,,,,,,-0.723213,,,,,,,-1.989126,,,,,,,
1.100000,2.015644,,,,,,,0.921040,,,,,,,-2.577746,,,,,,,0.593420,,,,,,,-1.628195,,,,,,,2.257122,,,,,,,0.000000,,,,,,,-0.845611,,,,,,,-2.375485,,,,,,,
1.200000,2.268929,,,,,,,0.927895,,,,,,,-2.835896,,,,,,,-0.344775,,,,,,,-1.477109,,,,,,,2.297741,,,,,,,0.000000,,,,,,,-0.828604,,,,,,,-2.671958,,,,,,,
1.300000,2.550653,,,,,,,0.839744,,,,,,,-2.765644,,,,,,,-0.809646,,,,,,,-0.818527,,,,,,,2.175885,,,,,,,0.000000,,,,,,,-0.758640,,,,,,,-2.897086,,,,,,,
1.400000,2.617279,,,,,,,0.677699,,,,,,,-2.669569,,,,,,,-0.640602,,,,,,,-0.442749,,,,,,,1.979561,,,,,,,0.000000,,,,,,,-0.598719,,,,,,,-2.986572,,,,,,,
1.500000,2.621966,,,,,,,0.568161,,,,,,,-2.762115,,,,,,,-0.103887,,,,,,,0.041502,,,,,,,1.146879,,,,,,,0.000000,,,,,,,-0.507030,,,,,,,-2.966724,,,,,,,
1.600000,2.291181,,,,,,,0.635209,,,,,,,-2.838836,,,,,,,0.787820,,,,,,,1.660837,,,,,,,0.591758,,,,,,,0.000000,,,,,,,-0.440845,,,,,,,-2.766803,,,,,,,
1.700000,1.916945,,,,,,,0.830128,,,,,,,-2.453114,,,,,,,1.662623,,,,,,,1.901026,,,,,,,-0.125838,,,,,,,0.000000,,,,,,,-0.462512,,,,,,,-2.378266,,,,,,,
1.800000,1.439476,,,,,,,1.088623,,,,,,,-2.385343,,,,,,,1.949998,,,,,,,1.660837,,,,,,,-0.159687,,,,,,,0.000000,,,,,,,-0.615576,,,,,,,-1.846700,,,,,,,
1.900000,1.109804,,,,,,,1.374539,,,,,,,-2.112842,,,,,,,2.000711,,,,,,,1.455515,,,,,,,-0.193536,,,,,,,0.000000,,,,,,,-0.863046,,,,,,,-1.431400,,,,,,,
2.000000,0.769308,,,,,,,1.692760,,,,,,,-1.931100,,,,,,,1.975355,,,,,,,1.583357,,,,,,,-0.477866,,,,,,,0.000000,,,,,,,-1.163575,,,,,,,-1.054137,,,,,,,
2.100000,0.415282,,,,,,,2.005359,,,,,,,-1.812264,,,,,,,1.480901,,,,,,,0.913154,,,,,,,-0.532024,,,,,,,0.000000,,,,,,,-1.443850,,,,,,,-0.706339,,,,,,,
2.200000,0.235619,,,,,,,2.244183,,,,,,,-1.587415,,,,,,,0.563837,,,,,,,0.332053,,,,,,,-0.559103,,,,,,,0.000000,,,,,,,-1.676920,,,,,,,-0.482110,,,,,,,
2.300000,0.122061,,,,,,,2.361784,,,,,,,-1.041962,,,,,,,-0.408166,,,,,,,-0.601583,,,,,,,0.077255,,,,,,,0.000000,,,,,,,-1.811031,,,,,,,-0.344112,,,,,,,
2.400000,0.317059,,,,,,,2.240836,,,,,,,-0.872224,,,,,,,-1.422430,,,,,,,-2.856255,,,,,,,0.524060,,,,,,,0.000000,,,,,,,-1.798890,,,,,,,-0.431738,,,,,,,
2.500000,0.670521,,,,,,,1.909374,,,,,,,-1.025807,,,,,,,-2.250746,,,,,,,-1.934241,,,,,,,1.390591,,,,,,,0.000000,,,,,,,-1.626202,,,,,,,-0.856207,,,,,,,
2.600000,0.929751,,,,,,,1.581252,,,,,,,-1.119726,,,,,,,-1.925336,,,,,,,-1.899375,,,,,,,1.214577,,,,,,,0.000000,,,,,,,-1.406964,,,,,,,-1.202412,,,,,,,
2.700000,1.167489,,,,,,,1.339583,,,,,,,-1.350595,,,,,,,-1.392848,,,,,,,-1.992351,,,,,,,1.092721,,,,,,,0.000000,,,,,,,-1.237595,,,,,,,-1.518828,,,,,,,
2.800000,1.487933,,,,,,,1.191901,,,,,,,-1.559541,,,,,,,-0.830776,,,,,,,-1.945863,,,,,,,0.842240,,,,,,,0.000000,,,,,,,-1.178479,,,,,,,-1.852974,,,,,,,
2.900000,1.831214,,,,,,,1.151613,,,,,,,-1.815320,,,,,,,-0.251800,,,,,,,-1.670809,,,,,,,0.449593,,,,,,,0.000000,,,,,,,-1.264179,,,,,,,-2.162621,,,,,,,
3.000000,2.171158,,,,,,,1.183919,,,,,,,-1.995959,,,,,,,0.111644,,,,,,,-1.287282,,,,,,,-0.112298,,,,,,,0.000000,,,,,,,-1.414749,,,,,,,-2.367785,,,,,,,
3.100000,2.318639,,,,,,,1.244942,,,,,,,-2.137612,,,,,,,0.327175,,,,,,,-0.435001,,,,,,,-0.667420,,,,,,,0.000000,,,,,,,-1.493793,,,,,,,-2.477205,,,,,,,
3.200000,2.375043,,,,,,,1.342736,,,,,,,-1.948523,,,,,,,0.407471,,,,,,,0.413407,,,,,,,-1.249620,,,,,,,0.000000,,,,,,,-1.629125,,,,,,,-2.510557,,,,,,,
3.300000,2.289762,,,,,,,1.500930,,,,,,,-1.932976,,,,,,,0.479315,,,,,,,0.169344,,,,,,,-1.825051,,,,,,,0.000000,,,,,,,-1.761797,,,,,,,-2.407019,,,,,,,
3.400000,2.260066,,,,,,,1.647255,,,,,,,-1.918343,,,,,,,-0.158826,,,,,,,0.456021,,,,,,,-1.852130,,,,,,,0.000000,,,,,,,-1.926095,,,,,,,-2.335244,,,,,,,
3.500000,2.182693,,,,,,,1.695768,,,,,,,-1.720154,,,,,,,-0.775837,,,,,,,0.785312,,,,,,,-2.048453,,,,,,,0.000000,,,,,,,-2.004688,,,,,,,-2.234678,,,,,,,
3.600000,1.953184,,,,,,,1.625932,,,,,,,-1.527601,,,,,,,-1.291421,,,,,,,0.994508,,,,,,,-2.048453,,,,,,,0.000000,,,,,,,-1.928383,,,,,,,-2.029155,,,,,,,
3.700000,1.618703,,,,,,,1.422401,,,,,,,-1.083582,,,,,,,-1.811231,,,,,,,1.075862,,,,,,,-1.973986,,,,,,,0.000000,,,,,,,-1.662416,,,,,,,-1.709562,,,,,,,
3.800000,1.296304,,,,,,,1.120437,,,,,,,-0.789632,,,,,,,-2.073250,,,,,,,1.122350,,,,,,,-1.825051,,,,,,,0.000000,,,,,,,-1.278306,,,,,,,-1.508546,,,,,,,
3.900000,0.988355,,,,,,,0.760523,,,,,,,-0.671630,,,,,,,-2.200033,,,,,,,1.242444,,,,,,,-1.662576,,,,,,,0.000000,,,,,,,-0.879265,,,,,,,-1.271855,,,,,,,
4.000000,0.708760,,,,,,,0.412576,,,,,,,0.013634,,,,,,,-2.043667,,,,,,,1.180460,,,,,,,-1.567799,,,,,,,0.000000,,,,,,,-0.464608,,,,,,,-0.941573,,,,,,,
4.100000,0.425835,,,,,,,0.121062,,,,,,,0.164220,,,,,,,-2.018310,,,,,,,1.071988,,,,,,,-1.466253,,,,,,,0.000000,,,,,,,-0.152077,,,,,,,-0.591129,,,,,,,
4.200000,0.223328,,,,,,,-0.184450,,,,,,,0.343209,,,,,,,-1.705579,,,,,,,0.754320,,,,,,,-1.141304,,,,,,,0.000000,,,,,,,0.191223,,,,,,,-0.296616,,,,,,,
4.300000,0.065374,,,,,,,-0.446482,,,,,,,0.510884,,,,,,,-1.337908,,,,,,,0.603233,,,,,,,-0.863743,,,,,,,0.000000,,,,,,,0.482103,,,,,,,-0.064502,,,,,,,
4.400000,-0.042936,,,,,,,-0.647885,,,,,,,0.613049,,,,,,,-0.966011,,,,,,,0.548997,,,,,,,-0.735117,,,,,,,0.000000,,,,,,,0.700586,,,,,,,0.101922,,,,,,,
4.500000,-0.105315,,,,,,,-0.769195,,,,,,,0.490671,,,,,,,-0.585662,,,,,,,0.397911,,,,,,,-0.484636,,,,,,,0.000000,,,,,,,0.829595,,,,,,,0.168517,,,,,,,
4.600000,-0.176083,,,,,,,-0.847671,,,,,,,0.467199,,,,,,,-0.306740,,,,,,,0.428903,,,,,,,-0.200305,,,,,,,0.000000,,,,,,,0.903178,,,,,,,0.280771,,,,,,,
4.700000,-0.196034,,,,,,,-0.867524,,,,,,,0.577778,,,,,,,-0.023591,,,,,,,0.227455,,,,,,,-0.044601,,,,,,,0.000000,,,,,,,0.921155,,,,,,,0.332915,,,,,,,
4.800000,-0.268850,,,,,,,-0.865869,,,,,,,0.184372,,,,,,,-0.010913,,,,,,,0.246825,,,,,,,0.124644,,,,,,,0.000000,,,,,,,0.916677,,,,,,,0.385029,,,,,,,
4.900000,-0.293529,,,,,,,-0.828974,,,,,,,0.300996,,,,,,,0.158131,,,,,,,0.134478,,,,,,,0.226190,,,,,,,0.000000,,,,,,,0.868858,,,,,,,0.384748,,,,,,,
5.000000,-0.354059,,,,,,,-0.785447,,,,,,,0.376434,,,,,,,0.103192,,,,,,,0.165470,,,,,,,0.111104,,,,,,,0.000000,,,,,,,0.814483,,,,,,,0.422927,,,,,,,
0.000000,,-0.393818,,,,,,,-0.766029,,,,,,,0.358656,,,,,,,-0.078530,,,,,,,-0.070844,,,,,,,0.056946,,,,,,,0.000000,,,,,,,0.786915,,,,,,,0.414303,,,,,,
0.100000,,-0.407432,,,,,,,-0.768680,,,,,,,0.508694,,,,,,,-0.167278,,,,,,,-0.070844,,,,,,,0.165262,,,,,,,0.000000,,,,,,,0.785863,,,,,,,0.461760,,,,,,
0.200000,,-0.381610,,,,,,,-0.783274,,,,,,,0.566807,,,,,,,-0.217992,,,,,,,-0.066970,,,,,,,0.273579,,,,,,,0.000000,,,,,,,0.791900,,,,,,,0.417278,,,,,,
0.300000,,-0.302139,,,,,,,-0.782445,,,,,,,0.858328,,,,,,,0.048253,,,,,,,-0.256796,,,,,,,0.402204,,,,,,,0.000000,,,,,,,0.798345,,,,,,,0.387976,,,,,,
0.400000,,-0.256680,,,,,,,-0.764589,,,,,,,1.105527,,,,,,,0.487767,,,,,,,-0.520229,,,,,,,0.415744,,,,,,,0.000000,,,,,,,0.776709,,,,,,,0.358596,,,,,,
0.500000,,-0.172994,,,,,,,-0.670963,,,,,,,1.040560,,,,,,,1.058291,,,,,,,-0.791409,,,,,,,0.496981,,,,,,,0.000000,,,,,,,0.697303,,,,,,,0.195292,,,,,,
0.600000,,-0.056849,,,,,,,-0.521134,,,,,,,0.881874,,,,,,,1.582327,,,,,,,-1.248542,,,,,,,0.740693,,,,,,,0.000000,,,,,,,0.593606,,,,,,,0.031501,,,,,,
0.700000,,0.154114,,,,,,,-0.236808,,,,,,,0.424361,,,,,,,1.920415,,,,,,,-1.480983,,,,,,,1.099491,,,,,,,0.000000,,,,,,,0.334669,,,,,,,-0.273704,,,,,,
0.800000,,0.466826,,,,,,,0.056997,,,,,,,0.034266,,,,,,,2.102138,,,,,,,-1.794777,,,,,,,1.505677,,,,,,,0.000000,,,,,,,0.014911,,,,,,,-0.676202,,,,,,
0.900000,,0.887497,,,,,,,0.375575,,,,,,,-0.545864,,,,,,,2.195112,,,,,,,-1.849013,,,,,,,1.959252,,,,,,,0.000000,,,,,,,-0.368318,,,,,,,-1.187528,,,,,,
1.000000,,1.290884,,,,,,,0.677995,,,,,,,-1.147895,,,,,,,2.034520,,,,,,,-2.093076,,,,,,,2.358669,,,,,,,0.000000,,,,,,,-0.721860,,,,,,,-1.635703,,,,,,
1.100000,,1.752984,,,,,,,0.843648,,,,,,,-1.725618,,,,,,,1.472449,,,,,,,-1.864509,,,,,,,2.500834,,,,,,,0.000000,,,,,,,-0.887823,,,,,,,-2.230329,,,,,,
1.200000,,2.132872,,,,,,,0.969911,,,,,,,-2.376989,,,,,,,0.851212,,,,,,,-1.295030,,,,,,,2.500834,,,,,,,0.000000,,,,,,,-0.980430,,,,,,,-2.707568,,,,,,
1.300000,,2.504514,,,,,,,1.005219,,,,,,,-2.684917,,,,,,,0.094740,,,,,,,-1.074212,,,,,,,2.487294,,,,,,,0.000000,,,,,,,-0.982738,,,,,,,-3.082763,,,,,,
1.400000,,2.768259,,,,,,,0.953950,,,,,,,-2.981510,,,,,,,-0.568758,,,,,,,-0.411757,,,,,,,2.311280,,,,,,,0.000000,,,,,,,-0.930876,,,,,,,-3.355298,,,,,,
1.500000,,3.053867,,,,,,,0.720516,,,,,,,-2.656491,,,,,,,-0.818098,,,,,,,-0.369143,,,,,,,1.864475,,,,,,,0.000000,,,,,,,-0.684577,,,,,,,-3.542620,,,,,,
1.600000,,3.143731,,,,,,,0.529469,,,,,,,-2.743239,,,,,,,-0.729350,,,,,,,0.490887,,,,,,,1.302584,,,,,,,0.000000,,,,,,,-0.420603,,,,,,,-3.589716,,,,,,
1.700000,,3.041372,,,,,,,0.404010,,,,,,,-2.453673,,,,,,,-0.437749,,,,,,,0.304935,,,,,,,0.530830,,,,,,,0.000000,,,,,,,-0.160779,,,,,,,-3.472708,,,,,,
1.800000,,2.961315,,,,,,,0.331134,,,,,,,-2.200490,,,,,,,0.170810,,,,,,,1.064240,,,,,,,-0.261233,,,,,,,0.000000,,,,,,,-0.023064,,,,,,,-3.383356,,,,,,
1.900000,,2.661573,,,,,,,0.422773,,,,,,,-2.100427,,,,,,,1.075195,,,,,,,2.129592,,,,,,,-0.870513,,,,,,,0.000000,,,,,,,-0.137386,,,,,,,-2.992120,,,,,,
2.000000,,2.374065,,,,,,,0.649160,,,,,,,-1.909986,,,,,,,1.861250,,,,,,,2.482127,,,,,,,-1.310548,,,,,,,0.000000,,,,,,,-0.337753,,,,,,,-2.598713,,,,,,
2.100000,,1.968258,,,,,,,0.949668,,,,,,,-1.763875,,,,,,,2.516295,,,,,,,2.172206,,,,,,,-1.757353,,,,,,,0.000000,,,,,,,-0.589874,,,,,,,-2.148898,,,,,,
2.200000,,1.620733,,,,,,,1.301055,,,,,,,-1.473127,,,,,,,2.719148,,,,,,,1.912648,,,,,,,-1.872439,,,,,,,0.000000,,,,,,,-0.898240,,,,,,,-1.724392,,,,,,
2.300000,,1.158316,,,,,,,1.703913,,,,,,,-1.500194,,,,,,,2.435999,,,,,,,2.145088,,,,,,,-1.662576,,,,,,,0.000000,,,,,,,-1.257968,,,,,,,-1.274469,,,,,,
2.400000,,0.786486,,,,,,,2.032300,,,,,,,-1.130452,,,,,,,1.945772,,,,,,,1.637593,,,,,,,-1.385016,,,,,,,0.000000,,,,,,,-1.548435,,,,,,,-0.860341,,,,,,
2.500000,,0.492791,,,,,,,2.251164,,,,,,,-0.967566,,,,,,,1.379474,,,,,,,1.726695,,,,,,,-1.053297,,,,,,,0.000000,,,,,,,-1.775792,,,,,,,-0.527106,,,,,,
2.600000,,0.246826,,,,,,,2.427592,,,,,,,-0.749841,,,,,,,0.656811,,,,,,,0.579989,,,,,,,-0.579413,,,,,,,0.000000,,,,,,,-1.911591,,,,,,,-0.206232,,,,,,
2.700000,,0.198289,,,,,,,2.531201,,,,,,,-0.690637,,,,,,,-0.353227,,,,,,,-1.109078,,,,,,,0.002788,,,,,,,0.000000,,,,,,,-1.978072,,,,,,,-0.109872,,,,,,
2.800000,,0.359148,,,,,,,2.475600,,,,,,,-0.504766,,,,,,,-1.337908,,,,,,,-2.275154,,,,,,,0.740693,,,,,,,0.000000,,,,,,,-2.008112,,,,,,,-0.287087,,,,,,
2.900000,,0.687095,,,,,,,2.282925,,,,,,,-0.668085,,,,,,,-2.098606,,,,,,,-1.697927,,,,,,,1.762929,,,,,,,0.000000,,,,,,,-1.991721,,,,,,,-0.605610,,,,,,
3.000000,,0.948702,,,,,,,1.988970,,,,,,,-0.749674,,,,,,,-2.335268,,,,,,,-1.411250,,,,,,,1.938943,,,,,,,0.000000,,,,,,,-1.833094,,,,,,,-0.949069,,,,,,
3.100000,,1.177665,,,,,,,1.690598,,,,,,,-0.865070,,,,,,,-1.963371,,,,,,,-1.310526,,,,,,,1.762929,,,,,,,0.000000,,,,,,,-1.658940,,,,,,,-1.272690,,,,,,
3.200000,,1.325767,,,,,,,1.449793,,,,,,,-1.133615,,,,,,,-1.439335,,,,,,,-1.225298,,,,,,,1.613994,,,,,,,0.000000,,,,,,,-1.488918,,,,,,,-1.496338,,,,,,
3.300000,,1.581070,,,,,,,1.301156,,,,,,,-1.393236,,,,,,,-0.953333,,,,,,,-1.140070,,,,,,,1.370282,,,,,,,0.000000,,,,,,,-1.392528,,,,,,,-1.721056,,,,,,
3.400000,,1.743574,,,,,,,1.214771,,,,,,,-1.700550,,,,,,,-0.433523,,,,,,,-0.442749,,,,,,,0.997944,,,,,,,0.000000,,,,,,,-1.331029,,,,,,,-1.877998,,,,,,
3.500000,,1.775973,,,,,,,1.190669,,,,,,,-1.898097,,,,,,,0.048253,,,,,,,0.153848,,,,,,,0.307428,,,,,,,0.000000,,,,,,,-1.337637,,,,,,,-1.962004,,,,,,
3.600000,,1.699179,,,,,,,1.225111,,,,,,,-2.244716,,,,,,,0.403245,,,,,,,0.657469,,,,,,,-0.288312,,,,,,,0.000000,,,,,,,-1.322578,,,,,,,-1.897353,,,,,,
3.700000,,1.549190,,,,,,,1.350096,,,,,,,-2.190007,,,,,,,0.538480,,,,,,,0.548997,,,,,,,-1.209001,,,,,,,0.000000,,,,,,,-1.359684,,,,,,,-1.747560,,,,,,
3.800000,,1.454671,,,,,,,1.538672,,,,,,,-2.099177,,,,,,,0.504672,,,,,,,0.409533,,,,,,,-1.513641,,,,,,,0.000000,,,,,,,-1.499617,,,,,,,-1.579326,,,,,,
3.900000,,1.336294,,,,,,,1.692663,,,,,,,-1.967165,,,,,,,0.128549,,,,,,,0.444399,,,,,,,-1.676116,,,,,,,0.000000,,,,,,,-1.592597,,,,,,,-1.406244,,,,,,
4.000000,,1.278663,,,,,,,1.740806,,,,,,,-1.702438,,,,,,,-0.446201,,,,,,,0.382415,,,,,,,-1.825051,,,,,,,0.000000,,,,,,,-1.642060,,,,,,,-1.283119,,,,,,
4.100000,,1.097700,,,,,,,1.685265,,,,,,,-1.583560,,,,,,,-1.029403,,,,,,,0.793060,,,,,,,-1.791202,,,,,,,0.000000,,,,,,,-1.608694,,,,,,,-1.161248,,,,,,
4.200000,,0.898697,,,,,,,1.532721,,,,,,,-1.104492,,,,,,,-1.659092,,,,,,,0.773690,,,,,,,-1.919828,,,,,,,0.000000,,,,,,,-1.505303,,,,,,,-0.999408,,,,,,
4.300000,,0.744264,,,,,,,1.273789,,,,,,,-0.695193,,,,,,,-2.060571,,,,,,,0.928650,,,,,,,-1.588109,,,,,,,0.000000,,,,,,,-1.260225,,,,,,,-0.873643,,,,,,
4.400000,,0.536609,,,,,,,0.928841,,,,,,,-0.224438,,,,,,,-2.187354,,,,,,,1.087484,,,,,,,-1.391785,,,,,,,0.000000,,,,,,,-0.959404,,,,,,,-0.704587,,,,,,
4.500000,,0.323197,,,,,,,0.569905,,,,,,,0.050962,,,,,,,-2.191580,,,,,,,0.990634,,,,,,,-1.242850,,,,,,,0.000000,,,,,,,-0.620945,,,,,,,-0.513274,,,,,,
4.600000,,0.144051,,,,,,,0.217527,,,,,,,0.406990,,,,,,,-1.899980,,,,,,,1.013878,,,,,,,-1.222541,,,,,,,0.000000,,,,,,,-0.279716,,,,,,,-0.287205,,,,,,
4.700000,,0.003243,,,,,,,-0.086800,,,,,,,0.574934,,,,,,,-1.836588,,,,,,,0.897658,,,,,,,-1.195462,,,,,,,0.000000,,,,,,,-0.012322,,,,,,,-0.117781,,,,,,
4.800000,,-0.100732,,,,,,,-0.324156,,,,,,,0.634283,,,,,,,-1.544987,,,,,,,0.843422,,,,,,,-1.005908,,,,,,,0.000000,,,,,,,0.221471,,,,,,,0.012667,,,,,,
4.900000,,-0.190405,,,,,,,-0.549513,,,,,,,0.789230,,,,,,,-1.164638,,,,,,,0.483139,,,,,,,-0.863743,,,,,,,0.000000,,,,,,,0.440919,,,,,,,0.161992,,,,,,
5.000000,,-0.259484,,,,,,,-0.718143,,,,,,,0.711424,,,,,,,-0.699767,,,,,,,0.463769,,,,,,,-0.559103,,,,,,,0.000000,,,,,,,0.623687,,,,,,,0.256190,,,,,,
5.100000,,-0.317932,,,,,,,-0.817450,,,,,,,0.631927,,,,,,,-0.365905,,,,,,,0.301061,,,,,,,-0.464327,,,,,,,0.000000,,,,,,,0.745902,,,,,,,0.350218,,,,,,
5.200000,,-0.334946,,,,,,,-0.823951,,,,,,,0.482205,,,,,,,-0.201087,,,,,,,0.169344,,,,,,,-0.389859,,,,,,,0.000000,,,,,,,0.762272,,,,,,,0.384317,,,,,,
5.300000,,-0.340435,,,,,,,-0.816959,,,,,,,0.451376,,,,,,,-0.032043,,,,,,,0.161596,,,,,,,-0.261233,,,,,,,0.000000,,,,,,,0.754882,,,,,,,0.390369,,,,,,
5.400000,,-0.377774,,,,,,,-0.821160,,,,,,,0.284464,,,,,,,-0.103887,,,,,,,0.056998,,,,,,,-0.112298,,,,,,,0.000000,,,,,,,0.756247,,,,,,,0.400171,,,,,,
0.000000,,,-0.518587,,,,,,,-0.707648,,,,,,,0.350582,,,,,,,-0.133470,,,,,,,0.037628,,,,,,,0.192341,,,,,,,0.000000,,,,,,,0.609727,,,,,,,0.497923,,,,,
0.100000,,,-0.522664,,,,,,,-0.730106,,,,,,,0.461858,,,,,,,-0.103887,,,,,,,0.134478,,,,,,,0.320967,,,,,,,0.000000,,,,,,,0.610616,,,,,,,0.490841,,,,,
0.200000,,,-0.528949,,,,,,,-0.725147,,,,,,,0.750230,,,,,,,-0.023591,,,,,,,-0.159946,,,,,,,0.530830,,,,,,,0.000000,,,,,,,0.586318,,,,,,,0.526863,,,,,
0.300000,,,-0.493941,,,,,,,-0.696736,,,,,,,0.911946,,,,,,,0.331401,,,,,,,-0.419505,,,,,,,0.625607,,,,,,,0.000000,,,,,,,0.550647,,,,,,,0.469111,,,,,
0.400000,,,-0.406677,,,,,,,-0.635636,,,,,,,0.989802,,,,,,,0.792046,,,,,,,-0.733299,,,,,,,0.747463,,,,,,,0.000000,,,,,,,0.523434,,,,,,,0.372576,,,,,
0.500000,,,-0.323446,,,,,,,-0.478618,,,,,,,0.919811,,,,,,,1.197752,,,,,,,-0.884385,,,,,,,0.977635,,,,,,,0.000000,,,,,,,0.420236,,,,,,,0.225556,,,,,
0.600000,,,-0.214562,,,,,,,-0.292533,,,,,,,0.624402,,,,,,,1.480901,,,,,,,-1.101330,,,,,,,1.329663,,,,,,,0.000000,,,,,,,0.301665,,,,,,,0.059937,,,,,
0.700000,,,-0.027996,,,,,,,-0.094010,,,,,,,0.322744,,,,,,,1.599232,,,,,,,-1.690179,,,,,,,1.634303,,,,,,,0.000000,,,,,,,0.144576,,,,,,,-0.187033,,,,,
0.800000,,,0.308828,,,,,,,0.115031,,,,,,,-0.132533,,,,,,,1.730241,,,,,,,-1.910997,,,,,,,2.013410,,,,,,,0.000000,,,,,,,0.005997,,,,,,,-0.598677,,,,,
0.900000,,,0.670101,,,,,,,0.362537,,,,,,,-0.729457,,,,,,,1.620362,,,,,,,-1.972981,,,,,,,2.351899,,,,,,,0.000000,,,,,,,-0.190053,,,,,,,-1.030015,,,,,
1.000000,,,1.018110,,,,,,,0.543033,,,,,,,-1.447221,,,,,,,1.358344,,,,,,,-1.856761,,,,,,,2.494064,,,,,,,0.000000,,,,,,,-0.309606,,,,,,,-1.445378,,,,,
1.100000,,,1.395480,,,,,,,0.670654,,,,,,,-2.087075,,,,,,,0.779368,,,,,,,-1.639817,,,,,,,2.697157,,,,,,,0.000000,,,,,,,-0.378226,,,,,,,-1.833593,,,,,
1.200000,,,1.683331,,,,,,,0.719787,,,,,,,-2.590648,,,,,,,0.035574,,,,,,,-1.236920,,,,,,,2.710697,,,,,,,0.000000,,,,,,,-0.422881,,,,,,,-2.170153,,,,,
1.300000,,,1.922504,,,,,,,0.613370,,,,,,,-2.562143,,,,,,,-0.526497,,,,,,,-1.260164,,,,,,,2.561762,,,,,,,0.000000,,,,,,,-0.363455,,,,,,,-2.376577,,,,,
1.400000,,,2.200803,,,,,,,0.522716,,,,,,,-2.570708,,,,,,,-0.796967,,,,,,,-0.760417,,,,,,,2.277431,,,,,,,0.000000,,,,,,,-0.285431,,,,,,,-2.599629,,,,,
1.500000,,,2.263087,,,,,,,0.415819,,,,,,,-2.546899,,,,,,,-0.847681,,,,,,,0.351423,,,,,,,1.695231,,,,,,,0.000000,,,,,,,-0.190886,,,,,,,-2.652611,,,,,
1.600000,,,2.134975,,,,,,,0.282837,,,,,,,-2.386215,,,,,,,-0.687089,,,,,,,0.289439,,,,,,,1.248426,,,,,,,0.000000,,,,,,,-0.092505,,,,,,,-2.533933,,,,,
1.700000,,,2.097843,,,,,,,0.191283,,,,,,,-2.190110,,,,,,,-0.167278,,,,,,,0.157722,,,,,,,0.544370,,,,,,,0.000000,,,,,,,0.001022,,,,,,,-2.420511,,,,,
1.800000,,,1.937765,,,,,,,0.251331,,,,,,,-2.099554,,,,,,,0.694846,,,,,,,0.618729,,,,,,,-0.017522,,,,,,,0.000000,,,,,,,-0.075638,,,,,,,-2.329478,,,,,
1.900000,,,1.685715,,,,,,,0.439926,,,,,,,-1.680422,,,,,,,1.616136,,,,,,,1.474885,,,,,,,-0.471096,,,,,,,0.000000,,,,,,,-0.275194,,,,,,,-2.072855,,,,,
2.000000,,,1.485449,,,,,,,0.728135,,,,,,,-1.528142,,,,,,,2.423321,,,,,,,1.854538,,,,,,,-0.965290,,,,,,,0.000000,,,,,,,-0.543222,,,,,,,-1.749125,,,,,
2.100000,,,1.219116,,,,,,,1.191249,,,,,,,-1.947293,,,,,,,2.922001,,,,,,,1.521373,,,,,,,-1.452713,,,,,,,0.000000,,,,,,,-0.845187,,,,,,,-1.427487,,,,,
2.200000,,,0.871188,,,,,,,1.556020,,,,,,,-1.825720,,,,,,,2.879740,,,,,,,1.319925,,,,,,,-1.452713,,,,,,,0.000000,,,,,,,-1.156414,,,,,,,-1.049610,,,,,
2.300000,,,0.676709,,,,,,,1.914929,,,,,,,-1.659090,,,,,,,2.647304,,,,,,,0.777564,,,,,,,-1.181922,,,,,,,0.000000,,,,,,,-1.454293,,,,,,,-0.771518,,,,,
2.400000,,,0.531184,,,,,,,2.277033,,,,,,,-1.459143,,,,,,,2.186660,,,,,,,0.948020,,,,,,,-1.154843,,,,,,,0.000000,,,,,,,-1.743456,,,,,,,-0.510068,,,,,
2.500000,,,0.267820,,,,,,,2.550899,,,,,,,-1.279615,,,,,,,1.425961,,,,,,,0.982886,,,,,,,-0.836664,,,,,,,0.000000,,,,,,,-1.957257,,,,,,,-0.240987,,,,,
2.600000,,,0.100820,,,,,,,2.702482,,,,,,,-0.946955,,,,,,,0.373662,,,,,,,0.529627,,,,,,,-0.525254,,,,,,,0.000000,,,,,,,-2.071256,,,,,,,-0.001985,,,,,
2.700000,,,0.029662,,,,,,,2.725289,,,,,,,-0.988205,,,,,,,-0.737802,,,,,,,-0.772039,,,,,,,-0.268003,,,,,,,0.000000,,,,,,,-2.070898,,,,,,,0.060600,,,,,
2.800000,,,-0.002389,,,,,,,2.649607,,,,,,,-0.851880,,,,,,,-1.730936,,,,,,,-1.752163,,,,,,,0.266809,,,,,,,0.000000,,,,,,,-2.026313,,,,,,,0.035704,,,,,
2.900000,,,0.205818,,,,,,,2.404760,,,,,,,-1.338608,,,,,,,-2.462051,,,,,,,-1.941989,,,,,,,0.909937,,,,,,,0.000000,,,,,,,-1.959258,,,,,,,-0.227316,,,,,
3.000000,,,0.478514,,,,,,,2.125645,,,,,,,-1.440181,,,,,,,-2.538121,,,,,,,-2.007848,,,,,,,1.018254,,,,,,,0.000000,,,,,,,-1.797288,,,,,,,-0.572330,,,,,
3.100000,,,0.765490,,,,,,,1.863536,,,,,,,-1.503568,,,,,,,-2.445147,,,,,,,-1.845139,,,,,,,0.889628,,,,,,,0.000000,,,,,,,-1.660056,,,,,,,-0.914191,,,,,
3.200000,,,0.974120,,,,,,,1.561357,,,,,,,-1.613968,,,,,,,-2.030989,,,,,,,-1.585581,,,,,,,0.896398,,,,,,,0.000000,,,,,,,-1.440693,,,,,,,-1.177610,,,,,
3.300000,,,1.181809,,,,,,,1.329279,,,,,,,-1.754955,,,,,,,-1.506952,,,,,,,-1.306652,,,,,,,0.740693,,,,,,,0.000000,,,,,,,-1.282882,,,,,,,-1.413206,,,,,
3.400000,,,1.351440,,,,,,,1.187385,,,,,,,-2.037017,,,,,,,-0.953333,,,,,,,-1.260164,,,,,,,0.544370,,,,,,,0.000000,,,,,,,-1.194427,,,,,,,-1.566509,,,,,
3.500000,,,1.494536,,,,,,,1.125926,,,,,,,-2.266195,,,,,,,-0.395488,,,,,,,-0.961866,,,,,,,0.232960,,,,,,,0.000000,,,,,,,-1.186381,,,,,,,-1.667046,,,,,
3.600000,,,1.610691,,,,,,,1.131549,,,,,,,-2.496941,,,,,,,0.158131,,,,,,,-0.365269,,,,,,,-0.112298,,,,,,,0.000000,,,,,,,-1.198694,,,,,,,-1.777872,,,,,
3.700000,,,1.579885,,,,,,,1.209610,,,,,,,-1.742188,,,,,,,0.593420,,,,,,,0.262321,,,,,,,-0.538794,,,,,,,0.000000,,,,,,,-1.265939,,,,,,,-1.704057,,,,,
3.800000,,,1.531740,,,,,,,1.397975,,,,,,,-1.651548,,,,,,,0.644133,,,,,,,0.285565,,,,,,,-0.917901,,,,,,,0.000000,,,,,,,-1.434776,,,,,,,-1.518842,,,,,
3.900000,,,1.414579,,,,,,,1.568010,,,,,,,-1.651679,,,,,,,0.614550,,,,,,,0.289439,,,,,,,-1.012678,,,,,,,0.000000,,,,,,,-1.527745,,,,,,,-1.323859,,,,,
4.000000,,,1.359779,,,,,,,1.777097,,,,,,,-1.466047,,,,,,,0.221523,,,,,,,0.080242,,,,,,,-1.290239,,,,,,,0.000000,,,,,,,-1.755537,,,,,,,-1.147373,,,,,
4.100000,,,1.288009,,,,,,,1.917684,,,,,,,-1.279194,,,,,,,-0.196861,,,,,,,0.041502,,,,,,,-1.398555,,,,,,,0.000000,,,,,,,-1.911707,,,,,,,-0.975334,,,,,
4.200000,,,1.229383,,,,,,,1.946457,,,,,,,-1.069316,,,,,,,-0.632149,,,,,,,0.297187,,,,,,,-1.479792,,,,,,,0.000000,,,,,,,-1.938758,,,,,,,-0.897990,,,,,
4.300000,,,1.111597,,,,,,,1.874483,,,,,,,-0.778473,,,,,,,-1.067438,,,,,,,0.669091,,,,,,,-1.405325,,,,,,,0.000000,,,,,,,-1.915499,,,,,,,-0.821322,,,,,
4.400000,,,0.906548,,,,,,,1.744249,,,,,,,-0.419619,,,,,,,-1.422430,,,,,,,0.765942,,,,,,,-1.303778,,,,,,,0.000000,,,,,,,-1.823664,,,,,,,-0.640817,,,,,
4.500000,,,0.701071,,,,,,,1.568578,,,,,,,-0.152485,,,,,,,-1.726709,,,,,,,0.940272,,,,,,,-1.242850,,,,,,,0.000000,,,,,,,-1.662339,,,,,,,-0.475707,,,,,
4.600000,,,0.453459,,,,,,,1.290996,,,,,,,0.070502,,,,,,,-1.899980,,,,,,,1.075862,,,,,,,-1.154843,,,,,,,0.000000,,,,,,,-1.399467,,,,,,,-0.322013,,,,,
4.700000,,,0.235503,,,,,,,0.988033,,,,,,,0.344389,,,,,,,-2.026763,,,,,,,1.110728,,,,,,,-1.154843,,,,,,,0.000000,,,,,,,-1.150120,,,,,,,-0.162056,,,,,
4.800000,,,0.068943,,,,,,,0.644264,,,,,,,0.618058,,,,,,,-1.861945,,,,,,,0.913154,,,,,,,-1.161613,,,,,,,0.000000,,,,,,,-0.808743,,,,,,,-0.061708,,,,,
4.900000,,,-0.095158,,,,,,,0.336452,,,,,,,0.509496,,,,,,,-1.735162,,,,,,,0.824052,,,,,,,-1.202232,,,,,,,0.000000,,,,,,,-0.495075,,,,,,,0.011129,,,,,
5.000000,,,-0.199180,,,,,,,0.047213,,,,,,,0.582402,,,,,,,-1.443561,,,,,,,0.746572,,,,,,,-1.148074,,,,,,,0.000000,,,,,,,-0.224229,,,,,,,0.110948,,,,,
5.100000,,,-0.296561,,,,,,,-0.193803,,,,,,,0.571487,,,,,,,-1.160412,,,,,,,0.490887,,,,,,,-0.992369,,,,,,,0.000000,,,,,,,0.048616,,,,,,,0.230747,,,,,
5.200000,,,-0.306350,,,,,,,-0.404435,,,,,,,0.539971,,,,,,,-0.889942,,,,,,,0.293313,,,,,,,-0.870513,,,,,,,0.000000,,,,,,,0.270027,,,,,,,0.259576,,,,,
5.300000,,,-0.300021,,,,,,,-0.570818,,,,,,,0.449069,,,,,,,-0.619471,,,,,,,0.200337,,,,,,,-0.741887,,,,,,,0.000000,,,,,,,0.449811,,,,,,,0.283226,,,,,
5.400000,,,-0.260870,,,,,,,-0.679685,,,,,,,0.361595,,,,,,,-0.382810,,,,,,,0.029880,,,,,,,-0.626801,,,,,,,0.000000,,,,,,,0.574046,,,,,,,0.242008,,,,,
5.500000,,,-0.247721,,,,,,,-0.744964,,,,,,,0.293043,,,,,,,-0.120791,,,,,,,-0.125080,,,,,,,-0.457557,,,,,,,0.000000,,,,,,,0.656044,,,,,,,0.253454,,,,,
5.600000,,,-0.265999,,,,,,,-0.759041,,,,,,,0.016713,,,,,,,-0.053174,,,,,,,0.049250,,,,,,,-0.213845,,,,,,,0.000000,,,,,,,0.682663,,,,,,,0.257021,,,,,
0.000000,,,,-0.374857,,,,,,,-0.696883,,,,,,,0.287484,,,,,,,-0.108113,,,,,,,-0.024356,,,,,,,0.077255,,,,,,,0.000000,,,,,,,0.618710,,,,,,,0.394934,,,,
0.100000,,,,-0.359124,,,,,,,-0.719753,,,,,,,0.360221,,,,,,,-0.196861,,,,,,,0.033754,,,,,,,0.165262,,,,,,,0.000000,,,,,,,0.645871,,,,,,,0.400167,,,,
0.200000,,,,-0.375483,,,,,,,-0.741902,,,,,,,0.476018,,,,,,,-0.251800,,,,,,,0.068620,,,,,,,0.408974,,,,,,,0.000000,,,,,,,0.649612,,,,,,,0.406437,,,,
0.300000,,,,-0.312327,,,,,,,-0.761926,,,,,,,0.726447,,,,,,,-0.125017,,,,,,,-0.070844,,,,,,,0.530830,,,,,,,0.000000,,,,,,,0.649085,,,,,,,0.374166,,,,
0.400000,,,,-0.303383,,,,,,,-0.773829,,,,,,,0.885204,,,,,,,0.073609,,,,,,,-0.361395,,,,,,,0.632377,,,,,,,0.000000,,,,,,,0.651726,,,,,,,0.356107,,,,
0.500000,,,,-0.235516,,,,,,,-0.760597,,,,,,,0.989774,,,,,,,0.462411,,,,,,,-0.806905,,,,,,,0.882858,,,,,,,0.000000,,,,,,,0.663382,,,,,,,0.298260,,,,
0.600000,,,,-0.133304,,,,,,,-0.652455,,,,,,,0.887851,,,,,,,0.897699,,,,,,,-1.194306,,,,,,,1.241656,,,,,,,0.000000,,,,,,,0.597127,,,,,,,0.164435,,,,
0.700000,,,,0.085255,,,,,,,-0.500907,,,,,,,0.566523,,,,,,,1.269596,,,,,,,-1.798651,,,,,,,1.397361,,,,,,,0.000000,,,,,,,0.501902,,,,,,,-0.104449,,,,
0.800000,,,,0.490704,,,,,,,-0.301207,,,,,,,0.111288,,,,,,,1.540066,,,,,,,-2.124068,,,,,,,1.715540,,,,,,,0.000000,,,,,,,0.350626,,,,,,,-0.617650,,,,
0.900000,,,,0.913420,,,,,,,-0.051920,,,,,,,-0.427529,,,,,,,1.666849,,,,,,,-2.100824,,,,,,,2.074338,,,,,,,0.000000,,,,,,,0.100768,,,,,,,-1.158595,,,,
1.000000,,,,1.322165,,,,,,,0.153212,,,,,,,-0.936111,,,,,,,1.649945,,,,,,,-2.174430,,,,,,,2.067568,,,,,,,0.000000,,,,,,,-0.044406,,,,,,,-1.636496,,,,
1.100000,,,,1.602586,,,,,,,0.320850,,,,,,,-1.637945,,,,,,,1.455544,,,,,,,-1.883879,,,,,,,2.284201,,,,,,,0.000000,,,,,,,-0.157179,,,,,,,-2.081739,,,,
1.200000,,,,1.996441,,,,,,,0.427066,,,,,,,-2.193153,,,,,,,1.113230,,,,,,,-1.589455,,,,,,,2.257122,,,,,,,0.000000,,,,,,,-0.194758,,,,,,,-2.510908,,,,
1.300000,,,,2.317994,,,,,,,0.493768,,,,,,,-2.747926,,,,,,,0.576515,,,,,,,-0.988984,,,,,,,1.959252,,,,,,,0.000000,,,,,,,-0.252206,,,,,,,-2.923289,,,,
1.400000,,,,2.576235,,,,,,,0.440617,,,,,,,-2.985953,,,,,,,0.035574,,,,,,,-0.423379,,,,,,,1.620763,,,,,,,0.000000,,,,,,,-0.197807,,,,,,,-3.179558,,,,
1.500000,,,,2.662601,,,,,,,0.379788,,,,,,,-3.009782,,,,,,,-0.370131,,,,,,,0.475391,,,,,,,1.451519,,,,,,,0.000000,,,,,,,-0.158331,,,,,,,-3.234745,,,,
1.600000,,,,2.510638,,,,,,,0.238188,,,,,,,-2.779019,,,,,,,-0.594115,,,,,,,0.812430,,,,,,,1.085951,,,,,,,0.000000,,,,,,,-0.043706,,,,,,,-3.024084,,,,
1.700000,,,,2.374439,,,,,,,0.116751,,,,,,,-2.536533,,,,,,,-0.264479,,,,,,,0.498635,,,,,,,0.571449,,,,,,,0.000000,,,,,,,0.123246,,,,,,,-2.781613,,,,
1.800000,,,,2.246036,,,,,,,0.070281,,,,,,,-2.434277,,,,,,,0.310271,,,,,,,0.607107,,,,,,,0.144953,,,,,,,0.000000,,,,,,,0.141560,,,,,,,-2.626535,,,,
1.900000,,,,2.148292,,,,,,,0.156008,,,,,,,-2.100686,,,,,,,1.011804,,,,,,,1.025500,,,,,,,-0.423708,,,,,,,0.000000,,,,,,,0.034584,,,,,,,-2.452123,,,,
2.000000,,,,1.864593,,,,,,,0.386058,,,,,,,-1.548480,,,,,,,1.928867,,,,,,,2.055986,,,,,,,-0.748657,,,,,,,0.000000,,,,,,,-0.220928,,,,,,,-2.183986,,,,
2.100000,,,,1.344131,,,,,,,0.610697,,,,,,,-0.381981,,,,,,,3.340385,,,,,,,3.028362,,,,,,,-0.978829,,,,,,,0.000000,,,,,,,-0.514974,,,,,,,-1.765881,,,,
2.200000,,,,1.122283,,,,,,,1.013956,,,,,,,0.019457,,,,,,,3.746091,,,,,,,2.629339,,,,,,,-1.303778,,,,,,,0.000000,,,,,,,-0.871495,,,,,,,-1.398021,,,,
2.300000,,,,0.857177,,,,,,,1.406423,,,,,,,0.233022,,,,,,,3.754543,,,,,,,2.257434,,,,,,,-1.324088,,,,,,,0.000000,,,,,,,-1.201895,,,,,,,-1.076617,,,,
2.400000,,,,0.641406,,,,,,,1.808262,,,,,,,0.347101,,,,,,,3.543238,,,,,,,2.257434,,,,,,,-1.209001,,,,,,,0.000000,,,,,,,-1.521803,,,,,,,-0.777991,,,,
2.500000,,,,0.407165,,,,,,,2.154644,,,,,,,0.523719,,,,,,,2.960036,,,,,,,2.311670,,,,,,,-1.012678,,,,,,,0.000000,,,,,,,-1.820962,,,,,,,-0.498758,,,,
2.600000,,,,0.200395,,,,,,,2.452271,,,,,,,0.802691,,,,,,,2.089459,,,,,,,2.257434,,,,,,,-0.647110,,,,,,,0.000000,,,,,,,-2.057394,,,,,,,-0.193589,,,,
2.700000,,,,0.009544,,,,,,,2.627862,,,,,,,0.936215,,,,,,,1.037160,,,,,,,1.350917,,,,,,,-0.200305,,,,,,,0.000000,,,,,,,-2.195359,,,,,,,0.101800,,,,
2.800000,,,,0.045031,,,,,,,2.665105,,,,,,,0.699129,,,,,,,-0.141922,,,,,,,-0.369143,,,,,,,0.280348,,,,,,,0.000000,,,,,,,-2.241469,,,,,,,0.204522,,,,
2.900000,,,,0.411842,,,,,,,2.674108,,,,,,,-0.209225,,,,,,,-1.777423,,,,,,,-1.759911,,,,,,,0.774542,,,,,,,0.000000,,,,,,,-2.230018,,,,,,,0.045230,,,,
3.000000,,,,0.559456,,,,,,,2.480726,,,,,,,-0.715981,,,,,,,-2.424016,,,,,,,-2.038840,,,,,,,1.336433,,,,,,,0.000000,,,,,,,-2.137346,,,,,,,-0.214861,,,,
3.100000,,,,0.868864,,,,,,,2.232465,,,,,,,-0.814829,,,,,,,-2.694486,,,,,,,-1.787029,,,,,,,1.424440,,,,,,,0.000000,,,,,,,-2.025191,,,,,,,-0.581244,,,,
3.200000,,,,1.119657,,,,,,,1.906074,,,,,,,-0.954791,,,,,,,-2.559251,,,,,,,-1.515849,,,,,,,1.316124,,,,,,,0.000000,,,,,,,-1.835240,,,,,,,-0.959639,,,,
3.300000,,,,1.274267,,,,,,,1.592116,,,,,,,-1.001991,,,,,,,-2.178902,,,,,,,-1.287282,,,,,,,1.241656,,,,,,,0.000000,,,,,,,-1.611674,,,,,,,-1.206512,,,,
3.400000,,,,1.424094,,,,,,,1.356152,,,,,,,-1.213774,,,,,,,-1.477370,,,,,,,-1.174936,,,,,,,0.950556,,,,,,,0.000000,,,,,,,-1.453114,,,,,,,-1.407963,,,,
3.500000,,,,1.559723,,,,,,,1.201993,,,,,,,-1.500997,,,,,,,-0.835002,,,,,,,-0.969614,,,,,,,0.605298,,,,,,,0.000000,,,,,,,-1.337338,,,,,,,-1.593394,,,,
3.600000,,,,1.599805,,,,,,,1.130944,,,,,,,-1.765435,,,,,,,-0.302514,,,,,,,-0.431127,,,,,,,0.138183,,,,,,,0.000000,,,,,,,-1.270939,,,,,,,-1.683421,,,,
3.700000,,,,1.587134,,,,,,,1.154463,,,,,,,-1.920756,,,,,,,0.145453,,,,,,,-0.101836,,,,,,,-0.342471,,,,,,,0.000000,,,,,,,-1.284015,,,,,,,-1.675811,,,,
3.800000,,,,1.508752,,,,,,,1.263623,,,,,,,-1.647622,,,,,,,0.394793,,,,,,,0.467643,,,,,,,-0.789276,,,,,,,0.000000,,,,,,,-1.374661,,,,,,,-1.521802,,,,
3.900000,,,,1.338185,,,,,,,1.386922,,,,,,,-1.529457,,,,,,,0.568063,,,,,,,0.428903,,,,,,,-1.060066,,,,,,,0.000000,,,,,,,-1.432307,,,,,,,-1.279621,,,,
4.000000,,,,1.193705,,,,,,,1.588464,,,,,,,-1.397626,,,,,,,0.437054,,,,,,,0.351423,,,,,,,-1.263160,,,,,,,0.000000,,,,,,,-1.574808,,,,,,,-0.977928,,,,
4.100000,,,,1.079232,,,,,,,1.724238,,,,,,,-1.279228,,,,,,,0.077835,,,,,,,0.494761,,,,,,,-1.561030,,,,,,,0.000000,,,,,,,-1.709542,,,,,,,-0.784488,,,,
4.200000,,,,0.927125,,,,,,,1.756492,,,,,,,-1.057326,,,,,,,-0.530723,,,,,,,0.672965,,,,,,,-1.750583,,,,,,,0.000000,,,,,,,-1.730592,,,,,,,-0.624881,,,,
4.300000,,,,0.747553,,,,,,,1.663625,,,,,,,-0.604126,,,,,,,-1.126603,,,,,,,0.905406,,,,,,,-1.879209,,,,,,,0.000000,,,,,,,-1.644146,,,,,,,-0.439665,,,,
4.400000,,,,0.566041,,,,,,,1.505978,,,,,,,-0.114877,,,,,,,-1.553439,,,,,,,1.106854,,,,,,,-1.872439,,,,,,,0.000000,,,,,,,-1.505944,,,,,,,-0.285224,,,,
4.500000,,,,0.321599,,,,,,,1.250010,,,,,,,0.291655,,,,,,,-1.823910,,,,,,,1.118476,,,,,,,-2.021374,,,,,,,0.000000,,,,,,,-1.265428,,,,,,,-0.089586,,,,
4.600000,,,,0.084955,,,,,,,0.911466,,,,,,,0.466550,,,,,,,-1.870397,,,,,,,1.238570,,,,,,,-1.953676,,,,,,,0.000000,,,,,,,-0.945048,,,,,,,0.028646,,,,
4.700000,,,,-0.117294,,,,,,,0.587928,,,,,,,0.979755,,,,,,,-1.768970,,,,,,,1.137846,,,,,,,-1.845360,,,,,,,0.000000,,,,,,,-0.661030,,,,,,,0.179966,,,,
4.800000,,,,-0.300893,,,,,,,0.291158,,,,,,,0.967353,,,,,,,-1.540761,,,,,,,0.998382,,,,,,,-1.628727,,,,,,,0.000000,,,,,,,-0.373513,,,,,,,0.274586,,,,
4.900000,,,,-0.440783,,,,,,,0.024678,,,,,,,1.049056,,,,,,,-1.422430,,,,,,,0.762068,,,,,,,-1.493332,,,,,,,0.000000,,,,,,,-0.128660,,,,,,,0.382566,,,,
5.000000,,,,-0.515773,,,,,,,-0.187540,,,,,,,1.046740,,,,,,,-1.105473,,,,,,,0.560619,,,,,,,-1.330857,,,,,,,0.000000,,,,,,,0.068991,,,,,,,0.437130,,,,
5.100000,,,,-0.595976,,,,,,,-0.334533,,,,,,,0.928972,,,,,,,-0.720898,,,,,,,0.502509,,,,,,,-1.141304,,,,,,,0.000000,,,,,,,0.202435,,,,,,,0.500746,,,,
5.200000,,,,-0.647028,,,,,,,-0.466355,,,,,,,0.840555,,,,,,,-0.441975,,,,,,,0.425029,,,,,,,-0.917901,,,,,,,0.000000,,,,,,,0.334045,,,,,,,0.557148,,,,
5.300000,,,,-0.653232,,,,,,,-0.531396,,,,,,,0.769094,,,,,,,-0.256027,,,,,,,0.335927,,,,,,,-0.532024,,,,,,,0.000000,,,,,,,0.405369,,,,,,,0.570235,,,,
5.400000,,,,-0.652843,,,,,,,-0.567630,,,,,,,0.806455,,,,,,,-0.099661,,,,,,,0.149974,,,,,,,-0.437247,,,,,,,0.000000,,,,,,,0.453367,,,,,,,0.622443,,,,
5.500000,,,,-0.660852,,,,,,,-0.571277,,,,,,,0.398883,,,,,,,-0.040495,,,,,,,0.099612,,,,,,,-0.349240,,,,,,,0.000000,,,,,,,0.459602,,,,,,,0.610647,,,,
5.600000,,,,-0.642105,,,,,,,-0.609995,,,,,,,0.562586,,,,,,,-0.057400,,,,,,,0.018258,,,,,,,-0.369550,,,,,,,0.000000,,,,,,,0.484839,,,,,,,0.613205,,,,
5.700000,,,,-0.634510,,,,,,,-0.612342,,,,,,,0.487882,,,,,,,0.027122,,,,,,,0.072494,,,,,,,-0.240924,,,,,,,0.000000,,,,,,,0.501727,,,,,,,0.599026,,,,
0.000000,,,,,-0.728789,,,,,,,-0.626356,,,,,,,0.441641,,,,,,,-0.310966,,,,,,,0.022132,,,,,,,0.090795,,,,,,,0.000000,,,,,,,0.515455,,,,,,,0.655825,,,
0.100000,,,,,-0.727488,,,,,,,-0.673209,,,,,,,0.545877,,,,,,,-0.361679,,,,,,,-0.028230,,,,,,,0.124644,,,,,,,0.000000,,,,,,,0.565332,,,,,,,0.663312,,,
0.200000,,,,,-0.764821,,,,,,,-0.764126,,,,,,,0.925772,,,,,,,-0.272931,,,,,,,-0.148324,,,,,,,0.327737,,,,,,,0.000000,,,,,,,0.600992,,,,,,,0.683917,,,
0.300000,,,,,-0.734700,,,,,,,-0.755535,,,,,,,1.145973,,,,,,,0.238427,,,,,,,-0.276166,,,,,,,0.639146,,,,,,,0.000000,,,,,,,0.584503,,,,,,,0.671356,,,
0.400000,,,,,-0.684614,,,,,,,-0.685645,,,,,,,1.284917,,,,,,,0.910377,,,,,,,-0.496985,,,,,,,0.896398,,,,,,,0.000000,,,,,,,0.510113,,,,,,,0.602350,,,
0.500000,,,,,-0.685619,,,,,,,-0.508459,,,,,,,1.144272,,,,,,,1.573875,,,,,,,-0.721677,,,,,,,1.126570,,,,,,,0.000000,,,,,,,0.361896,,,,,,,0.536476,,,
0.600000,,,,,-0.581674,,,,,,,-0.245154,,,,,,,0.868538,,,,,,,1.966902,,,,,,,-1.376384,,,,,,,1.458289,,,,,,,0.000000,,,,,,,0.170713,,,,,,,0.405944,,,
0.700000,,,,,-0.352056,,,,,,,0.044098,,,,,,,0.488466,,,,,,,2.135946,,,,,,,-1.790903,,,,,,,1.945712,,,,,,,0.000000,,,,,,,-0.043638,,,,,,,0.179781,,,
0.800000,,,,,-0.053493,,,,,,,0.384416,,,,,,,0.038464,,,,,,,2.173981,,,,,,,-1.814147,,,,,,,2.521143,,,,,,,0.000000,,,,,,,-0.373843,,,,,,,-0.113020,,,
0.900000,,,,,0.228450,,,,,,,0.692212,,,,,,,-0.676975,,,,,,,2.042972,,,,,,,-1.837391,,,,,,,2.866401,,,,,,,0.000000,,,,,,,-0.680708,,,,,,,-0.462600,,,
1.000000,,,,,0.655345,,,,,,,0.961477,,,,,,,-1.527499,,,,,,,1.628814,,,,,,,-2.178304,,,,,,,2.995027,,,,,,,0.000000,,,,,,,-0.890972,,,,,,,-0.922439,,,
1.100000,,,,,1.170915,,,,,,,1.099643,,,,,,,-2.116392,,,,,,,0.889247,,,,,,,-2.170556,,,,,,,2.961178,,,,,,,0.000000,,,,,,,-1.025036,,,,,,,-1.518751,,,
1.200000,,,,,1.645503,,,,,,,1.110749,,,,,,,-2.491103,,,,,,,0.149679,,,,,,,-1.763785,,,,,,,2.717466,,,,,,,0.000000,,,,,,,-1.002221,,,,,,,-1.988501,,,
1.300000,,,,,2.048554,,,,,,,1.051524,,,,,,,-2.732046,,,,,,,-0.416618,,,,,,,-1.190432,,,,,,,2.399287,,,,,,,0.000000,,,,,,,-0.982608,,,,,,,-2.386481,,,
1.400000,,,,,2.275786,,,,,,,0.901615,,,,,,,-2.881714,,,,,,,-0.623697,,,,,,,-0.593835,,,,,,,1.918633,,,,,,,0.000000,,,,,,,-0.881613,,,,,,,-2.638971,,,
1.500000,,,,,2.442226,,,,,,,0.736312,,,,,,,-2.773053,,,,,,,-0.222218,,,,,,,-0.388513,,,,,,,1.363512,,,,,,,0.000000,,,,,,,-0.803808,,,,,,,-2.850126,,,
1.600000,,,,,2.541370,,,,,,,0.661117,,,,,,,-2.642094,,,,,,,0.263784,,,,,,,-0.090214,,,,,,,0.645916,,,,,,,0.000000,,,,,,,-0.758947,,,,,,,-3.009105,,,
1.700000,,,,,2.690223,,,,,,,0.675199,,,,,,,-2.138402,,,,,,,0.880795,,,,,,,0.033754,,,,,,,-0.125838,,,,,,,0.000000,,,,,,,-0.822114,,,,,,,-3.077483,,,
1.800000,,,,,2.696537,,,,,,,0.859341,,,,,,,-1.799943,,,,,,,1.671075,,,,,,,1.339295,,,,,,,-1.032987,,,,,,,0.000000,,,,,,,-1.054176,,,,,,,-2.896040,,,
1.900000,,,,,2.380030,,,,,,,1.142772,,,,,,,-1.508367,,,,,,,2.224694,,,,,,,1.827419,,,,,,,-1.797972,,,,,,,0.000000,,,,,,,-1.288935,,,,,,,-2.390717,,,
2.000000,,,,,2.051453,,,,,,,1.565139,,,,,,,-1.584978,,,,,,,2.465582,,,,,,,1.424523,,,,,,,-2.028144,,,,,,,0.000000,,,,,,,-1.615819,,,,,,,-1.886704,,,
2.100000,,,,,1.779098,,,,,,,1.929529,,,,,,,-1.366893,,,,,,,2.444452,,,,,,,1.192082,,,,,,,-1.872439,,,,,,,0.000000,,,,,,,-1.882112,,,,,,,-1.483563,,,
2.200000,,,,,1.604590,,,,,,,2.263298,,,,,,,-1.056794,,,,,,,2.254277,,,,,,,1.203704,,,,,,,-1.743813,,,,,,,0.000000,,,,,,,-2.148264,,,,,,,-1.173682,,,
2.300000,,,,,1.376879,,,,,,,2.589197,,,,,,,-0.877282,,,,,,,1.590779,,,,,,,1.343169,,,,,,,-1.628727,,,,,,,0.000000,,,,,,,-2.386569,,,,,,,-0.804937,,,
2.400000,,,,,1.181512,,,,,,,2.791709,,,,,,,-0.661886,,,,,,,0.880795,,,,,,,1.095232,,,,,,,-1.344397,,,,,,,0.000000,,,,,,,-2.503837,,,,,,,-0.468944,,,
2.500000,,,,,0.923391,,,,,,,2.941369,,,,,,,-0.579735,,,,,,,0.175036,,,,,,,0.808556,,,,,,,-0.782506,,,,,,,0.000000,,,,,,,-2.546523,,,,,,,-0.136120,,,
2.600000,,,,,0.739695,,,,,,,2.951800,,,,,,,-0.582780,,,,,,,-0.572984,,,,,,,-0.485363,,,,,,,0.077255,,,,,,,0.000000,,,,,,,-2.472403,,,,,,,-0.014343,,,
2.700000,,,,,0.855618,,,,,,,2.868278,,,,,,,-0.814980,,,,,,,-1.143508,,,,,,,-1.217550,,,,,,,0.862549,,,,,,,0.000000,,,,,,,-2.472423,,,,,,,-0.163037,,,
2.800000,,,,,1.060944,,,,,,,2.689824,,,,,,,-0.568324,,,,,,,-1.511178,,,,,,,-1.194306,,,,,,,1.336433,,,,,,,0.000000,,,,,,,-2.512864,,,,,,,-0.398439,,,
2.900000,,,,,1.385243,,,,,,,2.506192,,,,,,,-0.432483,,,,,,,-1.764744,,,,,,,-1.198180,,,,,,,1.167189,,,,,,,0.000000,,,,,,,-2.480064,,,,,,,-0.719383,,,
3.000000,,,,,1.671178,,,,,,,2.290555,,,,,,,-0.510008,,,,,,,-1.714031,,,,,,,-1.399628,,,,,,,1.072412,,,,,,,0.000000,,,,,,,-2.377634,,,,,,,-1.050410,,,
3.100000,,,,,2.019435,,,,,,,2.116044,,,,,,,-0.726714,,,,,,,-1.363265,,,,,,,-1.353140,,,,,,,0.808391,,,,,,,0.000000,,,,,,,-2.350310,,,,,,,-1.470467,,,
3.200000,,,,,2.300191,,,,,,,1.983811,,,,,,,-1.035026,,,,,,,-1.020951,,,,,,,-1.391880,,,,,,,0.476672,,,,,,,0.000000,,,,,,,-2.358365,,,,,,,-1.834123,,,
3.300000,,,,,2.598567,,,,,,,1.880416,,,,,,,-1.403895,,,,,,,-0.577210,,,,,,,-1.221424,,,,,,,0.070485,,,,,,,0.000000,,,,,,,-2.422621,,,,,,,-2.145012,,,
3.400000,,,,,2.860086,,,,,,,1.882635,,,,,,,-1.572509,,,,,,,-0.226444,,,,,,,-0.582213,,,,,,,-0.511715,,,,,,,0.000000,,,,,,,-2.606661,,,,,,,-2.290390,,,
3.500000,,,,,2.965107,,,,,,,1.950546,,,,,,,-1.486688,,,,,,,-0.137696,,,,,,,0.049250,,,,,,,-1.066836,,,,,,,0.000000,,,,,,,-2.753913,,,,,,,-2.279985,,,
3.600000,,,,,2.947243,,,,,,,2.029204,,,,,,,-1.508848,,,,,,,-0.103887,,,,,,,0.576115,,,,,,,-1.716734,,,,,,,0.000000,,,,,,,-2.817892,,,,,,,-2.162999,,,
3.700000,,,,,2.784247,,,,,,,2.107564,,,,,,,-1.616163,,,,,,,-0.188409,,,,,,,0.738823,,,,,,,-1.831821,,,,,,,0.000000,,,,,,,-2.874217,,,,,,,-1.996796,,,
3.800000,,,,,2.626648,,,,,,,2.180487,,,,,,,-1.521199,,,,,,,-0.560306,,,,,,,1.211452,,,,,,,-2.001065,,,,,,,0.000000,,,,,,,-2.924081,,,,,,,-1.787772,,,
3.900000,,,,,2.199271,,,,,,,2.105303,,,,,,,-1.214804,,,,,,,-1.266064,,,,,,,1.687955,,,,,,,-2.183849,,,,,,,0.000000,,,,,,,-2.776627,,,,,,,-1.396576,,,
4.000000,,,,,1.799873,,,,,,,1.926501,,,,,,,-0.712851,,,,,,,-1.764744,,,,,,,1.773183,,,,,,,-2.251546,,,,,,,0.000000,,,,,,,-2.527238,,,,,,,-1.029689,,,
4.100000,,,,,1.341296,,,,,,,1.658200,,,,,,,-0.265245,,,,,,,-2.233841,,,,,,,2.156710,,,,,,,-2.177079,,,,,,,0.000000,,,,,,,-2.168346,,,,,,,-0.697316,,,
4.200000,,,,,0.899721,,,,,,,1.316757,,,,,,,0.059846,,,,,,,-2.500086,,,,,,,2.086978,,,,,,,-2.001065,,,,,,,0.000000,,,,,,,-1.696656,,,,,,,-0.452592,,,
4.300000,,,,,0.434284,,,,,,,0.918254,,,,,,,0.403922,,,,,,,-2.436694,,,,,,,1.819671,,,,,,,-1.953676,,,,,,,0.000000,,,,,,,-1.199642,,,,,,,-0.233894,,,
4.400000,,,,,0.107185,,,,,,,0.521191,,,,,,,0.329319,,,,,,,-2.136641,,,,,,,1.645341,,,,,,,-1.757353,,,,,,,0.000000,,,,,,,-0.720019,,,,,,,-0.116959,,,
4.500000,,,,,-0.150404,,,,,,,0.178999,,,,,,,0.272409,,,,,,,-1.798553,,,,,,,1.540743,,,,,,,-1.811511,,,,,,,0.000000,,,,,,,-0.332438,,,,,,,0.073998,,,
4.600000,,,,,-0.463823,,,,,,,-0.140962,,,,,,,0.352418,,,,,,,-1.388621,,,,,,,1.265688,,,,,,,-1.608418,,,,,,,0.000000,,,,,,,-0.003560,,,,,,,0.250588,,,
4.700000,,,,,-0.543727,,,,,,,-0.342793,,,,,,,0.378189,,,,,,,-0.889942,,,,,,,0.785312,,,,,,,-1.066836,,,,,,,0.000000,,,,,,,0.202142,,,,,,,0.365955,,,
4.800000,,,,,-0.618598,,,,,,,-0.478067,,,,,,,0.280601,,,,,,,-0.539175,,,,,,,0.742697,,,,,,,-0.741887,,,,,,,0.000000,,,,,,,0.352974,,,,,,,0.465239,,,
4.900000,,,,,-0.644257,,,,,,,-0.549871,,,,,,,0.254967,,,,,,,-0.239122,,,,,,,0.366919,,,,,,,-0.592952,,,,,,,0.000000,,,,,,,0.431172,,,,,,,0.549820,,,
5.000000,,,,,-0.668381,,,,,,,-0.610265,,,,,,,0.259644,,,,,,,-0.023591,,,,,,,0.270069,,,,,,,-0.484636,,,,,,,0.000000,,,,,,,0.507354,,,,,,,0.602066,,,
5.100000,,,,,-0.657900,,,,,,,-0.634803,,,,,,,0.085855,,,,,,,0.103192,,,,,,,0.273943,,,,,,,-0.281543,,,,,,,0.000000,,,,,,,0.552799,,,,,,,0.609553,,,
5.200000,,,,,-0.719656,,,,,,,-0.664598,,,,,,,0.301680,,,,,,,0.022896,,,,,,,0.068620,,,,,,,-0.119068,,,,,,,0.000000,,,,,,,0.577004,,,,,,,0.675554,,,
5.300000,,,,,-0.754237,,,,,,,-0.679645,,,,,,,0.478417,,,,,,,0.010218,,,,,,,-0.117332,,,,,,,0.131413,,,,,,,0.000000,,,,,,,0.573977,,,,,,,0.683863,,,
5.400000,,,,,-0.715481,,,,,,,-0.659304,,,,,,,0.508947,,,,,,,0.001766,,,,,,,-0.082466,,,,,,,0.192341,,,,,,,0.000000,,,,,,,0.546255,,,,,,,0.693870,,,
0.000000,,,,,,-0.712046,,,,,,,-0.621832,,,,,,,0.389013,,,,,,,-0.251800,,,,,,,-0.113458,,,,,,,0.158493,,,,,,,0.000000,,,,,,,0.495036,,,,,,,0.607214,,
0.100000,,,,,,-0.711370,,,,,,,-0.650563,,,,,,,0.472501,,,,,,,-0.357453,,,,,,,-0.225804,,,,,,,0.185572,,,,,,,0.000000,,,,,,,0.510555,,,,,,,0.652648,,
0.200000,,,,,,-0.698117,,,,,,,-0.711883,,,,,,,0.559096,,,,,,,-0.429297,,,,,,,-0.314906,,,,,,,0.375125,,,,,,,0.000000,,,,,,,0.553062,,,,,,,0.666773,,
0.300000,,,,,,-0.572506,,,,,,,-0.753765,,,,,,,0.573296,,,,,,,-0.319418,,,,,,,-0.427253,,,,,,,0.429283,,,,,,,0.000000,,,,,,,0.592957,,,,,,,0.568185,,
0.400000,,,,,,-0.501293,,,,,,,-0.798858,,,,,,,0.676205,,,,,,,-0.129243,,,,,,,-0.496985,,,,,,,0.456363,,,,,,,0.000000,,,,,,,0.616299,,,,,,,0.500716,,
0.500000,,,,,,-0.429851,,,,,,,-0.809783,,,,,,,0.869056,,,,,,,0.251106,,,,,,,-0.566717,,,,,,,0.659456,,,,,,,0.000000,,,,,,,0.630655,,,,,,,0.427266,,
0.600000,,,,,,-0.311142,,,,,,,-0.741122,,,,,,,0.861562,,,,,,,0.889247,,,,,,,-0.853393,,,,,,,0.855779,,,,,,,0.000000,,,,,,,0.595553,,,,,,,0.249366,,
0.700000,,,,,,-0.193339,,,,,,,-0.590184,,,,,,,0.695281,,,,,,,1.544292,,,,,,,-1.124574,,,,,,,1.207807,,,,,,,0.000000,,,,,,,0.502177,,,,,,,0.069867,,
0.800000,,,,,,-0.024357,,,,,,,-0.321891,,,,,,,0.379903,,,,,,,2.047198,,,,,,,-1.391880,,,,,,,1.600454,,,,,,,0.000000,,,,,,,0.302799,,,,,,,-0.143168,,
0.900000,,,,,,0.269348,,,,,,,0.030094,,,,,,,-0.132338,,,,,,,2.351477,,,,,,,-1.620447,,,,,,,2.101417,,,,,,,0.000000,,,,,,,0.003633,,,,,,,-0.408027,,
1.000000,,,,,,0.646505,,,,,,,0.416638,,,,,,,-0.642843,,,,,,,2.381060,,,,,,,-1.666935,,,,,,,2.318050,,,,,,,0.000000,,,,,,,-0.397571,,,,,,,-0.736922,,
1.100000,,,,,,0.901668,,,,,,,0.752813,,,,,,,-1.085625,,,,,,,2.051424,,,,,,,-1.821895,,,,,,,2.649769,,,,,,,0.000000,,,,,,,-0.814459,,,,,,,-0.984718,,
1.200000,,,,,,1.303751,,,,,,,1.005471,,,,,,,-1.619707,,,,,,,1.611910,,,,,,,-1.779281,,,,,,,2.927329,,,,,,,0.000000,,,,,,,-1.073882,,,,,,,-1.409503,,
1.300000,,,,,,1.672804,,,,,,,1.162207,,,,,,,-2.163083,,,,,,,0.901925,,,,,,,-1.763785,,,,,,,3.022106,,,,,,,0.000000,,,,,,,-1.232958,,,,,,,-1.797007,,
1.400000,,,,,,1.968054,,,,,,,1.199002,,,,,,,-2.459028,,,,,,,0.132775,,,,,,,-1.349266,,,,,,,2.954408,,,,,,,0.000000,,,,,,,-1.273381,,,,,,,-2.085411,,
1.500000,,,,,,2.207427,,,,,,,1.146881,,,,,,,-2.621302,,,,,,,-0.526497,,,,,,,-1.050968,,,,,,,2.548222,,,,,,,0.000000,,,,,,,-1.248503,,,,,,,-2.287282,,
1.600000,,,,,,2.363195,,,,,,,1.004907,,,,,,,-2.398559,,,,,,,-0.780063,,,,,,,-0.613205,,,,,,,2.101417,,,,,,,0.000000,,,,,,,-1.188792,,,,,,,-2.417691,,
1.700000,,,,,,2.343394,,,,,,,0.785259,,,,,,,-2.523010,,,,,,,-0.923750,,,,,,,0.304935,,,,,,,1.498907,,,,,,,0.000000,,,,,,,-1.007316,,,,,,,-2.546875,,
1.800000,,,,,,2.188406,,,,,,,0.598772,,,,,,,-2.421817,,,,,,,-0.568758,,,,,,,0.161596,,,,,,,0.903167,,,,,,,0.000000,,,,,,,-0.769098,,,,,,,-2.488479,,
1.900000,,,,,,2.077721,,,,,,,0.507694,,,,,,,-2.123221,,,,,,,0.234201,,,,,,,0.959642,,,,,,,0.314197,,,,,,,0.000000,,,,,,,-0.557910,,,,,,,-2.429483,,
2.000000,,,,,,1.765008,,,,,,,0.553012,,,,,,,-1.580536,,,,,,,1.151265,,,,,,,1.854538,,,,,,,-0.396629,,,,,,,0.000000,,,,,,,-0.574607,,,,,,,-2.164110,,
2.100000,,,,,,1.457024,,,,,,,0.764559,,,,,,,-1.234534,,,,,,,2.068329,,,,,,,2.261308,,,,,,,-1.039757,,,,,,,0.000000,,,,,,,-0.725622,,,,,,,-1.787729,,
2.200000,,,,,,1.126783,,,,,,,1.073827,,,,,,,-1.115166,,,,,,,2.702244,,,,,,,1.691829,,,,,,,-1.418864,,,,,,,0.000000,,,,,,,-0.964598,,,,,,,-1.408161,,
2.300000,,,,,,0.835256,,,,,,,1.441979,,,,,,,-1.014911,,,,,,,2.858609,,,,,,,1.703451,,,,,,,-1.385016,,,,,,,0.000000,,,,,,,-1.255883,,,,,,,-1.071591,,
2.400000,,,,,,0.550921,,,,,,,1.776588,,,,,,,-1.051937,,,,,,,2.520521,,,,,,,1.703451,,,,,,,-1.276699,,,,,,,0.000000,,,,,,,-1.472202,,,,,,,-0.753830,,
2.500000,,,,,,0.339166,,,,,,,2.087463,,,,,,,-0.602175,,,,,,,2.254277,,,,,,,1.044870,,,,,,,-1.053297,,,,,,,0.000000,,,,,,,-1.705113,,,,,,,-0.417515,,
2.600000,,,,,,0.176579,,,,,,,2.363783,,,,,,,-0.303087,,,,,,,1.607684,,,,,,,1.269562,,,,,,,-0.680959,,,,,,,0.000000,,,,,,,-1.905229,,,,,,,-0.191193,,
2.700000,,,,,,0.033600,,,,,,,2.544812,,,,,,,-0.297012,,,,,,,0.665263,,,,,,,0.521879,,,,,,,-0.356010,,,,,,,0.000000,,,,,,,-2.068209,,,,,,,-0.014181,,
2.800000,,,,,,0.016016,,,,,,,2.624880,,,,,,,-0.501461,,,,,,,-0.370131,,,,,,,-0.713929,,,,,,,0.192341,,,,,,,0.000000,,,,,,,-2.098992,,,,,,,0.070765,,
2.900000,,,,,,0.092917,,,,,,,2.575648,,,,,,,-0.646339,,,,,,,-1.316778,,,,,,,-1.484857,,,,,,,0.666225,,,,,,,0.000000,,,,,,,-2.099170,,,,,,,-0.023384,,
3.000000,,,,,,0.290494,,,,,,,2.437166,,,,,,,-0.636828,,,,,,,-2.073250,,,,,,,-1.310526,,,,,,,1.018254,,,,,,,0.000000,,,,,,,-2.079548,,,,,,,-0.201869,,
3.100000,,,,,,0.578163,,,,,,,2.201037,,,,,,,-0.892449,,,,,,,-2.419790,,,,,,,-1.682431,,,,,,,1.072412,,,,,,,0.000000,,,,,,,-1.972347,,,,,,,-0.488842,,
3.200000,,,,,,0.891563,,,,,,,1.934706,,,,,,,-0.917769,,,,,,,-2.419790,,,,,,,-1.612699,,,,,,,0.984405,,,,,,,0.000000,,,,,,,-1.784327,,,,,,,-0.829098,,
3.300000,,,,,,1.057511,,,,,,,1.643834,,,,,,,-1.016594,,,,,,,-2.149319,,,,,,,-1.539093,,,,,,,0.896398,,,,,,,0.000000,,,,,,,-1.586209,,,,,,,-1.117116,,
3.400000,,,,,,1.280396,,,,,,,1.392320,,,,,,,-1.280680,,,,,,,-1.498500,,,,,,,-1.519723,,,,,,,0.672995,,,,,,,0.000000,,,,,,,-1.415715,,,,,,,-1.406430,,
3.500000,,,,,,1.419479,,,,,,,1.242101,,,,,,,-1.472991,,,,,,,-0.767385,,,,,,,-1.190432,,,,,,,0.422514,,,,,,,0.000000,,,,,,,-1.336020,,,,,,,-1.554267,,
3.600000,,,,,,1.519025,,,,,,,1.207751,,,,,,,-1.743202,,,,,,,-0.163052,,,,,,,-0.795283,,,,,,,0.111104,,,,,,,0.000000,,,,,,,-1.337228,,,,,,,-1.620674,,
3.700000,,,,,,1.560934,,,,,,,1.261219,,,,,,,-1.801661,,,,,,,0.284914,,,,,,,-0.357521,,,,,,,-0.240924,,,,,,,0.000000,,,,,,,-1.395258,,,,,,,-1.544412,,
3.800000,,,,,,1.544695,,,,,,,1.380435,,,,,,,-1.849600,,,,,,,0.584967,,,,,,,-0.020482,,,,,,,-0.714808,,,,,,,0.000000,,,,,,,-1.493821,,,,,,,-1.387835,,
3.900000,,,,,,1.411448,,,,,,,1.535777,,,,,,,-1.523985,,,,,,,0.728655,,,,,,,0.382415,,,,,,,-1.120994,,,,,,,0.000000,,,,,,,-1.589770,,,,,,,-1.192122,,
4.000000,,,,,,1.242653,,,,,,,1.730029,,,,,,,-1.466760,,,,,,,0.728655,,,,,,,0.266195,,,,,,,-1.391785,,,,,,,0.000000,,,,,,,-1.773810,,,,,,,-0.925342,,
4.100000,,,,,,1.178109,,,,,,,1.901767,,,,,,,-1.358068,,,,,,,0.432828,,,,,,,0.409533,,,,,,,-1.682886,,,,,,,0.000000,,,,,,,-1.905765,,,,,,,-0.752613,,
4.200000,,,,,,1.006079,,,,,,,2.026095,,,,,,,-1.060580,,,,,,,-0.112339,,,,,,,0.626477,,,,,,,-1.852130,,,,,,,0.000000,,,,,,,-2.022552,,,,,,,-0.499192,,
4.300000,,,,,,0.861856,,,,,,,2.024082,,,,,,,-0.814451,,,,,,,-0.746254,,,,,,,0.862792,,,,,,,-1.953676,,,,,,,0.000000,,,,,,,-1.997713,,,,,,,-0.362002,,
4.400000,,,,,,0.667652,,,,,,,1.931160,,,,,,,-0.394500,,,,,,,-1.299873,,,,,,,1.052618,,,,,,,-2.021374,,,,,,,0.000000,,,,,,,-1.900133,,,,,,,-0.194739,,
4.500000,,,,,,0.431733,,,,,,,1.727557,,,,,,,-0.049926,,,,,,,-1.675996,,,,,,,1.168838,,,,,,,-2.021374,,,,,,,0.000000,,,,,,,-1.695641,,,,,,,-0.102305,,
4.600000,,,,,,0.169034,,,,,,,1.453550,,,,,,,0.295760,,,,,,,-1.984502,,,,,,,1.126224,,,,,,,-1.919828,,,,,,,0.000000,,,,,,,-1.426766,,,,,,,-0.050702,,
4.700000,,,,,,-0.069026,,,,,,,1.150994,,,,,,,0.509633,,,,,,,-1.984502,,,,,,,1.153342,,,,,,,-1.669346,,,,,,,0.000000,,,,,,,-1.164565,,,,,,,0.062391,,
4.800000,,,,,,-0.280736,,,,,,,0.810229,,,,,,,0.748545,,,,,,,-1.967597,,,,,,,0.963516,,,,,,,-1.581339,,,,,,,0.000000,,,,,,,-0.874726,,,,,,,0.188394,,
4.900000,,,,,,-0.417359,,,,,,,0.526332,,,,,,,0.809960,,,,,,,-1.675996,,,,,,,1.021626,,,,,,,-1.500102,,,,,,,0.000000,,,,,,,-0.607115,,,,,,,0.329084,,
5.000000,,,,,,-0.575507,,,,,,,0.242504,,,,,,,0.929960,,,,,,,-1.498500,,,,,,,0.862792,,,,,,,-1.561030,,,,,,,0.000000,,,,,,,-0.351936,,,,,,,0.423799,,
5.100000,,,,,,-0.672406,,,,,,,0.016827,,,,,,,0.949325,,,,,,,-1.257612,,,,,,,0.417281,,,,,,,-1.276699,,,,,,,0.000000,,,,,,,-0.123979,,,,,,,0.532622,,
5.200000,,,,,,-0.691525,,,,,,,-0.182652,,,,,,,0.906706,,,,,,,-0.902620,,,,,,,0.277817,,,,,,,-0.978829,,,,,,,0.000000,,,,,,,0.062659,,,,,,,0.566198,,
5.300000,,,,,,-0.713430,,,,,,,-0.318915,,,,,,,0.806703,,,,,,,-0.577210,,,,,,,0.219707,,,,,,,-0.714808,,,,,,,0.000000,,,,,,,0.195539,,,,,,,0.588578,,
5.400000,,,,,,-0.705500,,,,,,,-0.409955,,,,,,,0.646137,,,,,,,-0.256027,,,,,,,0.239077,,,,,,,-0.457557,,,,,,,0.000000,,,,,,,0.292527,,,,,,,0.619774,,
5.500000,,,,,,-0.700772,,,,,,,-0.442975,,,,,,,0.598826,,,,,,,-0.112339,,,,,,,0.184840,,,,,,,-0.383089,,,,,,,0.000000,,,,,,,0.324195,,,,,,,0.637338,,
5.600000,,,,,,-0.717205,,,,,,,-0.431810,,,,,,,0.545202,,,,,,,0.044027,,,,,,,0.308809,,,,,,,-0.200305,,,,,,,0.000000,,,,,,,0.327521,,,,,,,0.660225,,
5.700000,,,,,,-0.754965,,,,,,,-0.433305,,,,,,,0.602013,,,,,,,-0.006687,,,,,,,0.122856,,,,,,,-0.051370,,,,,,,0.000000,,,,,,,0.325145,,,,,,,0.667852,,
0.000000,,,,,,,-0.660895,,,,,,,-0.513539,,,,,,,0.455188,,,,,,,-0.192635,,,,,,,-0.190938,,,,,,,-0.058140,,,,,,,0.000000,,,,,,,0.382169,,,,,,,0.608538,
0.100000,,,,,,,-0.620926,,,,,,,-0.548277,,,,,,,0.618695,,,,,,,-0.158826,,,,,,,-0.094088,,,,,,,-0.010752,,,,,,,0.000000,,,,,,,0.397010,,,,,,,0.603587,
0.200000,,,,,,,-0.597722,,,,,,,-0.578305,,,,,,,0.800567,,,,,,,-0.019365,,,,,,,0.006636,,,,,,,0.111104,,,,,,,0.000000,,,,,,,0.410728,,,,,,,0.548279,
0.300000,,,,,,,-0.599036,,,,,,,-0.566308,,,,,,,1.234982,,,,,,,0.339854,,,,,,,-0.113458,,,,,,,0.361586,,,,,,,0.000000,,,,,,,0.397041,,,,,,,0.543559,
0.400000,,,,,,,-0.579383,,,,,,,-0.473734,,,,,,,1.273165,,,,,,,0.956864,,,,,,,-0.318780,,,,,,,0.639146,,,,,,,0.000000,,,,,,,0.311289,,,,,,,0.453947,
0.500000,,,,,,,-0.570573,,,,,,,-0.311943,,,,,,,1.299306,,,,,,,1.544292,,,,,,,-0.442749,,,,,,,1.045333,,,,,,,0.000000,,,,,,,0.191129,,,,,,,0.391841,
0.600000,,,,,,,-0.509524,,,,,,,-0.055857,,,,,,,1.169526,,,,,,,1.988033,,,,,,,-0.764291,,,,,,,1.512447,,,,,,,0.000000,,,,,,,-0.003435,,,,,,,0.327508,
0.700000,,,,,,,-0.377579,,,,,,,0.273172,,,,,,,0.893317,,,,,,,2.262729,,,,,,,-1.167188,,,,,,,1.986331,,,,,,,0.000000,,,,,,,-0.311039,,,,,,,0.229542,
0.800000,,,,,,,-0.091167,,,,,,,0.652944,,,,,,,0.522496,,,,,,,2.343025,,,,,,,-1.287282,,,,,,,2.487294,,,,,,,0.000000,,,,,,,-0.686331,,,,,,,0.027769,
0.900000,,,,,,,0.149078,,,,,,,1.021881,,,,,,,0.015097,,,,,,,2.110590,,,,,,,-1.221424,,,,,,,2.934099,,,,,,,0.000000,,,,,,,-1.040709,,,,,,,-0.115421,
1.000000,,,,,,,0.465947,,,,,,,1.335493,,,,,,,-0.551928,,,,,,,1.662623,,,,,,,-1.678557,,,,,,,3.130423,,,,,,,0.000000,,,,,,,-1.374622,,,,,,,-0.335667,
1.100000,,,,,,,0.860115,,,,,,,1.503619,,,,,,,-1.261571,,,,,,,0.999125,,,,,,,-1.783155,,,,,,,3.231969,,,,,,,0.000000,,,,,,,-1.543173,,,,,,,-0.723696,
1.200000,,,,,,,1.299112,,,,,,,1.545784,,,,,,,-1.665327,,,,,,,0.137001,,,,,,,-1.465487,,,,,,,3.123653,,,,,,,0.000000,,,,,,,-1.627474,,,,,,,-1.166242,
1.300000,,,,,,,1.672078,,,,,,,1.466458,,,,,,,-2.061002,,,,,,,-0.640602,,,,,,,-1.078086,,,,,,,2.819013,,,,,,,0.000000,,,,,,,-1.556293,,,,,,,-1.533859,
1.400000,,,,,,,1.953041,,,,,,,1.272857,,,,,,,-2.230683,,,,,,,-1.261838,,,,,,,-0.454371,,,,,,,2.439906,,,,,,,0.000000,,,,,,,-1.391228,,,,,,,-1.841892,
1.500000,,,,,,,2.060667,,,,,,,0.967594,,,,,,,-2.247783,,,,,,,-1.430882,,,,,,,0.173218,,,,,,,2.331589,,,,,,,0.000000,,,,,,,-1.147177,,,,,,,-2.061099,
1.600000,,,,,,,1.982380,,,,,,,0.708280,,,,,,,-2.170875,,,,,,,-1.194221,,,,,,,0.560619,,,,,,,1.620763,,,,,,,0.000000,,,,,,,-0.830206,,,,,,,-2.189600,
1.700000,,,,,,,1.989557,,,,,,,0.440615,,,,,,,-2.133340,,,,,,,-0.496914,,,,,,,0.250699,,,,,,,0.876088,,,,,,,0.000000,,,,,,,-0.588870,,,,,,,-2.303873,
1.800000,,,,,,,1.877464,,,,,,,0.394087,,,,,,,-2.498250,,,,,,,0.479315,,,,,,,1.192082,,,,,,,0.496981,,,,,,,0.000000,,,,,,,-0.449121,,,,,,,-2.307352,
1.900000,,,,,,,1.643264,,,,,,,0.599920,,,,,,,-2.276537,,,,,,,1.506257,,,,,,,1.602727,,,,,,,-0.010752,,,,,,,0.000000,,,,,,,-0.511206,,,,,,,-1.994580,
2.000000,,,,,,,1.174543,,,,,,,0.883680,,,,,,,-2.377956,,,,,,,2.355704,,,,,,,1.560113,,,,,,,0.178802,,,,,,,0.000000,,,,,,,-0.637821,,,,,,,-1.551845,
2.100000,,,,,,,0.795686,,,,,,,1.235827,,,,,,,-2.212299,,,,,,,2.850157,,,,,,,1.451641,,,,,,,0.023097,,,,,,,0.000000,,,,,,,-0.901659,,,,,,,-1.158585,
2.200000,,,,,,,0.493985,,,,,,,1.610798,,,,,,,-2.004175,,,,,,,2.943131,,,,,,,1.161090,,,,,,,-0.024291,,,,,,,0.000000,,,,,,,-1.193581,,,,,,,-0.793244,
2.300000,,,,,,,0.253355,,,,,,,2.004446,,,,,,,-1.792956,,,,,,,2.605043,,,,,,,1.052618,,,,,,,-0.328931,,,,,,,0.000000,,,,,,,-1.455146,,,,,,,-0.486529,
2.400000,,,,,,,0.064791,,,,,,,2.284332,,,,,,,-1.594860,,,,,,,1.886606,,,,,,,0.719453,,,,,,,-0.125838,,,,,,,0.000000,,,,,,,-1.698945,,,,,,,-0.192601,
2.500000,,,,,,,-0.193251,,,,,,,2.539791,,,,,,,-1.314959,,,,,,,1.045612,,,,,,,0.506383,,,,,,,0.151723,,,,,,,0.000000,,,,,,,-1.853623,,,,,,,0.012096,
2.600000,,,,,,,-0.330353,,,,,,,2.604525,,,,,,,-0.723661,,,,,,,0.069383,,,,,,,-0.574465,,,,,,,0.253269,,,,,,,0.000000,,,,,,,-1.905979,,,,,,,0.180066,
2.700000,,,,,,,-0.337628,,,,,,,2.513350,,,,,,,-0.719043,,,,,,,-0.936429,,,,,,,-1.167188,,,,,,,0.564679,,,,,,,0.000000,,,,,,,-1.919250,,,,,,,0.167312,
2.800000,,,,,,,-0.146305,,,,,,,2.342124,,,,,,,-0.371783,,,,,,,-1.773197,,,,,,,-1.550715,,,,,,,0.341276,,,,,,,0.000000,,,,,,,-1.854264,,,,,,,0.054126,
2.900000,,,,,,,0.180015,,,,,,,2.156468,,,,,,,-0.474563,,,,,,,-2.411338,,,,,,,-2.131816,,,,,,,0.449593,,,,,,,0.000000,,,,,,,-1.743001,,,,,,,-0.129197,
3.000000,,,,,,,0.392440,,,,,,,1.896526,,,,,,,-0.539012,,,,,,,-2.402886,,,,,,,-2.244162,,,,,,,0.402204,,,,,,,0.000000,,,,,,,-1.602068,,,,,,,-0.396668,
3.100000,,,,,,,0.595955,,,,,,,1.671192,,,,,,,-0.663098,,,,,,,-1.866171,,,,,,,-2.325516,,,,,,,0.354816,,,,,,,0.000000,,,,,,,-1.485073,,,,,,,-0.630639,
3.200000,,,,,,,0.844363,,,,,,,1.533494,,,,,,,-0.893156,,,,,,,-1.215351,,,,,,,-2.441736,,,,,,,0.158493,,,,,,,0.000000,,,,,,,-1.442185,,,,,,,-0.825095,
3.300000,,,,,,,1.131312,,,,,,,1.490227,,,,,,,-1.147382,,,,,,,-0.560306,,,,,,,-2.003974,,,,,,,-0.152917,,,,,,,0.000000,,,,,,,-1.488578,,,,,,,-0.992979,
3.400000,,,,,,,1.338524,,,,,,,1.522479,,,,,,,-1.279281,,,,,,,-0.036269,,,,,,,-1.434494,,,,,,,-0.620031,,,,,,,0.000000,,,,,,,-1.613078,,,,,,,-1.045924,
3.500000,,,,,,,1.427863,,,,,,,1.631613,,,,,,,-1.390895,,,,,,,0.390567,,,,,,,-0.896007,,,,,,,-1.391785,,,,,,,0.000000,,,,,,,-1.764702,,,,,,,-0.989798,
3.600000,,,,,,,1.482469,,,,,,,1.797354,,,,,,,-1.399900,,,,,,,0.551159,,,,,,,-0.384639,,,,,,,-2.061993,,,,,,,0.000000,,,,,,,-1.939854,,,,,,,-0.898223,
3.700000,,,,,,,1.314123,,,,,,,1.985785,,,,,,,-1.165745,,,,,,,0.669489,,,,,,,0.374667,,,,,,,-2.495258,,,,,,,0.000000,,,,,,,-2.099698,,,,,,,-0.704795,
3.800000,,,,,,,1.127259,,,,,,,2.157948,,,,,,,-1.052247,,,,,,,0.403245,,,,,,,0.893784,,,,,,,-2.793128,,,,,,,0.000000,,,,,,,-2.202580,,,,,,,-0.442496,
3.900000,,,,,,,0.895808,,,,,,,2.227304,,,,,,,-0.728289,,,,,,,-0.349001,,,,,,,1.040996,,,,,,,-3.104538,,,,,,,0.000000,,,,,,,-2.231510,,,,,,,-0.156396,
4.000000,,,,,,,0.591768,,,,,,,2.182182,,,,,,,-0.233391,,,,,,,-1.113925,,,,,,,1.304429,,,,,,,-3.063919,,,,,,,0.000000,,,,,,,-2.135136,,,,,,,0.065880,
4.100000,,,,,,,0.257543,,,,,,,2.021207,,,,,,,0.315957,,,,,,,-1.726709,,,,,,,1.126224,,,,,,,-2.887905,,,,,,,0.000000,,,,,,,-1.925160,,,,,,,0.326815,
4.200000,,,,,,,-0.024514,,,,,,,1.779623,,,,,,,0.617829,,,,,,,-2.081702,,,,,,,1.110728,,,,,,,-2.515568,,,,,,,0.000000,,,,,,,-1.655936,,,,,,,0.456639,
4.300000,,,,,,,-0.284587,,,,,,,1.425129,,,,,,,0.846137,,,,,,,-2.326816,,,,,,,1.130098,,,,,,,-2.061993,,,,,,,0.000000,,,,,,,-1.299689,,,,,,,0.523039,
4.400000,,,,,,,-0.531739,,,,,,,1.039758,,,,,,,1.231651,,,,,,,-2.221163,,,,,,,1.017752,,,,,,,-1.797972,,,,,,,0.000000,,,,,,,-0.937178,,,,,,,0.624831,
4.500000,,,,,,,-0.733347,,,,,,,0.683651,,,,,,,1.124161,,,,,,,-2.098606,,,,,,,0.886036,,,,,,,-1.567799,,,,,,,0.000000,,,,,,,-0.630218,,,,,,,0.655946,
4.600000,,,,,,,-0.861813,,,,,,,0.330745,,,,,,,1.222702,,,,,,,-1.802779,,,,,,,0.502509,,,,,,,-1.310548,,,,,,,0.000000,,,,,,,-0.343865,,,,,,,0.702820,
4.700000,,,,,,,-0.920907,,,,,,,0.086176,,,,,,,1.191953,,,,,,,-1.392848,,,,,,,0.277817,,,,,,,-0.985599,,,,,,,0.000000,,,,,,,-0.148069,,,,,,,0.734492,
4.800000,,,,,,,-0.914133,,,,,,,-0.109842,,,,,,,1.027754,,,,,,,-0.902620,,,,,,,0.223581,,,,,,,-0.809585,,,,,,,0.000000,,,,,,,0.011120,,,,,,,0.756630,
4.900000,,,,,,,-0.909853,,,,,,,-0.228663,,,,,,,0.731009,,,,,,,-0.594115,,,,,,,0.316557,,,,,,,-0.728348,,,,,,,0.000000,,,,,,,0.098420,,,,,,,0.708468,
5.000000,,,,,,,-0.900514,,,,,,,-0.344525,,,,,,,0.652716,,,,,,,-0.408166,,,,,,,0.262321,,,,,,,-0.708038,,,,,,,0.000000,,,,,,,0.219283,,,,,,,0.695845,
5.100000,,,,,,,-0.911166,,,,,,,-0.389145,,,,,,,0.611815,,,,,,,-0.217992,,,,,,,0.165470,,,,,,,-0.572643,,,,,,,0.000000,,,,,,,0.276993,,,,,,,0.677634,
5.200000,,,,,,,-0.918208,,,,,,,-0.421122,,,,,,,0.315514,,,,,,,-0.188409,,,,,,,0.095738,,,,,,,-0.295082,,,,,,,0.000000,,,,,,,0.337251,,,,,,,0.672166,
