Time,aclx,acly,aclz,gx,gy,gz,mr,mtheta,mphi71633.600000,-1.229353,-0.968190,0.910629,0.000000,-0.020000,-0.000000,1.000000,2.805234,-2.972824
71633.700000,-1.224916,-0.972083,0.918714,-0.010000,0.070000,0.010000,1.000000,2.795690,-2.968938
71633.800000,-1.195880,-0.987364,0.951472,-0.010000,-0.020000,0.010000,1.000000,2.756581,-2.953800
71633.900000,-1.211711,-1.003243,0.897310,-0.000000,-0.010000,0.010000,1.000000,2.819258,-2.959930
71634.100000,-1.210525,-0.994912,0.928671,-0.000000,0.010000,-0.000000,1.000000,2.782823,-2.952966
71634.200000,-1.231823,-0.971745,0.907572,-0.000000,0.000000,0.000000,1.000000,2.820072,-2.973166
71634.300000,-1.219053,-0.995675,0.901990,-0.000000,0.000000,0.000000,1.000000,2.813731,-2.957481
71634.400000,-1.199364,-0.992728,0.924977,-0.000000,0.010000,0.000000,1.000000,2.775592,-2.953226
71634.500000,-1.212892,-1.005046,0.906521,-0.000000,0.010000,0.000000,1.000000,2.807966,-2.950725
71634.600000,-1.212947,-0.987291,0.932458,-0.000000,0.020000,-0.000000,1.000000,2.778860,-2.957063
71634.700000,-1.215492,-0.980010,0.925182,-0.000000,0.020000,0.000000,1.000000,2.776112,-2.961125
71634.800000,-1.208803,-1.006362,0.916839,-0.010000,-0.000000,0.000000,1.000000,2.795916,-2.947929
71634.900000,-1.209998,-1.002864,0.918600,-0.000000,0.020000,0.000000,1.000000,2.794076,-2.949802
71635.100000,-1.211320,-0.994246,0.917356,-0.010000,-0.010000,-0.010000,1.000000,2.784395,-2.953617
71635.200000,-1.234664,-0.974292,0.884031,-0.010000,-0.000000,-0.000000,1.000000,2.835455,-2.974395
71635.300000,-1.218460,-0.994620,0.915499,-0.010000,-0.010000,-0.000000,1.000000,2.809737,-2.957451
71635.400000,-1.227343,-0.985774,0.890662,-0.010000,-0.010000,-0.000000,1.000000,2.827291,-2.965924
71635.500000,-1.210682,-1.020734,0.904288,-0.010000,-0.020000,-0.000000,1.000000,2.810224,-2.947583
71635.600000,-1.181450,-1.024949,0.963299,0.380000,-0.750000,0.210000,1.000000,2.739995,-2.927958
71635.700000,-1.200249,-1.028438,0.902816,-0.020000,-0.030000,0.000000,1.000000,2.823048,-2.945041
71635.800000,-1.097750,-0.765536,1.383096,1.140000,-0.780000,0.350000,1.000000,2.604250,-2.998744
71635.900000,-1.200938,-1.007866,0.918081,-0.020000,-0.030000,0.000000,1.000000,2.805996,-2.948648
71636.100000,-0.913914,-0.365380,1.627191,1.380000,-0.800000,-0.060000,1.000000,2.424992,-3.082748
71636.200000,-0.853754,-0.305492,1.691585,1.190000,-1.210000,-0.310000,1.000000,2.349213,-3.109955
71636.300000,-0.677621,-0.088341,1.831286,0.980000,-0.690000,-0.310000,1.000000,2.086519,3.008464
71636.400000,-0.857636,-0.330347,1.631447,0.770000,-0.330000,-0.350000,1.000000,2.432710,-3.080137
71636.500000,-0.867070,-0.315556,1.689736,1.330000,-1.030000,0.110000,1.000000,2.337433,-3.115709
71636.600000,-0.552025,0.142678,1.803328,1.340000,-1.060000,0.120000,1.000000,2.094010,2.903511
71636.700000,-0.299040,0.634971,1.540936,1.330000,-1.040000,0.110000,1.000000,2.092099,2.885729
71636.800000,-0.735585,-0.130442,1.713510,1.390000,-0.860000,0.010000,1.000000,2.271201,3.128060
71636.900000,-0.741172,-0.093991,1.717497,1.400000,-0.840000,-0.010000,1.000000,2.264843,3.124019
71637.100000,-0.262091,0.816686,1.577076,0.080000,0.200000,-0.000000,1.000000,2.153638,2.868973
71637.200000,-0.284719,0.790654,1.625896,0.010000,0.240000,-0.070000,1.000000,2.177651,2.876710
71637.300000,-0.284645,0.826752,1.584072,0.060000,0.150000,0.040000,1.000000,2.176536,2.864154
71637.400000,-0.294090,0.796518,1.651604,0.050000,0.240000,-0.040000,1.000000,2.158326,2.853994
71637.500000,-0.260231,0.792649,1.607656,0.070000,0.330000,-0.040000,1.000000,2.118042,2.834687
71637.600000,-0.308681,0.770009,1.592285,0.070000,0.330000,-0.040000,1.000000,2.159102,2.859253
71637.700000,-0.275946,0.815369,1.550347,0.080000,0.290000,-0.040000,1.000000,2.167343,2.824003
71637.800000,-0.300366,0.763213,1.584798,0.070000,0.250000,-0.030000,1.000000,2.156197,2.864202
71637.900000,-0.214777,0.831124,1.604402,0.080000,0.230000,-0.020000,1.000000,2.069330,2.809969
71638.100000,0.055171,0.853623,1.685615,-0.060000,0.450000,-0.080000,1.000000,2.038284,2.801282
71638.200000,-0.107897,0.809045,1.654462,-0.320000,0.370000,0.730000,1.000000,2.144143,2.833666
71638.300000,-0.003680,0.830918,1.711442,-0.040000,0.520000,-0.070000,1.000000,2.023868,2.800618
71638.400000,-0.016631,0.846099,1.707459,0.020000,0.780000,-0.010000,1.000000,2.031457,2.797517
71638.500000,-0.210184,0.725910,1.627489,0.060000,1.020000,0.040000,1.000000,2.149530,2.914927
71638.600000,0.047158,0.857625,1.688495,0.050000,1.120000,0.080000,1.000000,2.048197,2.790600
71638.700000,-0.072074,0.862675,1.529050,0.010000,1.170000,0.120000,1.000000,2.056470,2.805978
71638.800000,-0.335855,0.484990,1.457002,-0.050000,1.200000,0.140000,1.000000,2.215880,3.105669
71638.900000,-0.111808,0.836963,1.419007,-0.090000,1.220000,0.170000,1.000000,2.065643,2.821692
71639.100000,-0.959851,-0.362155,1.448355,-0.630000,0.330000,-0.090000,1.000000,2.410808,-3.102370
71639.200000,-0.916987,-0.338942,1.480467,-0.840000,0.820000,-0.140000,1.000000,2.336549,-3.119827
71639.300000,-0.932961,-0.339464,1.474138,-0.450000,0.630000,-0.100000,1.000000,2.345958,-3.119849
71639.400000,-0.968444,-0.341631,1.435740,-0.530000,0.560000,-0.060000,1.000000,2.387208,-3.120083
71639.500000,-1.012731,-0.599110,1.263159,-0.570000,0.490000,-0.060000,1.000000,2.589942,-2.982937
71639.600000,-0.938551,-0.361925,1.480150,-0.580000,0.430000,-0.060000,1.000000,2.393769,-3.095548
71639.700000,-0.734165,-0.571381,1.352675,-0.590000,0.410000,-0.070000,1.000000,2.348068,-3.118730
71639.800000,-0.948335,-0.437201,1.417607,-0.590000,0.380000,-0.070000,1.000000,2.396708,-3.086263
71639.900000,-0.945388,-0.371713,1.462137,-0.610000,0.340000,-0.090000,1.000000,2.405124,-3.096234
71640.100000,-1.103802,-1.039910,1.005992,-0.050000,-0.170000,0.030000,1.000000,2.785031,-2.944004
71640.200000,-1.201439,-0.996595,0.922664,-0.140000,-0.050000,0.180000,1.000000,2.788499,-2.940373
71640.300000,-1.183085,-1.023067,0.956177,-0.110000,-0.160000,0.100000,1.000000,2.772239,-2.933805
71640.400000,-1.196525,-0.990186,0.905504,-0.100000,-0.200000,0.090000,1.000000,2.795996,-2.933044
71640.500000,-1.167366,-1.011362,0.938314,-0.080000,-0.210000,0.080000,1.000000,2.817660,-2.954661
71640.600000,-1.142028,-1.044426,0.948532,-0.210000,-0.330000,0.210000,1.000000,2.804481,-2.938071
71640.700000,-1.122028,-1.034426,0.948532,-0.050000,-0.240000,0.230000,1.000000,2.804481,-2.938071
71640.800000,-1.107567,-1.043225,0.963520,-0.070000,-0.200000,0.080000,1.000000,2.787075,-2.935992
71640.900000,-1.111925,-1.006867,1.005888,-0.060000,-0.180000,0.040000,1.000000,2.774882,-2.956734
71641.100000,-1.223989,-0.949572,0.960253,0.050000,0.180000,0.020000,1.000000,2.768988,-2.948015
71641.200000,-1.207409,-0.963117,0.958987,0.110000,0.210000,0.020000,1.000000,2.769598,-2.939660
71641.300000,-1.230981,-0.977019,0.922874,0.050000,0.180000,0.000000,1.000000,2.823061,-2.945926
71641.400000,-1.242316,-0.930647,0.948302,0.050000,0.170000,0.000000,1.000000,2.784654,-2.968114
71641.500000,-1.247766,-0.910588,0.945741,0.060000,0.180000,0.000000,1.000000,2.788172,-2.974747
71641.600000,-1.258795,-0.922506,0.916190,0.040000,0.200000,0.010000,1.000000,2.810125,-2.971014
71641.700000,-1.285521,-0.935941,0.898334,0.050000,0.190000,0.020000,1.000000,2.841882,-2.974618
71641.800000,-1.243321,-0.941932,0.948639,-0.040000,-0.050000,0.010000,1.000000,2.771962,-2.959339
71641.900000,-1.269643,-0.894717,0.901247,-0.030000,-0.040000,0.010000,1.000000,2.829039,-2.996914
71642.100000,-1.250970,-0.950087,0.929301,-0.020000,-0.020000,0.010000,1.000000,2.794572,-2.963886
71642.200000,-1.263871,-0.932854,0.913957,-0.020000,-0.020000,0.000000,1.000000,2.813184,-2.977361
71642.300000,-1.264055,-0.934414,0.895946,-0.020000,-0.010000,0.010000,1.000000,2.833260,-2.973913
71642.400000,-1.288297,-0.925482,0.874707,-0.020000,0.000000,0.000000,1.000000,2.858291,-2.990205
71642.500000,-1.260485,-0.949622,0.899882,-0.020000,-0.000000,0.000000,1.000000,2.828498,-2.969884
71642.600000,-1.265443,-0.942906,0.893530,-0.030000,-0.030000,-0.000000,1.000000,2.836094,-2.975352
71642.700000,-1.274198,-0.927212,0.897245,-0.020000,0.000000,0.000000,1.000000,2.843985,-2.986291
71642.800000,-1.252832,-0.962757,0.914428,0.000000,-0.000000,0.010000,1.000000,2.822601,-2.960817
71642.900000,-1.251804,-0.950387,0.921498,-0.010000,0.000000,0.000000,1.000000,2.814586,-2.960871
71643.100000,-1.262903,-0.936461,0.906663,-0.010000,0.010000,-0.000000,1.000000,2.832340,-2.972504
71643.200000,-1.265610,-0.940802,0.879805,-0.010000,0.010000,-0.000000,1.000000,2.851374,-2.973558
71643.300000,-1.261911,-0.925462,0.916478,-0.010000,0.010000,-0.000000,1.000000,2.810154,-2.975282
71643.400000,-1.255777,-0.951985,0.895826,-0.010000,0.000000,-0.000000,1.000000,2.832521,-2.963091
71643.500000,-1.269377,-0.935813,0.923879,-0.010000,0.010000,0.000000,1.000000,2.801609,-2.973679
71643.600000,-1.271506,-0.949146,0.897170,-0.010000,0.010000,0.000000,1.000000,2.831628,-2.970745
71643.700000,-1.267643,-0.957936,0.896140,-0.010000,-0.010000,0.010000,1.000000,2.832367,-2.965535
71643.800000,-1.270075,-0.951528,0.898239,-0.010000,-0.010000,0.010000,1.000000,2.830284,-2.969052
71643.900000,-1.297246,-0.870355,0.860706,-0.010000,-0.010000,0.010000,1.000000,2.864581,-3.018151
71644.100000,-1.578134,-0.772348,1.238627,1.760000,-1.960000,1.460000,1.000000,2.855955,-3.021019
71644.200000,-1.558750,-0.719248,1.296377,1.790000,-2.030000,1.440000,1.000000,2.803449,-3.036787
71644.300000,-1.558363,-0.710780,1.295560,1.670000,-1.600000,1.460000,1.000000,2.793282,-3.040165
71644.400000,-1.559236,-0.615057,1.324979,1.680000,-1.650000,1.460000,1.000000,2.762376,-3.084932
71644.500000,-1.545077,-0.609284,1.339398,1.690000,-1.710000,1.470000,1.000000,2.745940,-3.086321
71644.600000,-1.508919,-0.479444,1.461693,1.710000,-1.810000,1.470000,1.000000,2.615658,3.139534
71644.700000,-1.209271,0.056702,1.604411,1.730000,-1.860000,1.470000,1.000000,2.374378,2.804696
71644.800000,-1.467507,-0.425170,1.474366,-0.050000,0.230000,-0.130000,1.000000,2.588193,3.121336
71644.900000,-1.411521,-0.370496,1.521603,1.960000,-2.030000,1.300000,1.000000,2.515923,3.098169
71645.100000,-0.604123,0.951568,1.570681,-0.010000,0.030000,-0.110000,1.000000,2.290045,2.821141
71645.200000,-0.463429,0.941856,1.466759,-0.130000,-0.310000,-0.100000,1.000000,2.330459,2.825992
71645.300000,-0.218476,0.881411,1.523423,-0.190000,0.000000,-0.100000,1.000000,2.234131,2.821331
71645.400000,-0.421487,0.955599,1.490259,-0.160000,-0.250000,-0.160000,1.000000,2.286699,2.809694
71645.500000,-0.514591,0.886889,1.648120,-0.130000,-0.210000,-0.170000,1.000000,2.305550,2.856749
71645.600000,-0.541265,0.943359,1.635793,-0.070000,-0.110000,-0.170000,1.000000,2.315022,2.822969
71645.700000,-0.568135,0.641252,1.156959,-0.660000,-0.230000,1.170000,1.000000,2.337119,2.849520
71645.800000,-0.538270,0.908862,1.664059,-0.040000,-0.050000,-0.150000,1.000000,2.239904,2.839860
71645.900000,-0.594159,0.950130,1.591664,-1.830000,-0.450000,0.610000,1.000000,2.288740,2.822084
71646.100000,-0.381558,0.050393,1.774063,-1.060000,1.700000,-0.240000,1.000000,1.996635,2.949165
71646.200000,-0.610535,-0.107562,1.677683,-0.980000,1.770000,-0.450000,1.000000,1.995388,2.971082
71646.300000,-0.531932,-0.087594,1.618094,-1.280000,0.450000,0.150000,1.000000,2.466155,-3.107780
71646.400000,-0.216517,0.112938,1.899709,-1.150000,1.100000,0.020000,1.000000,1.995123,2.986253
71646.500000,-0.258662,0.118765,1.879225,-1.150000,1.280000,-0.030000,1.000000,2.001467,3.005340
71646.600000,-0.680468,-0.464002,1.366879,-1.140000,1.530000,-0.140000,1.000000,2.749779,-2.948744
71646.700000,-1.151111,-1.068275,0.902491,0.240000,0.500000,-0.190000,1.000000,2.743524,-2.951442
71646.800000,-0.375678,0.020741,1.828795,0.110000,0.190000,0.060000,1.000000,2.033345,3.043116
71646.900000,-0.782454,-0.510961,1.287485,-1.090000,1.680000,-0.210000,1.000000,2.785585,-2.968063
71647.100000,-1.365974,-0.880204,0.825784,-0.040000,-0.130000,0.000000,1.000000,2.856868,-2.987086
71647.200000,-1.349827,-0.889418,0.859260,-0.040000,-0.030000,-0.010000,1.000000,2.830188,-2.982388
71647.300000,-1.300084,-0.937973,0.857705,-0.010000,-0.000000,0.030000,1.000000,2.865250,-2.978201
71647.400000,-1.377253,-0.885398,0.818832,-0.000000,0.020000,0.000000,1.000000,2.853619,-2.989289
71647.500000,-1.373382,-0.885329,0.833081,-0.020000,0.010000,-0.000000,1.000000,2.837426,-2.986169
71647.600000,-1.350402,-0.895590,0.836229,0.050000,0.200000,-0.010000,1.000000,2.867876,-2.992205
71647.700000,-1.327785,-0.898042,0.888432,0.040000,0.160000,-0.000000,1.000000,2.843039,-2.991583
71647.800000,-1.295597,-0.917435,0.871747,-0.020000,-0.010000,-0.010000,1.000000,2.850222,-2.987386
71647.900000,-1.297361,-0.900893,0.895590,-0.000000,-0.020000,0.000000,1.000000,2.846144,-2.990485
71648.100000,-1.284567,-0.916188,0.887513,0.000000,-0.000000,0.000000,1.000000,2.843725,-2.986853
71648.200000,-1.283077,-0.917257,0.914227,0.010000,0.010000,0.010000,1.000000,2.801648,-2.978849
71648.300000,-1.282062,-0.921175,0.907642,-0.000000,0.010000,0.010000,1.000000,2.820020,-2.973501
71648.400000,-1.273653,-0.937932,0.891687,-0.000000,0.020000,-0.000000,1.000000,2.837958,-2.972662
71648.500000,-1.295268,-0.925961,0.868684,-0.020000,-0.040000,0.010000,1.000000,2.864665,-2.985299
71648.600000,-1.294144,-0.940021,0.886487,0.010000,0.010000,-0.000000,1.000000,2.843794,-2.972520
71648.700000,-1.295268,-0.925961,0.868684,0.000000,0.020000,-0.010000,1.000000,2.864665,-2.985299
71648.800000,-1.301778,-0.880849,0.879224,0.000000,0.010000,0.010000,1.000000,2.831510,-2.999646
71648.900000,-1.288313,-0.927241,0.882467,0.000000,0.010000,0.010000,1.000000,2.837576,-2.979047
71649.100000,-1.275976,-0.954680,0.890594,-0.010000,-0.020000,-0.000000,1.000000,2.838379,-2.962547
71649.200000,-1.287062,-0.930120,0.892302,-0.010000,-0.000000,-0.010000,1.000000,2.837629,-2.977322
71649.300000,-1.300308,-0.926018,0.887306,-0.010000,0.010000,-0.000000,1.000000,2.843517,-2.980918
71649.400000,-1.296759,-0.912269,0.875653,-0.010000,0.010000,0.000000,1.000000,2.846013,-2.989639
71649.500000,-1.325455,-0.846753,0.860982,1.410000,-0.600000,1.180000,1.000000,2.865098,-3.031956
71649.600000,-1.323155,-0.726911,0.970641,-0.010000,0.010000,0.010000,1.000000,2.744284,-3.081823
71649.700000,-1.287159,-0.918677,0.853779,-0.010000,-0.010000,0.010000,1.000000,2.859206,-2.988489
71649.800000,-0.738889,0.546858,1.242198,1.680000,-1.900000,0.730000,1.000000,2.376952,2.925399
71649.900000,-1.286348,-0.909634,0.875302,-0.010000,-0.020000,-0.000000,1.000000,2.857439,-2.987546
71650.100000,-0.269423,0.852486,1.244317,0.080000,0.150000,-0.450000,1.000000,2.302250,2.739862
71650.200000,-0.270226,0.810525,1.283599,0.470000,-0.250000,-0.750000,1.000000,2.268917,2.778571
71650.300000,-0.295529,0.765059,1.218532,0.470000,-0.020000,-0.740000,1.000000,2.253796,2.763549
71650.400000,-0.338773,0.764655,1.157967,0.430000,0.040000,-0.680000,1.000000,2.306585,2.764623
71650.500000,-0.304032,0.762526,1.181489,0.380000,0.080000,-0.620000,1.000000,2.249175,2.764887
71650.600000,-0.305653,0.771583,1.208931,0.310000,0.120000,-0.570000,1.000000,2.239395,2.772519
71650.700000,-0.277841,0.821126,1.220719,0.240000,0.170000,-0.540000,1.000000,2.226973,2.753042
71650.800000,-0.309781,0.860401,1.209763,-0.140000,-0.730000,-0.170000,1.000000,2.263986,2.752083
71650.900000,-0.324555,0.857031,1.247585,0.170000,0.200000,-0.520000,1.000000,2.254775,2.762021
71651.100000,-0.126039,0.897135,1.266607,-0.460000,0.700000,-0.250000,1.000000,2.214871,2.788940
71651.200000,-0.358251,0.796234,1.389546,-0.510000,0.650000,-0.230000,1.000000,2.269952,2.806777
71651.300000,-0.337993,0.698575,1.403044,-0.490000,0.670000,-0.240000,1.000000,2.168098,2.837786
71651.400000,-0.368406,0.745306,1.436434,-0.730000,0.060000,0.490000,1.000000,2.215963,2.790673
71651.500000,-0.386103,0.742736,1.473424,-0.830000,0.480000,0.340000,1.000000,2.222906,2.794021
71651.600000,-0.429325,0.594110,1.596630,-1.230000,0.760000,0.340000,1.000000,2.092236,2.917686
71651.700000,-0.461125,0.838190,1.486340,-0.320000,0.780000,-0.240000,1.000000,2.234504,2.791432
71651.800000,-0.614995,0.485187,1.498929,-0.240000,0.650000,-0.130000,1.000000,2.210281,3.059075
71651.900000,-0.475001,0.882222,1.430893,-0.200000,0.740000,0.300000,1.000000,2.243374,2.789563
71652.100000,-1.073815,-0.607006,1.489527,-1.010000,1.290000,-0.470000,1.000000,2.433986,-3.063867
71652.200000,-1.061770,-0.628265,1.496127,-1.030000,1.180000,-0.420000,1.000000,2.451739,-3.058083
71652.300000,-1.129427,-0.845380,1.237752,0.770000,1.340000,-0.030000,1.000000,2.748657,-2.947734
71652.400000,-1.097346,-0.606680,1.456163,-1.010000,1.320000,-0.510000,1.000000,2.464779,-3.053792
71652.500000,-1.110417,-0.632571,1.412725,-1.040000,1.020000,-0.390000,1.000000,2.495188,-3.046202
71652.600000,-1.185962,-0.841215,1.086288,-1.010000,0.640000,-0.490000,1.000000,2.878457,-2.985287
71652.700000,-1.107547,-0.671849,1.388894,-1.010000,0.610000,-0.510000,1.000000,2.512841,-3.041846
71652.800000,-1.321919,-0.916844,0.862438,0.020000,0.040000,0.010000,1.000000,2.871266,-2.980227
71652.900000,-1.131404,-0.694366,1.362549,-0.990000,0.580000,-0.540000,1.000000,2.546219,-3.036802
71653.100000,-1.337478,-0.885915,0.833690,-0.040000,-0.030000,-0.010000,1.000000,2.882392,-3.001314
71653.200000,-1.347976,-0.882139,0.848191,-0.010000,0.010000,-0.000000,1.000000,2.877473,-3.002376
71653.300000,-1.341111,-0.904060,0.837769,-0.020000,-0.000000,-0.010000,1.000000,2.888348,-2.992000
71653.400000,-1.345776,-0.898113,0.828258,0.010000,0.010000,-0.000000,1.000000,2.899258,-2.998415
71653.500000,-1.336991,-0.898164,0.855282,0.010000,0.040000,0.010000,1.000000,2.857525,-2.988443
71653.600000,-1.362943,-0.883154,0.813883,-0.020000,0.000000,-0.010000,1.000000,2.904698,-3.008790
71653.700000,-1.343306,-0.907862,0.799768,-0.020000,0.010000,-0.010000,1.000000,2.908413,-2.995194
71653.900000,-1.340210,-0.904543,0.830797,-0.030000,-0.020000,-0.000000,1.000000,2.884920,-2.990853
71654.100000,-1.353424,-0.887115,0.793369,0.010000,0.020000,0.000000,1.000000,2.916304,-3.009898
71654.200000,-1.339356,-0.916799,0.820186,-0.010000,-0.010000,0.010000,1.000000,2.885518,-2.989651
71654.300000,-1.348298,-0.887269,0.835058,-0.000000,-0.000000,0.010000,1.000000,2.869930,-3.003529
71654.400000,-1.346024,-0.889925,0.832768,-0.000000,-0.010000,0.000000,1.000000,2.883274,-2.999152
71654.500000,-1.343882,-0.883201,0.853064,-0.000000,-0.000000,0.000000,1.000000,2.860659,-2.998007
71654.600000,-1.339435,-0.922326,0.828756,0.000000,-0.000000,0.000000,1.000000,2.898158,-2.989628
71654.700000,-1.337613,-0.905049,0.840847,0.010000,0.010000,0.000000,1.000000,2.873565,-2.987840
71654.800000,-1.353891,-0.902496,0.788785,0.010000,0.020000,0.000000,1.000000,2.932373,-3.012066
71654.900000,-1.348822,-0.892665,0.814782,-0.010000,-0.010000,-0.010000,1.000000,2.903353,-3.002786
71655.100000,-1.315130,-0.918121,0.872380,-0.040000,-0.040000,-0.020000,1.000000,2.849474,-2.986826
71655.200000,-1.313890,-0.929700,0.857535,-0.040000,-0.040000,-0.020000,1.000000,2.865805,-2.983305
71655.300000,-1.350992,-0.880650,0.770081,-0.050000,-0.040000,-0.020000,1.000000,2.965083,-3.044389
71655.400000,-1.323056,-0.932858,0.855177,-0.060000,-0.040000,-0.020000,1.000000,2.868338,-2.981967
71655.500000,-1.320921,-0.930345,0.859923,1.910000,-2.510000,1.630000,1.000000,2.873961,-2.978735
71655.600000,-1.313696,-0.904198,0.877779,1.140000,-2.140000,0.550000,1.000000,2.854430,-2.984189
71655.700000,-1.024673,-0.102641,1.290359,0.680000,-0.870000,-0.230000,1.000000,2.342009,2.830717
71655.800000,-1.315536,-0.910501,0.872769,-0.070000,-0.030000,-0.020000,1.000000,2.837998,-2.989161
71655.900000,-1.325172,-0.943400,0.925464,-0.120000,-0.020000,-0.020000,1.000000,2.879296,-2.984175
71656.100000,-0.311438,0.919406,1.413638,0.080000,-0.420000,-0.400000,1.000000,2.269264,2.779565
71656.200000,-0.324023,0.875529,1.385498,0.010000,0.050000,-0.420000,1.000000,2.270847,2.791298
71656.300000,-0.309949,0.887013,1.394069,-0.070000,0.040000,-0.230000,1.000000,2.254455,2.787423
71656.400000,-0.312225,0.896434,1.446078,-0.050000,-0.100000,-0.240000,1.000000,2.269469,2.790337
71656.500000,-0.267764,0.868665,1.489362,-0.020000,-0.140000,-0.250000,1.000000,2.204319,2.777159
71656.600000,-0.320565,0.871427,1.445693,0.000000,0.020000,0.010000,1.000000,2.283083,2.780160
71656.700000,-0.247019,0.894195,1.507147,-0.000000,0.120000,-0.040000,1.000000,2.185417,2.768630
71656.800000,-0.308860,0.933866,1.456904,0.100000,-0.420000,-0.400000,1.000000,2.294488,2.771670
71656.900000,-0.301210,0.991521,1.511052,-0.050000,0.100000,-0.100000,1.000000,2.269423,2.769386
71657.100000,-0.158241,0.973690,1.544450,-0.040000,0.020000,-0.040000,1.000000,2.153063,2.771364
71657.200000,-0.177271,0.974831,1.553649,-0.040000,0.010000,-0.030000,1.000000,2.176214,2.775068
71657.300000,-0.154022,0.966579,1.564594,-0.040000,0.010000,-0.030000,1.000000,2.151131,2.768354
71657.400000,-0.225519,1.009635,1.470641,-0.040000,0.010000,-0.020000,1.000000,2.274701,2.780276
71657.500000,-0.178874,0.956218,1.564053,-0.050000,0.010000,-0.020000,1.000000,2.157933,2.779020
71657.600000,-0.108646,0.697789,1.224750,-0.050000,0.020000,-0.020000,1.000000,2.177736,2.745584
71657.700000,-0.208750,0.962990,1.554127,-0.050000,0.020000,-0.020000,1.000000,2.176105,2.776668
71657.800000,-0.208832,0.972136,1.544676,-0.050000,0.040000,-0.030000,1.000000,2.175352,2.777270
71657.900000,-0.542850,0.461330,1.493487,-0.070000,-0.020000,-0.010000,1.000000,2.391306,3.136590
71658.100000,-1.447211,-1.378422,1.351188,-2.050000,0.130000,-1.620000,1.000000,2.620648,-2.917040
71658.200000,-1.466639,-1.385174,0.782668,-2.080000,-0.400000,-1.730000,1.000000,2.745382,-2.972001
71658.300000,-1.204741,-1.616440,2.256969,0.170000,0.040000,0.120000,1.000000,2.729037,-2.975209
71658.400000,-1.530536,-2.293922,2.236811,-1.340000,-0.190000,-0.180000,1.000000,2.749866,-2.948806
71658.500000,-1.385595,-1.347446,1.264035,1.760000,-1.700000,-0.140000,1.000000,2.803310,-2.996925
71658.600000,-1.258535,-0.834970,1.029529,0.140000,0.220000,0.110000,1.000000,2.715432,-2.986533
71658.700000,-1.984897,-1.775038,2.236629,0.120000,0.080000,0.060000,1.000000,2.749335,-2.941805
71658.800000,-1.285914,-0.701201,1.642782,0.060000,0.020000,0.060000,1.000000,2.818099,-3.026406
71658.900000,-0.963946,-0.559387,1.305169,0.060000,0.030000,0.080000,1.000000,2.725458,-2.923136
71659.100000,-1.320032,-0.784885,0.934157,0.090000,0.070000,0.010000,1.000000,2.839069,-3.027902
71659.200000,-1.332081,-0.772568,0.964134,0.090000,0.070000,0.010000,1.000000,2.794083,-3.027695
71659.300000,-1.340157,-0.774350,0.925985,0.090000,0.090000,0.000000,1.000000,2.826068,-3.031700
71659.400000,-1.338658,-0.780513,0.922216,0.090000,0.080000,-0.010000,1.000000,2.841056,-3.025007
71659.500000,-1.332925,-0.782527,0.939896,0.080000,0.070000,-0.020000,1.000000,2.820943,-3.020296
71659.600000,-1.351058,-0.807774,0.917572,0.030000,0.040000,-0.070000,1.000000,2.834336,-3.013725
71659.700000,-1.327035,-0.785551,0.985305,0.020000,0.030000,-0.050000,1.000000,2.768744,-3.010726
71659.800000,-1.313742,-0.774854,0.966641,0.080000,0.070000,-0.020000,1.000000,2.802558,-3.027632
71659.900000,-1.321452,-0.794805,0.981418,0.080000,0.060000,0.010000,1.000000,2.761222,-3.004267
71660.100000,-1.314742,-0.854255,0.924606,-0.020000,-0.010000,0.010000,1.000000,2.824783,-2.990495
71660.200000,-1.330613,-0.835625,0.916600,-0.020000,-0.010000,0.010000,1.000000,2.834290,-2.997321
71660.300000,-1.326605,-0.832212,0.957296,-0.030000,-0.010000,0.000000,1.000000,2.799808,-2.999479
71660.400000,-1.332536,-0.839228,0.928822,-0.030000,-0.010000,0.010000,1.000000,2.832037,-3.000699
71660.500000,-1.327649,-0.844891,0.927766,-0.020000,-0.000000,0.010000,1.000000,2.821596,-2.995511
71660.600000,-1.324249,-0.833619,0.910506,-0.020000,-0.020000,-0.010000,1.000000,2.830359,-3.003709
71660.700000,-1.326212,-0.835012,0.901646,-0.010000,0.010000,-0.000000,1.000000,2.840363,-3.004715
71660.800000,-1.324377,-0.834492,0.918879,-0.020000,-0.000000,0.000000,1.000000,2.832171,-3.003518
71660.900000,-1.323525,-0.818904,0.939157,-0.010000,0.010000,0.000000,1.000000,2.820706,-3.004812
71661.100000,-1.659194,-0.841248,1.396016,1.410000,-1.080000,1.250000,1.000000,2.858935,-3.022268
71661.200000,-1.495025,-0.567876,1.202907,0.610000,0.450000,0.460000,1.000000,2.850924,-3.016791
71661.300000,-1.557687,-0.409831,1.670144,1.060000,-0.140000,0.920000,1.000000,2.502215,3.020944
71661.400000,-1.654232,-0.839094,1.394223,1.150000,-0.400000,1.020000,1.000000,2.849393,-3.015780
71661.500000,-1.355994,-0.038123,1.834977,1.240000,-0.660000,1.120000,1.000000,2.287936,2.836013
71661.600000,-1.253755,-0.129696,1.843928,1.320000,-0.890000,1.200000,1.000000,2.214548,2.819282
71661.700000,-1.242801,0.053023,1.948936,0.290000,-0.160000,-0.380000,1.000000,2.231489,2.795224
71661.800000,-1.655527,-0.712971,1.481952,0.160000,0.310000,-0.240000,1.000000,2.875012,-3.030546
71661.900000,-1.271491,0.051076,1.870923,0.050000,0.090000,-0.280000,1.000000,2.315647,2.801504
71662.100000,-0.480682,0.985536,1.359854,-0.090000,-1.290000,-0.000000,1.000000,2.327200,2.783617
71662.200000,-0.153176,0.936311,1.612750,-0.070000,-0.550000,0.150000,1.000000,2.222807,2.791013
71662.300000,-0.425975,0.980460,1.390357,-0.020000,-0.020000,-0.000000,1.000000,2.205947,2.784518
71662.400000,-0.494130,0.955136,1.387633,-0.090000,-0.250000,-0.120000,1.000000,2.334096,2.792928
71662.500000,-0.579133,0.948436,1.220118,0.030000,-0.090000,0.060000,1.000000,2.351104,2.808208
71662.600000,-0.397104,0.934814,1.466275,0.040000,-0.090000,0.030000,1.000000,2.180117,2.793177
71662.700000,-0.342779,0.779219,1.338501,0.030000,-0.090000,0.040000,1.000000,2.218207,2.804444
71662.800000,-0.461425,0.799649,1.115743,-0.170000,-1.120000,0.200000,1.000000,2.341551,2.806068
71662.900000,-0.419081,0.799334,1.146082,-1.130000,0.110000,1.150000,1.000000,2.268435,2.787786
71663.100000,-0.209145,0.588872,1.407840,-2.060000,1.080000,0.310000,1.000000,2.150162,2.818242
71663.200000,-0.211341,0.572904,1.441372,-1.870000,1.230000,-0.460000,1.000000,2.127582,2.827742
71663.300000,-0.973249,-0.506565,1.773271,-1.470000,2.380000,-0.730000,1.000000,2.238995,3.132644
71663.400000,-0.297478,0.425278,1.523402,-1.250000,0.840000,-0.570000,1.000000,2.089726,2.844457
71663.500000,-0.292517,0.329147,1.558323,-0.940000,0.610000,-0.330000,1.000000,2.069980,2.871173
71663.600000,-0.601395,-0.215179,1.080596,-1.970000,0.630000,0.680000,1.000000,2.676238,-2.963578
71663.700000,-0.235377,0.456517,1.496798,-2.040000,1.010000,0.640000,1.000000,2.058734,2.887934
71663.800000,-0.682414,-0.328493,1.147630,-1.910000,0.370000,0.750000,1.000000,2.786619,-2.981804
71663.900000,-0.276645,0.315058,1.703681,-1.930000,0.470000,0.730000,1.000000,2.053531,2.912396
71664.100000,-1.287355,-0.852997,0.924005,0.050000,0.070000,0.080000,1.000000,2.803548,-2.999597
71664.200000,-1.285954,-0.855088,0.925821,0.060000,0.060000,0.030000,1.000000,2.801369,-2.998019
71664.300000,-1.287007,-0.851976,0.936335,0.020000,0.030000,0.080000,1.000000,2.800922,-2.999791
71664.400000,-1.305096,-0.838529,0.946840,-0.010000,-0.060000,0.080000,1.000000,2.812380,-3.009533
71664.500000,-1.287392,-0.837843,0.981421,0.000000,-0.050000,0.080000,1.000000,2.784217,-3.005642
71664.600000,-1.288914,-0.836114,0.977424,0.010000,-0.030000,0.090000,1.000000,2.799936,-3.003103
71664.700000,-1.285817,-0.819900,0.985520,0.000000,-0.000000,0.000000,1.000000,2.791788,-3.017270
71664.800000,-1.277475,-0.878821,0.961920,0.020000,-0.000000,0.080000,1.000000,2.804725,-2.984408
71664.900000,-1.287757,-0.847104,0.959826,0.040000,0.050000,0.080000,1.000000,2.797135,-3.002089
71665.100000,-1.317437,-0.790076,0.939716,-0.010000,0.010000,0.010000,1.000000,2.810633,-3.031646
71665.200000,-1.294798,-0.841948,0.953132,-0.010000,0.000000,0.010000,1.000000,2.793111,-2.998614
71665.300000,-1.305460,-0.820846,0.932832,-0.020000,-0.010000,0.010000,1.000000,2.816857,-3.008906
71665.400000,-1.307104,-0.806567,0.965099,-0.020000,-0.010000,0.010000,1.000000,2.792411,-3.019307
71665.500000,-1.324809,-0.821897,0.911732,-0.010000,-0.020000,0.010000,1.000000,2.841179,-3.018411
71665.600000,-1.314247,-0.811548,0.958522,-0.010000,-0.010000,0.010000,1.000000,2.788272,-3.015795
71665.700000,-1.295811,-0.843681,0.957973,-0.010000,0.010000,0.010000,1.000000,2.798963,-2.998479
71665.800000,-1.304941,-0.833074,0.931796,-0.010000,-0.010000,0.010000,1.000000,2.817945,-3.007778
71665.900000,-1.297266,-0.861443,0.933612,-0.010000,0.010000,0.010000,1.000000,2.815070,-2.996456
71666.100000,-1.322153,-0.890917,1.040373,-0.030000,-0.220000,-0.040000,1.000000,2.795864,-2.993708
71666.200000,-1.199840,-0.831286,1.030204,0.010000,0.090000,0.070000,1.000000,2.796962,-3.005495
71666.300000,-1.120312,-0.808152,1.069191,0.050000,0.310000,0.120000,1.000000,2.785832,-2.993849
71666.400000,-1.211778,-0.830849,0.959224,0.080000,0.470000,0.030000,1.000000,2.831510,-2.999646
71666.500000,-1.304592,-0.833962,0.962875,0.100000,0.500000,-0.000000,1.000000,2.782257,-3.001747
71666.600000,-1.300322,-0.813389,0.938150,0.080000,0.360000,0.040000,1.000000,2.777108,-3.013138
71666.800000,-1.311123,-0.867568,1.050518,0.050000,0.230000,0.020000,1.000000,2.796766,-3.007654
71666.900000,-1.301411,-0.882565,1.021496,-0.010000,-0.130000,-0.000000,1.000000,2.817880,-3.002177
71667.100000,-1.276819,-0.862943,0.973721,-0.010000,-0.010000,0.010000,1.000000,2.780360,-2.990198
71667.200000,-1.283441,-0.860564,0.943977,0.010000,0.010000,-0.000000,1.000000,2.814234,-2.990895
71667.300000,-1.292897,-0.846145,0.963884,-0.010000,-0.010000,0.010000,1.000000,2.792049,-2.995965
71667.400000,-1.277826,-0.840153,0.965987,-0.010000,-0.000000,0.020000,1.000000,2.801403,-3.000944
71667.500000,-1.285645,-0.839019,0.974008,-0.010000,0.000000,0.010000,1.000000,2.792239,-3.000218
71667.600000,-1.297338,-0.832218,0.956721,-0.010000,0.010000,0.010000,1.000000,2.789430,-3.003820
71667.700000,-1.297522,-0.845105,0.952872,-0.010000,0.020000,0.010000,1.000000,2.793725,-3.002754
71667.800000,-1.293073,-0.850861,0.947627,-0.000000,0.030000,0.010000,1.000000,2.799025,-2.994228
71667.900000,-1.304547,-0.825841,0.951792,-0.010000,0.020000,0.010000,1.000000,2.806836,-3.010224
71668.100000,-1.814218,-0.612828,1.431268,1.760000,-0.900000,1.870000,1.000000,2.866717,-3.068764
71668.200000,-1.660942,-1.049116,1.410681,0.990000,0.760000,0.740000,1.000000,2.886027,-3.006223
71668.300000,-1.692470,-0.423970,1.696548,1.180000,0.890000,0.910000,1.000000,2.606352,2.980930
71668.400000,-1.803196,-0.949131,1.410429,1.310000,0.940000,1.050000,1.000000,2.897518,-3.009180
71668.500000,-1.502429,-0.098411,1.817801,1.400000,0.830000,1.220000,1.000000,2.328803,2.825997
71668.600000,-1.263360,-0.253149,1.840436,0.550000,-0.740000,-0.510000,1.000000,2.297394,2.794287
71668.700000,-0.677160,0.031967,1.005118,0.100000,-0.300000,-0.330000,1.000000,2.824479,-2.994144
71668.800000,-1.847617,-0.710326,1.400852,0.820000,0.730000,0.620000,1.000000,2.899252,-3.049541
71668.900000,-1.822789,-0.637329,1.450145,1.480000,0.550000,1.400000,1.000000,2.844860,-3.050545
71669.100000,-0.605784,0.687284,1.542312,-0.080000,-0.380000,-0.040000,1.000000,2.331270,2.806575
71669.200000,-0.501097,0.980659,1.451249,0.070000,0.230000,0.020000,1.000000,2.309055,2.784864
71669.300000,-0.511934,0.991615,1.452257,0.040000,0.040000,0.120000,1.000000,2.327314,2.794780
71669.400000,-0.510552,1.014588,1.420872,0.040000,-0.010000,0.120000,1.000000,2.331663,2.800920
71669.500000,-0.459173,1.049958,1.352433,0.030000,-0.040000,0.120000,1.000000,2.371547,2.786263
71669.600000,-0.427931,1.026464,1.305040,0.000000,-0.090000,0.100000,1.000000,2.354656,2.794655
71669.700000,-0.384900,0.966987,1.199023,-0.070000,-0.280000,-0.000000,1.000000,2.382863,2.805480
71669.800000,-0.317134,0.904461,1.236804,-1.180000,-0.480000,0.770000,1.000000,2.293091,2.811480
71669.900000,-0.314772,0.813264,1.464398,-1.440000,0.120000,0.780000,1.000000,2.234925,2.827908
71670.100000,-0.742482,0.108897,1.623023,-1.470000,0.970000,0.270000,1.000000,2.227884,2.983044
71670.200000,-0.415323,0.347724,1.641806,-1.460000,1.280000,-0.010000,1.000000,2.137889,2.904762
71670.300000,-0.706892,-0.030420,1.306604,-1.440000,1.390000,-0.120000,1.000000,2.558372,-3.099263
71670.400000,-0.418843,0.383774,1.581888,-1.420000,1.490000,-0.190000,1.000000,2.177958,2.911986
71670.500000,-0.737296,-0.312461,1.197613,-0.460000,0.530000,-0.750000,1.000000,2.727285,-2.965220
71670.600000,-0.448945,0.315564,1.620521,0.400000,0.910000,0.020000,1.000000,2.169597,2.939171
71670.700000,-0.548827,0.193602,1.608287,-1.400000,1.620000,-0.260000,1.000000,2.162340,2.968762
71670.800000,-0.605603,0.180901,1.587849,-1.390000,1.830000,-0.430000,1.000000,2.219283,2.981204
71670.900000,-0.977772,-0.438353,1.058121,-1.400000,1.970000,-0.700000,1.000000,2.910604,-3.001507
71671.100000,-1.357939,-0.920845,0.797382,-0.010000,0.040000,-0.020000,1.000000,2.910599,-2.988056
71671.200000,-1.349087,-0.890017,0.787685,-0.010000,-0.050000,-0.010000,1.000000,2.922204,-3.004137
71671.300000,-1.342747,-0.888602,0.830998,-0.010000,0.010000,-0.010000,1.000000,2.884928,-2.994400
71671.400000,-1.343463,-0.915390,0.753919,-0.010000,0.020000,-0.020000,1.000000,2.958961,-3.003227
71671.500000,-1.353886,-0.896422,0.810036,-0.000000,0.020000,-0.020000,1.000000,2.908165,-2.995982
71671.600000,-1.356344,-0.925562,0.804438,-0.010000,0.010000,-0.030000,1.000000,2.913722,-2.986159
71671.700000,-1.349456,-0.891868,0.819610,-0.010000,0.010000,-0.030000,1.000000,2.897217,-2.989647
71671.800000,-1.363422,-0.929498,0.750647,-0.010000,0.020000,-0.030000,1.000000,2.973568,-3.008051
71671.900000,-1.380035,-0.878599,0.776062,-0.010000,0.030000,-0.020000,1.000000,2.935840,-3.021508
71672.100000,-1.346947,-0.925264,0.804058,-0.020000,-0.020000,0.000000,1.000000,2.892078,-2.986246
71672.200000,-1.362828,-0.893287,0.794180,-0.020000,-0.010000,0.000000,1.000000,2.904362,-3.008616
71672.300000,-1.355979,-0.904685,0.804064,-0.000000,0.000000,0.010000,1.000000,2.892873,-2.998748
71672.400000,-1.372709,-0.880441,0.769128,-0.020000,-0.010000,0.000000,1.000000,2.932688,-3.025148
71672.500000,-1.359201,-0.891292,0.814433,-0.020000,-0.000000,0.000000,1.000000,2.881732,-3.003889
71672.600000,-1.351177,-0.913397,0.818759,-0.020000,-0.010000,-0.000000,1.000000,2.887259,-2.992121
71672.700000,-1.341420,-0.920262,0.803635,-0.050000,0.020000,0.010000,1.000000,2.881894,-2.992667
71672.800000,-1.338421,-0.920519,0.817020,-0.020000,-0.010000,-0.000000,1.000000,2.888934,-2.988283
71672.900000,-1.348109,-0.921475,0.806507,-0.000000,0.000000,0.010000,1.000000,2.889474,-2.987848
71673.100000,-1.349305,-0.920083,0.813943,-0.000000,0.000000,0.010000,1.000000,2.892414,-2.989442
71673.200000,-1.342420,-0.923187,0.802330,-0.000000,0.030000,-0.010000,1.000000,2.916546,-2.994471
71673.300000,-1.345389,-0.930231,0.810832,-0.000000,0.010000,-0.010000,1.000000,2.895510,-2.984163
71673.400000,-1.345639,-0.930570,0.781419,-0.010000,-0.020000,0.010000,1.000000,2.928831,-3.000078
71673.500000,-1.333136,-0.950826,0.831206,-0.010000,-0.000000,-0.010000,1.000000,2.860690,-2.969420
71673.600000,-1.329458,-0.946878,0.781811,-0.000000,0.000000,-0.000000,1.000000,2.904990,-2.976717
71673.700000,-1.323476,-0.962547,0.783108,-0.010000,-0.010000,0.010000,1.000000,2.914147,-2.969876
71673.800000,-1.339217,-0.922150,0.810127,-0.000000,-0.010000,0.010000,1.000000,2.896624,-2.989318
71673.900000,-1.350392,-0.898786,0.813672,1.660000,-0.160000,1.720000,1.000000,2.882681,-3.005598
71674.100000,-1.712336,-0.310425,1.172600,2.100000,-1.550000,2.270000,1.000000,2.845778,-3.138298
71674.200000,-1.643332,-0.214128,1.187673,2.120000,-1.570000,2.280000,1.000000,2.795958,3.121349
71674.300000,-1.562405,-0.086985,1.192373,2.120000,-1.990000,2.270000,1.000000,2.791041,3.096013
71674.400000,-1.125422,0.438363,1.538412,2.120000,-1.980000,2.240000,1.000000,2.308052,2.770136
71674.500000,-1.089260,0.469777,1.532696,2.100000,-1.910000,2.190000,1.000000,2.303455,2.776523
71674.600000,-1.459970,0.039946,1.147401,2.090000,-1.850000,2.160000,1.000000,2.785459,3.081831
71674.700000,-1.265933,0.286876,1.593517,-0.000000,0.300000,-0.070000,1.000000,2.281311,2.766906
71674.800000,-1.409357,0.130981,1.157383,2.000000,-1.670000,2.050000,1.000000,2.762662,3.055950
71674.900000,-0.313140,0.990300,1.459385,0.210000,-0.260000,0.170000,1.000000,2.309123,2.776987
71675.100000,-0.399260,1.038319,1.573888,0.040000,-0.100000,-0.100000,1.000000,2.301845,2.777472
71675.200000,-0.423161,1.034881,1.545567,-0.110000,0.070000,-0.160000,1.000000,2.314272,2.774019
71675.300000,-0.460196,0.995288,1.524079,0.060000,1.480000,0.120000,1.000000,2.294610,2.803134
71675.400000,-0.519213,1.039433,1.435877,0.050000,-0.240000,-0.000000,1.000000,2.426724,2.785684
71675.500000,-0.411494,1.040219,1.513821,0.070000,-0.130000,-0.020000,1.000000,2.279443,2.763734
71675.600000,-0.395494,1.033123,1.469907,0.100000,-0.040000,-0.060000,1.000000,2.289331,2.771435
71675.700000,-0.414005,0.966794,1.486046,0.090000,-0.040000,-0.070000,1.000000,2.246094,2.818792
71675.800000,-0.386252,1.045781,1.437194,0.070000,-0.060000,-0.070000,1.000000,2.293264,2.769862
71675.900000,-0.579402,0.682989,1.565049,-1.290000,2.420000,-1.010000,1.000000,2.342681,3.036658
71676.100000,-1.431660,-0.510586,1.414826,-1.110000,0.000000,-0.910000,1.000000,2.693782,-3.097444
71676.200000,-1.398233,-0.451175,1.478955,-0.640000,0.770000,-0.940000,1.000000,2.594114,-3.129942
71676.300000,-1.406494,-0.467575,1.434241,0.370000,-0.330000,-0.280000,1.000000,2.612254,-3.133073
71676.400000,-1.422561,-0.766957,1.227696,-1.280000,1.800000,-0.940000,1.000000,2.844349,-2.998417
71676.500000,-1.431892,-0.510496,1.394907,-1.210000,0.850000,-0.930000,1.000000,2.647892,-3.139350
71676.600000,-1.422261,-0.710979,1.292753,-1.200000,0.710000,-0.920000,1.000000,2.849786,-2.997097
71676.700000,-1.382744,-0.412951,1.548554,-1.180000,0.440000,-0.900000,1.000000,2.557678,3.138836
71676.800000,-1.392218,-0.604881,1.351768,-1.280000,1.970000,-0.940000,1.000000,2.686247,-3.111376
71676.900000,-1.348076,-0.907180,0.809095,0.010000,0.030000,0.010000,1.000000,2.909555,-3.001893
71677.100000,-1.350334,-0.904110,0.794281,-0.000000,0.010000,-0.010000,1.000000,2.915045,-3.005371
71677.200000,-1.347962,-0.888234,0.844842,-0.010000,0.010000,-0.010000,1.000000,2.870136,-3.003005
71677.300000,-1.346170,-0.908827,0.834122,-0.010000,-0.000000,0.000000,1.000000,2.881794,-2.999445
71677.400000,-1.351810,-0.886230,0.821958,-0.000000,-0.000000,-0.000000,1.000000,2.884699,-3.007597
71677.500000,-1.347493,-0.884699,0.842428,-0.010000,0.010000,-0.010000,1.000000,2.861719,-3.003259
71677.600000,-1.339277,-0.907333,0.837740,-0.010000,0.010000,-0.010000,1.000000,2.866097,-2.990773
71677.700000,-1.354595,-0.880610,0.829469,-0.010000,0.000000,-0.010000,1.000000,2.887696,-3.011644
71677.800000,-1.338519,-0.895704,0.819522,-0.000000,0.010000,-0.010000,1.000000,2.887083,-3.002594
71677.900000,-1.343102,-0.910307,0.826181,-0.000000,0.010000,-0.010000,1.000000,2.890280,-2.994732
71678.100000,-1.332149,-0.903076,0.843492,-0.010000,0.010000,0.000000,1.000000,2.871069,-2.994417
71678.200000,-1.335243,-0.899548,0.836796,-0.020000,0.020000,0.000000,1.000000,2.878756,-2.998290
71678.300000,-1.344232,-0.900584,0.812681,-0.020000,0.010000,0.010000,1.000000,2.906131,-3.010714
71678.400000,-1.353410,-0.884357,0.818169,-0.010000,0.010000,-0.000000,1.000000,2.889019,-3.009775
71678.500000,-1.339831,-0.908487,0.808281,-0.010000,-0.010000,0.010000,1.000000,2.899587,-3.004216
71678.600000,-1.343772,-0.907536,0.828509,-0.010000,-0.000000,0.000000,1.000000,2.887770,-2.995744
71678.700000,-1.333014,-0.914847,0.826759,-0.010000,0.000000,0.000000,1.000000,2.878590,-2.995102
71678.800000,-1.344843,-0.881163,0.817388,-0.010000,0.010000,0.000000,1.000000,2.890008,-3.011903
71678.900000,-1.400495,-0.977142,1.067773,-0.010000,0.010000,0.000000,1.000000,2.900204,-3.005181
71679.100000,-1.910445,-1.014012,1.324024,1.320000,0.490000,1.280000,1.000000,2.927139,-3.021127
71679.200000,-1.933160,-0.976204,1.315729,2.280000,-2.240000,2.230000,1.000000,2.925489,-3.025138
71679.300000,-1.098003,0.557755,1.048173,1.460000,-2.670000,0.920000,1.000000,2.650346,2.937533
71679.400000,-1.672294,-0.127053,1.712965,0.980000,-1.400000,-0.180000,1.000000,2.455573,2.823254
71679.500000,-1.926453,-0.824773,1.383422,0.890000,-1.200000,-0.420000,1.000000,2.918182,-3.046749
71679.600000,-1.445594,-0.173794,1.726542,1.370000,0.430000,1.380000,1.000000,2.367214,2.747908
71679.700000,-1.907898,-0.937573,1.295609,1.130000,0.550000,1.050000,1.000000,2.950234,-3.090714
71679.800000,-1.523829,0.025994,1.855587,1.910000,-0.720000,2.300000,1.000000,2.327887,2.766966
71679.900000,-1.942163,-0.670516,1.329604,1.200000,0.540000,1.120000,1.000000,2.935451,-3.100096
71680.100000,-0.272762,1.033854,1.451235,0.200000,-0.040000,0.360000,1.000000,2.286643,2.770370
71680.200000,-0.338571,1.044343,1.451911,0.230000,-0.550000,0.210000,1.000000,2.320827,2.775484
71680.300000,-0.260355,1.077619,1.509225,0.130000,-0.280000,0.110000,1.000000,2.236837,2.731005
71680.400000,-0.369913,1.045738,1.467541,0.060000,-0.480000,0.070000,1.000000,2.321040,2.757678
71680.500000,-0.387910,1.022189,1.483284,0.050000,-0.580000,0.060000,1.000000,2.326175,2.753062
71680.600000,-0.491221,0.809291,1.100709,-0.190000,1.010000,1.220000,1.000000,2.303635,2.768639
71680.700000,-0.393991,0.989244,1.500193,-1.200000,0.450000,1.180000,1.000000,2.318709,2.762770
71680.800000,-0.255690,1.014336,1.476827,0.050000,-0.670000,0.060000,1.000000,2.279962,2.777229
71680.900000,-0.264797,1.057464,1.481133,0.030000,-0.820000,0.090000,1.000000,2.317687,2.764097
71681.100000,-1.523607,-0.161085,1.494477,-1.310000,1.560000,-1.930000,1.000000,2.550146,3.062463
71681.200000,-1.629753,-0.520476,1.210043,-1.200000,2.950000,-1.920000,1.000000,2.911244,-3.052826
71681.300000,-1.597792,-0.199822,1.409924,-1.060000,2.830000,-2.040000,1.000000,2.618279,3.076805
71681.400000,-1.612324,-0.743664,1.109048,-1.010000,2.690000,-2.080000,1.000000,2.862050,-2.955720
71681.500000,-1.625082,-0.801314,0.976057,-1.000000,2.510000,-2.100000,1.000000,2.921311,-2.960574
71681.600000,-1.664936,-0.346011,1.178133,0.070000,0.110000,0.150000,1.000000,2.656721,3.084155
71681.700000,-1.510063,-0.676683,1.252223,-0.020000,-0.010000,0.040000,1.000000,2.881512,-2.964511
71681.800000,-1.588173,-0.251294,1.393754,0.030000,0.090000,0.010000,1.000000,2.743719,3.108844
71681.900000,-1.741986,-0.389949,1.173183,-1.010000,2.400000,-2.090000,1.000000,2.755789,3.112487
71682.100000,-1.311888,-0.993763,0.777874,-0.020000,0.010000,0.010000,1.000000,2.908727,-2.967491
71682.200000,-1.319333,-0.992245,0.769483,-0.030000,-0.020000,0.000000,1.000000,2.918637,-2.977584
71682.300000,-1.313167,-0.996682,0.773877,-0.030000,0.000000,0.000000,1.000000,2.924364,-2.970624
71682.400000,-1.313167,-1.006682,0.763877,-0.030000,0.010000,0.010000,1.000000,2.924364,-2.970624
71682.500000,-1.310780,-1.006319,0.776904,-0.030000,0.010000,0.010000,1.000000,2.909713,-2.966212
71682.600000,-1.311647,-1.025090,0.738099,-0.010000,-0.010000,0.010000,1.000000,2.941749,-2.971736
71682.700000,-1.314303,-0.995454,0.751166,0.000000,0.020000,0.010000,1.000000,2.927457,-2.972430
71682.800000,-1.296598,-1.015515,0.773951,0.010000,0.010000,0.010000,1.000000,2.912654,-2.961428
71682.900000,-1.301932,-1.021720,0.770489,-0.020000,0.010000,0.010000,1.000000,2.904995,-2.955302
71683.100000,-1.320546,-1.012864,0.750811,-0.010000,0.010000,0.000000,1.000000,2.927563,-2.967905
71683.200000,-1.334191,-0.971646,0.783300,-0.000000,0.010000,0.010000,1.000000,2.892674,-2.982560
71683.300000,-1.304348,-1.012566,0.739689,-0.000000,0.010000,0.010000,1.000000,2.951262,-2.977182
71683.400000,-1.327976,-0.981355,0.730856,-0.000000,0.000000,0.010000,1.000000,2.939896,-2.991621
71683.500000,-1.324879,-0.992437,0.727130,-0.010000,-0.010000,0.000000,1.000000,2.954826,-2.991050
71683.600000,-1.325623,-1.005432,0.753939,-0.020000,-0.010000,-0.000000,1.000000,2.935569,-2.975334
71683.700000,-1.325926,-0.992179,0.786239,-0.000000,-0.000000,0.010000,1.000000,2.899782,-2.972020
71683.800000,-1.334528,-1.003161,0.727114,-0.000000,0.010000,0.000000,1.000000,2.954819,-2.990607
71683.900000,-1.312553,-1.021828,0.732694,-0.000000,0.010000,0.000000,1.000000,2.936719,-2.971827
71684.100000,-1.307770,-1.001210,0.743882,-0.010000,0.000000,0.010000,1.000000,2.935792,-2.978003
71684.200000,-1.310195,-1.024104,0.749206,-0.010000,-0.000000,0.010000,1.000000,2.929318,-2.967749
71684.300000,-1.306577,-1.023858,0.709947,-0.010000,-0.020000,0.010000,1.000000,2.973260,-2.986947
71684.400000,-1.296738,-1.029856,0.751462,-0.010000,-0.020000,0.010000,1.000000,2.926547,-2.963231
71684.500000,-1.310865,-0.998940,0.769910,-0.010000,-0.020000,0.010000,1.000000,2.918287,-2.979483
71684.600000,-1.163629,0.326740,1.090972,-0.010000,-0.010000,0.010000,1.000000,2.674435,2.984708
71684.700000,-0.755551,0.678298,1.148352,1.200000,-1.070000,0.400000,1.000000,2.424347,2.845404
71684.800000,-1.312037,-0.996264,0.770540,0.650000,-0.860000,-0.310000,1.000000,2.917684,-2.980917
71684.900000,-0.995825,-0.066645,1.172916,0.210000,-1.530000,-0.390000,1.000000,2.380404,2.768773
71685.100000,-0.260939,0.927491,1.346463,0.080000,-0.050000,-0.420000,1.000000,2.286077,2.750018
71685.200000,-0.280848,0.920463,1.359027,0.070000,-0.030000,-0.420000,1.000000,2.265370,2.752292
71685.300000,-0.295204,0.928643,1.367719,0.030000,0.010000,-0.360000,1.000000,2.268656,2.754504
71685.400000,-0.304634,0.944110,1.393366,0.020000,0.040000,-0.330000,1.000000,2.264037,2.766225
71685.500000,-0.313926,0.995577,1.399200,0.020000,0.040000,-0.320000,1.000000,2.300222,2.754234
71685.600000,-0.313827,1.007719,1.404317,0.010000,-0.030000,-0.320000,1.000000,2.289968,2.750535
71685.700000,-0.374224,0.808528,1.328451,-0.040000,0.740000,0.140000,1.000000,2.267312,2.754352
71685.800000,-0.394487,0.945551,1.348403,-0.110000,0.060000,1.040000,1.000000,2.352063,2.802831
71685.900000,-0.231395,0.942044,1.355305,-1.020000,-0.380000,1.690000,1.000000,2.267311,2.742410
71686.100000,-0.109915,0.650337,1.325735,-1.930000,0.840000,1.110000,1.000000,2.128959,2.769247
71686.200000,-0.119840,0.608851,1.396766,-2.110000,1.150000,0.870000,1.000000,2.127411,2.770266
71686.300000,-0.559600,0.078572,1.229682,-2.150000,1.250000,0.770000,1.000000,2.491909,3.140802
71686.400000,-0.799487,-0.227847,1.921362,-2.180000,1.360000,0.610000,1.000000,2.120495,2.774864
71686.500000,-0.730699,-0.224003,1.493721,-2.200000,1.440000,0.450000,1.000000,2.111403,2.805147
71686.600000,-0.590277,-0.363195,0.910533,-2.200000,1.470000,0.400000,1.000000,2.858263,-2.930159
71686.700000,-0.623589,-0.428050,0.949244,0.050000,-0.020000,0.050000,1.000000,2.860030,-2.933803
71686.800000,-0.219135,0.412543,1.513478,-2.200000,1.550000,0.280000,1.000000,2.104950,2.832568
71686.900000,-0.280475,0.332415,1.586839,0.180000,0.580000,-0.000000,1.000000,2.098630,2.880696
71687.100000,-1.270889,-1.032081,0.786609,0.010000,-0.010000,-0.000000,1.000000,2.898942,-2.965727
71687.200000,-1.257385,-1.033203,0.809569,-0.010000,-0.070000,0.020000,1.000000,2.884224,-2.961177
71687.300000,-1.252370,-1.051262,0.765385,-0.020000,-0.090000,0.030000,1.000000,2.933722,-2.971073
71687.400000,-1.234874,-1.051620,0.749458,-0.020000,-0.080000,0.030000,1.000000,2.951554,-2.977889
71687.500000,-1.236688,-1.044072,0.728294,-0.020000,-0.070000,0.020000,1.000000,2.975095,-2.987816
71687.600000,-1.272951,-1.059130,0.748266,0.000000,-0.010000,0.000000,1.000000,2.930570,-2.971255
71687.700000,-1.228386,-1.030090,0.812043,-0.020000,-0.050000,0.010000,1.000000,2.881561,-2.962432
71687.800000,-1.215280,-1.089283,0.777146,-0.010000,0.000000,-0.000000,1.000000,2.929726,-2.939544
71687.900000,-1.277962,-1.029509,0.805044,-0.000000,0.040000,-0.000000,1.000000,2.878183,-2.961970
71688.100000,-1.285626,-1.041952,0.743599,-0.020000,0.010000,0.020000,1.000000,2.924863,-2.973694
71688.200000,-1.250739,-1.086005,0.749169,-0.010000,0.020000,0.030000,1.000000,2.916712,-2.943624
71688.300000,-1.249179,-1.094115,0.732607,-0.010000,-0.010000,0.020000,1.000000,2.935088,-2.944771
71688.400000,-1.261928,-1.065253,0.751273,-0.010000,-0.010000,0.020000,1.000000,2.915257,-2.956187
71688.500000,-1.270703,-1.051783,0.742979,-0.010000,-0.010000,0.020000,1.000000,2.925169,-2.967755
71688.600000,-1.258721,-1.074629,0.741307,-0.010000,-0.010000,0.020000,1.000000,2.926104,-2.953874
71688.700000,-1.254433,-1.096524,0.737856,-0.020000,0.010000,0.010000,1.000000,2.940772,-2.951731
71688.800000,-1.261624,-1.097792,0.749334,-0.000000,-0.000000,0.020000,1.000000,2.927761,-2.946158
71688.900000,-1.267970,-1.075121,0.718052,-0.000000,0.010000,0.020000,1.000000,2.952633,-2.970004
71689.100000,-1.292027,-1.058952,0.720389,0.010000,0.000000,0.010000,1.000000,2.927379,-2.957860
71689.200000,-1.270699,-1.077308,0.725586,0.000000,-0.000000,-0.000000,1.000000,2.920710,-2.944089
71689.300000,-1.281052,-1.055499,0.734922,-0.020000,0.000000,0.020000,1.000000,2.911123,-2.954762
71689.400000,-1.288737,-1.055631,0.701298,-0.030000,1.020000,0.460000,1.000000,2.960177,-2.973088
71689.500000,-1.301695,-1.036609,0.751653,0.000000,-0.000000,0.010000,1.000000,2.915618,-2.967838
71689.600000,-1.310921,-1.019326,0.738654,-0.010000,-0.020000,0.010000,1.000000,2.919681,-2.979695
71689.700000,-1.362301,-0.397450,0.789331,-0.010000,-0.020000,0.010000,1.000000,2.861052,2.970786
71689.800000,-1.288535,-1.048750,0.714871,-0.010000,-0.020000,0.010000,1.000000,2.934005,-2.966551
71689.900000,-1.288762,-1.069957,0.734390,0.010000,0.010000,0.010000,1.000000,2.944943,-2.957518
71690.100000,-0.374952,0.865175,1.193051,0.100000,-1.420000,-0.840000,1.000000,2.434814,2.750375
71690.200000,-0.357501,0.810117,1.228951,0.100000,-1.130000,-0.800000,1.000000,2.333325,2.796794
71690.300000,-0.359092,0.897123,1.166872,0.080000,-0.260000,0.310000,1.000000,2.402301,2.760658
71690.400000,-0.366414,0.899086,1.187012,-0.180000,-0.140000,-0.060000,1.000000,2.388313,2.765238
71690.500000,-0.387943,0.840743,1.165209,0.000000,-0.840000,0.050000,1.000000,2.448136,2.755709
71690.600000,-0.331033,0.721777,1.327909,0.090000,-1.650000,-0.860000,1.000000,2.228841,2.828217
71690.700000,-0.385613,0.905936,1.248177,0.090000,-1.530000,-0.860000,1.000000,2.367872,2.756618
71690.800000,-0.393476,0.902748,1.269383,0.070000,-0.810000,-0.750000,1.000000,2.346550,2.747478
71690.900000,-0.422400,0.767870,1.395403,0.010000,-0.080000,-0.600000,1.000000,2.253024,2.834618
71691.100000,-0.416408,0.654523,1.334965,-0.280000,0.530000,0.220000,1.000000,2.220987,2.840688
71691.200000,-0.405367,0.632322,1.326392,-0.270000,0.600000,0.340000,1.000000,2.180205,2.836596
71691.300000,-0.445768,0.625452,1.294838,-1.910000,1.090000,0.790000,1.000000,2.220942,2.839956
71691.400000,-0.478985,0.464929,1.371113,-2.100000,1.610000,-0.470000,1.000000,2.151355,2.945342
71691.500000,-0.451545,0.619386,1.305769,-1.670000,3.710000,-1.690000,1.000000,2.214734,2.828069
71691.600000,-0.830684,0.059327,1.042172,-1.830000,1.200000,-1.900000,1.000000,2.613268,-3.096851
71691.700000,-0.373718,0.718907,1.304633,-0.260000,0.630000,0.460000,1.000000,2.217061,2.828791
71691.800000,-0.409608,0.669789,1.335627,-0.260000,0.430000,0.130000,1.000000,2.221173,2.844405
71691.900000,-0.598234,0.581434,1.188644,-0.280000,0.480000,0.170000,1.000000,2.233642,2.844784
71692.100000,-1.103031,-1.198613,0.868168,0.010000,0.210000,0.050000,1.000000,2.777659,-2.898947
71692.200000,-1.072351,-1.232802,0.866873,0.090000,0.150000,0.060000,1.000000,2.752343,-2.872116
71692.300000,-1.086482,-1.233785,0.844994,0.030000,0.020000,0.010000,1.000000,2.766559,-2.873697
71692.400000,-1.127990,-1.180730,0.847616,0.030000,0.030000,0.000000,1.000000,2.826519,-2.918965
71692.500000,-1.116792,-1.225763,0.823583,0.000000,0.110000,0.050000,1.000000,2.803844,-2.878652
71692.600000,-1.136866,-1.195364,0.834927,0.000000,0.150000,0.050000,1.000000,2.792036,-2.890256
71692.700000,-1.142645,-1.134387,0.899055,0.060000,-0.050000,0.010000,1.000000,2.788006,-2.896838
71692.800000,-1.150407,-1.165400,0.860778,0.020000,0.110000,0.080000,1.000000,2.775583,-2.907246
71692.900000,-1.156918,-1.135786,0.864778,0.030000,0.080000,0.090000,1.000000,2.760466,-2.917597
71693.100000,-1.159388,-1.089126,0.921381,-0.140000,-0.430000,0.110000,1.000000,2.823492,-2.932152
71693.200000,-1.161354,-1.086095,0.896195,-0.300000,-0.620000,0.120000,1.000000,2.793452,-2.916137
71693.300000,-1.188769,-1.057421,0.917748,-0.050000,-0.220000,0.210000,1.000000,2.756044,-2.909434
71693.400000,-1.152996,-1.076780,0.891397,0.190000,0.190000,0.020000,1.000000,2.786566,-2.908107
71693.500000,-1.234718,-1.043566,0.942121,0.160000,0.390000,-0.120000,1.000000,2.785948,-2.910091
71693.600000,-1.119250,-1.121527,0.953551,0.090000,0.350000,0.110000,1.000000,2.783670,-2.904550
71693.700000,-1.124451,-1.100919,0.973291,0.110000,0.640000,0.100000,1.000000,2.761844,-2.914502
71693.800000,-1.236584,-1.082299,0.834603,0.060000,0.210000,0.120000,1.000000,2.819561,-2.929432
71693.900000,-1.208407,-1.184065,0.660778,-0.030000,-0.040000,0.100000,1.000000,2.799253,-2.911971
71694.100000,-1.202246,-1.017586,0.933738,0.000000,-0.020000,0.030000,1.000000,2.776115,-2.944089
71694.200000,-1.181393,-1.055540,0.923406,-0.000000,-0.000000,0.020000,1.000000,2.773941,-2.919795
71694.300000,-1.173374,-1.064473,0.930559,0.030000,0.040000,-0.010000,1.000000,2.764817,-2.912658
71694.400000,-1.188286,-1.040799,0.927561,-0.020000,0.010000,0.010000,1.000000,2.770080,-2.928594
71694.500000,-1.180245,-1.069523,0.913456,0.030000,0.040000,0.020000,1.000000,2.796428,-2.914425
71694.600000,-1.129381,-1.137594,0.821475,0.040000,0.040000,0.020000,1.000000,2.809908,-2.911529
71694.700000,-1.260625,-1.088327,0.874983,-0.010000,0.030000,0.010000,1.000000,2.773286,-2.930643
71694.800000,-1.264973,-1.066853,0.885240,-0.010000,0.110000,-0.040000,1.000000,2.784826,-2.933355
71694.900000,-1.199882,-1.040135,0.918525,-0.010000,-0.010000,0.060000,1.000000,2.791810,-2.926066
71695.100000,-1.204537,-1.036207,0.904227,-0.010000,0.040000,-0.030000,1.000000,2.798359,-2.942198
71695.200000,-1.196458,-1.031356,0.934011,-0.010000,0.040000,-0.030000,1.000000,2.763804,-2.939912
71695.600000,-1.173039,-1.069566,0.908264,-0.010000,0.050000,-0.030000,1.000000,2.768632,-2.922801
