Clock Time (s),Elapsed Time (s),ax,ay,az,gx,gy,gz,mr,mtheta,mphi,
71197.6,0.0,-0.10,-0.45,0.86,-0.00,-0.00,-0.01,38.39632274059588,0.6465970741338338,2.1420377359958165,
71197.7,0.09999999999126885,-0.14,-0.48,0.86,-0.00,0.01,-0.01,38.801543783720774,0.6317862143600643,2.12712464410149,
71197.8,0.19999999999708962,-0.11,-0.48,0.84,0.00,0.01,-0.02,38.40773099260095,0.6787242200959094,2.130745419851631,
71197.9,0.29999999998835847,-0.11,-0.46,0.86,-0.01,-0.01,0.00,38.34446244244402,0.6271532908872263,2.121954267928196,
71198.1,0.5,-0.11,-0.46,0.86,0.00,0.00,0.05,37.425774541083314,0.7043399572932143,2.108867941304154,
71198.2,0.5999999999912689,-0.11,-0.45,0.85,-0.00,0.03,0.04,38.20184550515852,0.6772064438420561,2.1019402923773143,
71198.3,0.6999999999970896,-0.12,-0.46,0.84,-0.00,0.05,0.02,40.27054630868571,0.6939186653229328,2.11908160062009,
71198.4,0.7999999999883585,-0.12,-0.46,0.85,0.01,0.00,0.05,38.18050811605315,0.6762505174519993,2.092271695241093,
71198.5,0.8999999999941792,-0.19,-0.47,0.88,0.00,0.06,0.02,40.00079749205008,0.6905052990442679,2.1170498944164255,
71198.6,1.0,-0.12,-0.47,0.87,-0.00,0.04,0.03,37.975322250113955,0.6746932845959854,2.1005585453742377,
71198.7,1.0999999999912689,-0.10,-0.41,0.90,-0.01,0.04,0.03,38.99267880000039,0.6770271324270285,2.109375478460213,
71198.8,1.1999999999970896,-0.11,-0.46,0.85,-0.01,0.03,0.04,38.045723807019364,0.6892466479450572,2.1221530243200197,
71198.9,1.2999999999883585,-0.12,-0.47,0.86,-0.01,0.03,0.04,38.33078397319836,0.6961870398175718,2.1197252745815827,
71199.1,1.5,-0.20,-0.45,0.76,0.01,-0.07,0.04,37.83816195324503,0.6293929176723732,2.131760186097555,
71199.2,1.5999999999912689,-0.20,-0.46,0.77,-0.01,-0.09,0.04,37.24243010331093,0.5996465217327717,2.148238650185243,
71199.3,1.6999999999970896,-0.14,-0.46,0.87,-0.01,-0.10,0.06,39.12947993520997,0.6271762819002062,2.174077110674077,
71199.4,1.7999999999883585,-0.16,-0.44,0.85,-0.01,-0.11,0.10,37.297112488770495,0.6079733169963002,2.148243444757862,
71199.5,1.8999999999941792,-0.18,-0.44,0.75,0.05,-0.06,0.06,37.91514736882873,0.5992996237936219,2.1165398629516208,
71199.6,2.0,-0.18,-0.47,0.80,-0.03,-0.05,0.17,37.55618058322757,0.63975200009603,2.1478805066844546,
71199.7,2.099999999991269,-0.18,-0.47,0.80,-0.04,-0.02,0.20,37.78422157462027,0.6361973326678175,2.1562908716204108,
71199.8,2.1999999999970896,-0.19,-0.44,0.75,-0.03,0.01,0.22,38.03941245603039,0.6322028717724602,2.1654337404852524,
71199.9,2.2999999999883585,-0.15,-0.50,0.79,0.03,-0.06,0.04,38.206063654870285,0.6423882120102521,2.1318923476915144,
71200.1,2.5,-0.15,-0.52,0.89,-0.02,0.18,0.06,38.54211851987382,0.6819906482733453,2.126421929531367,
71200.2,2.599999999991269,-0.15,-0.52,0.87,-0.02,0.14,0.07,38.78198164096312,0.6210775089782337,2.1577960342152442,
71200.3,2.6999999999970896,-0.13,-0.51,0.84,-0.01,0.03,0.11,38.75631819458603,0.6563418833988802,2.1217823010537797,
71200.4,2.7999999999883585,-0.11,-0.42,0.95,-0.02,-0.05,0.12,39.47810279129432,0.5867767133476683,2.107046520014171,
71200.5,2.8999999999941792,-0.10,-0.38,0.82,-0.01,0.24,0.03,37.73182476371902,0.5082738906168388,2.196882150519547,
71200.6,3.0,-0.15,-0.53,0.90,-0.04,-0.21,0.14,39.68083416461907,0.6058592977860703,2.1040127179099315,
71200.7,3.099999999991269,-0.06,-0.45,0.83,-0.05,-0.27,0.13,38.68843367209378,0.6207777479516433,2.11952494272128,
71200.8,3.1999999999970896,-0.15,-0.53,0.89,-0.06,-0.29,0.12,39.90151250266085,0.6245039173642117,2.1007514521178696,
71200.9,3.2999999999883585,-0.06,-0.44,0.86,-0.02,0.21,0.04,38.475984717743096,0.654754944801426,2.108014241328462,
71201.1,3.5,-0.02,-0.18,1.05,1.31,-0.31,-0.03,37.53129494168833,0.18346217636898868,2.488602248709052,
71201.2,3.599999999991269,-0.01,-0.17,1.04,1.32,-0.27,-0.04,36.318387904751496,0.03844259002118799,2.5047889044675946,
71201.3,3.6999999999970896,-0.02,-0.21,1.14,1.33,-0.24,-0.04,37.8088561054153,6.262260245315136,2.5210551052362904,
71201.4,3.7999999999883585,-0.02,-0.21,1.12,1.34,-0.17,-0.04,38.264486145772295,0.39523537982928303,2.3955231710560367,
71201.5,3.8999999999941792,-0.02,-0.20,1.11,1.30,-0.33,-0.03,37.45860915730855,0.3279902997851354,2.4698376233552732,
71201.6,4.0,-0.02,-0.19,1.09,1.32,-0.11,-0.04,37.27794388106726,0.30510854031479195,2.4833760475574342,
71201.7,4.099999999991269,-0.02,-0.19,1.08,1.30,-0.08,-0.04,38.491158725089065,5.732244801621543,2.5329907681838395,
71201.8,4.19999999999709,-0.02,-0.19,1.08,1.28,-0.04,-0.05,38.55007522690455,0.4107665840656996,2.3721327371266985,
71201.9,4.2999999999883585,-0.02,-0.18,1.06,1.25,-0.01,-0.06,37.81511602520876,0.2638165565921828,2.4861933979320066,
71202.1,4.5,0.10,0.48,0.69,0.27,0.08,-0.06,38.48523613023571,5.590516322877317,2.4638657684381107,
71202.2,4.599999999991269,0.09,0.50,0.68,0.25,0.07,-0.06,38.439315810768534,5.595931451053443,2.451749234297273,
71202.3,4.69999999999709,0.10,0.48,0.68,0.16,-0.03,-0.04,40.30904240986134,5.51865471655331,2.5124009597099786,
71202.4,4.7999999999883585,0.09,0.52,0.68,0.23,0.06,-0.06,38.680586862145724,5.550888498029598,2.4596638233550028,
71202.5,4.899999999994179,0.09,0.53,0.69,0.10,-0.19,-0.04,38.8722844710727,5.5184057724071165,2.464624698751247,
71202.6,5.0,0.10,0.54,0.71,0.08,-0.24,-0.04,39.52409265245693,5.541107405601584,2.5044746154322053,
71202.7,5.099999999991269,0.10,0.55,0.72,0.05,-0.36,-0.06,39.01473824082382,5.525518094371246,2.4548218781060593,
71202.8,5.19999999999709,0.16,0.53,0.76,0.02,-0.41,-0.08,38.91618300912873,5.509624597072776,2.5188100010252668,
71202.9,5.2999999999883585,0.15,0.55,0.71,0.21,0.05,-0.06,39.050805369415876,5.527408107211264,2.4524871206819956,
71203.1,5.5,0.08,0.51,0.81,-0.24,0.11,0.08,39.433310791765884,5.502504089930544,2.4877381059131376,
71203.2,5.599999999991269,0.11,0.54,0.79,-0.20,0.15,0.09,40.0466852560858,5.508428099631102,2.4805112608955002,
71203.3,5.69999999999709,0.08,0.50,0.82,-0.24,0.12,0.02,39.605798817849895,5.530849580891907,2.471434780974405,
71203.4,5.7999999999883585,0.10,0.37,0.79,-0.25,0.11,0.02,39.29548829064222,5.546927878198158,2.4646296922323443,
71203.5,5.899999999994179,0.07,0.30,0.72,-0.24,0.06,0.04,40.74128741215721,5.7350175921932935,2.5607616732088907,
71203.6,6.0,0.08,0.51,0.83,-0.23,0.08,0.08,40.14023542531857,5.530880080825159,2.475905599982191,
71203.7,6.099999999991269,0.10,0.52,0.84,-0.22,0.10,0.07,40.32218620065137,5.527408107211264,2.4781936853944755,
71203.8,6.19999999999709,0.08,0.51,0.83,-0.22,0.12,0.07,39.16636439599673,6.027213910213191,2.629388358667716,
71203.9,6.2999999999883585,0.08,0.51,0.80,-0.22,0.13,0.08,37.94701832819016,0.009921345475875037,2.612586239885625,
71204.1,6.5,-0.05,-0.35,1.17,-1.15,0.43,-0.11,36.825586213935544,0.5330272985363955,2.384651945003683,
71204.2,6.599999999991269,0.09,-0.19,1.21,-0.52,0.13,-0.04,37.58492383922042,0.37243073890852374,2.498626565730499,
71204.3,6.69999999999709,0.08,-0.20,1.21,-1.86,0.60,0.02,37.574577841939885,0.661013172150333,2.2498851225983416,
71204.4,6.7999999999883585,-0.07,-0.48,0.86,-1.86,0.61,-0.01,37.403499836245274,0.4152951201019458,2.471692821098694,
71204.5,6.899999999994179,-0.07,-0.48,0.82,-1.77,0.59,-0.10,37.85184275567043,0.4269570258375473,2.4161114300621676,
71204.6,7.0,0.04,-0.26,1.22,-1.55,0.54,-0.15,37.77464096454128,0.7010726679717505,2.144120149720118,
71204.7,7.099999999991269,0.02,-0.28,1.25,-1.45,0.54,-0.17,37.922306100763436,0.4287473086256288,2.4084847920897037,
71204.8,7.19999999999709,-0.02,-0.31,1.21,-1.31,0.55,-0.16,38.61465265932092,0.7220744712176119,2.084337009729477,
71204.9,7.2999999999883585,-0.05,-0.34,1.19,-1.23,0.50,-0.14,37.97591868539851,0.2988403450246039,2.538666540403136,
71205.1,7.5,-0.09,-0.55,0.80,0.01,0.04,0.03,38.95961755459106,0.6963785570067683,2.1033153768615733,
71205.2,7.599999999991269,-0.09,-0.55,0.81,-0.01,0.00,0.03,39.07508669216231,0.6919998074602494,2.1033562430733963,
71205.3,7.69999999999709,-0.08,-0.55,0.81,-0.01,-0.04,0.03,38.78114619244769,0.7185175351391223,2.1180640474205825,
71205.4,7.7999999999883585,-0.08,-0.55,0.82,-0.01,-0.02,0.01,39.070268747476,0.7729764420754932,2.077771866171018,
71205.5,7.899999999994179,-0.09,-0.54,0.80,-0.00,-0.01,0.01,39.838497712639715,0.7490655426409311,2.106342021408421,
71205.6,8.0,-0.09,-0.56,0.82,0.02,0.02,0.02,37.674137017322636,0.7735876889431332,2.1098796287929513,
71205.7,8.099999999991269,-0.08,-0.56,0.82,0.01,0.03,0.02,39.06294663744659,0.782710553577467,2.074949877933859,
71205.8,8.19999999999709,-0.08,-0.56,0.81,0.01,0.04,0.03,38.31152698601297,0.7545991763637574,2.1002593064671697,
71205.9,8.299999999988358,-0.08,-0.55,0.81,0.01,0.04,0.03,38.41784351053557,0.7332418283187183,2.1034683074748166,
71206.1,8.5,-0.09,-0.55,0.79,-0.00,0.02,0.01,39.222490996875756,0.6869570564249784,2.072416293345778,
71206.2,8.599999999991269,-0.09,-0.55,0.79,-0.00,0.02,0.00,37.75858313019703,0.7090571065942857,2.092888364908819,
71206.3,8.69999999999709,-0.10,-0.55,0.80,-0.01,0.02,0.00,39.0581591988153,0.6879477215019618,2.0885195209005953,
71206.4,8.799999999988358,-0.09,-0.55,0.79,-0.01,0.02,-0.00,39.78966448715043,0.7700209862127211,2.069188115211657,
71206.5,8.89999999999418,-0.10,-0.55,0.80,-0.01,0.02,-0.00,38.514991886277215,0.7491729723058118,2.082518396156839,
71206.6,9.0,-0.09,-0.55,0.79,-0.01,0.01,0.02,38.54291244833478,0.7193662985427725,2.0970498078109165,
71206.7,9.099999999991269,-0.10,-0.55,0.80,-0.01,0.02,-0.00,38.96368180754996,0.7071310769576168,2.0760626465149006,
71206.8,9.19999999999709,-0.09,-0.55,0.80,-0.00,0.03,0.01,38.531546815564,0.7021173739075127,2.0790063306801487,
71206.9,9.299999999988358,-0.10,-0.55,0.80,-0.00,0.03,0.01,37.693861569226364,0.6969552163493792,2.1101849113726963,
71207.1,9.5,-0.10,-0.55,0.80,-0.01,0.02,-0.00,38.98043227056365,0.7330561184338994,2.0858192802332147,
71207.2,9.599999999991269,-0.10,-0.56,0.80,-0.00,0.01,0.01,39.437598811286676,0.722020433822753,2.07665982306518,
71207.3,9.69999999999709,-0.09,-0.55,0.80,-0.00,0.01,0.01,38.703335773548,0.7128928110175949,2.065346865008939,
71207.4,9.799999999988358,-0.10,-0.55,0.80,-0.00,0.00,0.01,38.573249798273416,0.6915468804774836,2.120135208337214,
71207.5,9.89999999999418,-0.09,-0.55,0.81,-0.01,0.00,0.01,39.4015456549613,0.7216461234143116,2.079780603575525,
71207.6,10.0,-0.09,-0.56,0.80,-0.01,0.01,0.00,38.7826481818867,0.7408227823331771,2.1078061377573745,
71207.7,10.099999999991269,-0.10,-0.55,0.81,-0.01,0.00,0.01,37.74993907279852,0.7200903266395109,2.044768961734154,
71207.8,10.19999999999709,-0.09,-0.55,0.80,-0.01,0.02,0.00,39.020559965228585,0.7203319593855968,2.0929078498066582,
71207.9,10.299999999988358,-0.10,-0.55,0.81,-0.01,0.02,-0.00,39.956608965226266,0.722319773091752,2.085795683650214,
71208.1,10.5,-0.10,-0.55,0.80,-0.01,-0.00,0.01,38.48129285769905,0.712305958538475,2.0952761333810157,
71208.2,10.599999999991269,-0.10,-0.55,0.81,-0.02,0.00,-0.00,38.188959137426096,0.710097990635636,2.1272322226032596,
71208.3,10.69999999999709,-0.09,-0.55,0.80,-0.02,0.01,-0.01,37.987004356753374,0.69141797589819,2.1006835255368044,
71208.4,10.799999999988358,-0.09,-0.56,0.80,-0.02,-0.02,-0.00,38.182605987543596,0.7067911056860177,2.1230232222678813,
71208.5,10.89999999999418,-0.09,-0.55,0.80,-0.02,-0.02,-0.01,38.214392576619616,0.6897649325795502,2.101747422139132,
71208.6,11.0,-0.09,-0.55,0.80,-0.02,-0.01,-0.01,38.0737915106967,0.6897643712176413,2.122008016366003,
71208.7,11.099999999991269,-0.09,-0.55,0.80,-0.02,0.00,-0.00,37.93299619065174,0.6978273412126833,2.0999900635066675,
71208.8,11.19999999999709,-0.10,-0.55,0.79,-0.01,0.00,0.01,37.513561547792285,0.710097990635636,2.0975752060326034,
71208.9,11.299999999988358,-0.09,-0.55,0.80,-0.01,0.00,0.01,37.57615467287732,0.7260545376634573,2.2905435961858975,
71209.1,11.5,0.07,-0.31,0.96,1.07,-0.21,-0.33,37.53670337150027,0.6066339877928324,2.474511776965957,
71209.2,11.599999999991269,0.05,-0.38,0.96,1.14,-0.23,-0.22,38.00277095160299,0.7368140594537991,2.380608595094839,
71209.3,11.69999999999709,0.10,-0.28,0.95,1.15,-0.24,-0.21,37.968415821574645,0.7265463990145539,2.3884655593229143,
71209.4,11.799999999988358,0.05,-0.37,0.96,1.11,-0.21,-0.26,37.8423862883936,0.6766856107463589,2.423593807947957,
71209.5,11.89999999999418,0.07,-0.35,0.96,1.06,-0.14,-0.31,37.7237577661611,6.127414915593533,2.6211979728393553,
71209.6,12.0,-0.04,0.27,0.80,1.06,-0.14,-0.32,37.51904716274122,0.6608627611311936,2.4368008040222997,
71209.7,12.099999999991269,0.07,-0.34,0.95,1.06,-0.15,-0.32,37.11877422545093,0.6400230094828152,2.453384604437502,
71209.8,12.19999999999709,0.07,-0.34,0.96,1.06,-0.18,-0.32,38.96443634906066,5.688340190676954,2.5197260174194063,
71209.9,12.299999999988358,0.07,-0.32,0.96,1.07,-0.20,-0.33,37.399439835377216,0.6169093518366493,2.468391676596618,
71210.1,12.5,0.06,0.51,0.78,0.18,-0.01,-0.19,37.521912264702074,5.607944472117576,2.519381735300125,
71210.2,12.599999999991269,0.07,0.53,0.81,0.18,0.01,-0.17,39.967937149670355,5.664770327200986,2.4949975316272948,
71210.3,12.69999999999709,0.08,0.52,0.80,0.18,0.01,-0.16,37.95287340900554,5.638782891735364,2.5171160949494005,
71210.4,12.799999999988358,0.07,0.50,0.79,0.18,0.02,-0.15,40.72828746706642,5.555841493519421,2.4850028442859142,
71210.5,12.89999999999418,0.07,0.48,0.80,0.16,0.03,-0.12,38.83178337393224,5.6288483033638705,2.5112802235310814,
71210.6,13.0,0.07,0.52,0.78,0.16,0.06,-0.12,40.63439552891121,5.672393027594348,2.4880070000046697,
71210.7,13.099999999991269,0.07,0.47,0.77,0.18,0.02,-0.13,40.83582373357981,5.642261512267273,2.534977777423576,
71210.8,13.19999999999709,0.07,0.48,0.74,0.15,0.12,-0.10,39.65340968945798,5.608927390035774,2.5341577158735586,
71210.9,13.299999999988358,0.08,0.50,0.73,0.13,0.15,-0.09,39.656094109228654,5.605579043284661,2.5429522508806217,
71211.1,13.5,0.13,0.45,0.76,-0.34,0.17,-0.01,39.511889349915926,5.6229305555967315,2.473621843136566,
71211.2,13.599999999991269,0.08,0.45,0.74,-0.29,-0.14,0.04,38.57501523006828,5.580953645425204,2.4950726793570985,
71211.3,13.69999999999709,0.06,0.23,0.79,-0.30,-0.12,0.03,39.89499968667753,5.9250722320390725,2.5229018226985502,
71211.4,13.799999999988358,0.07,0.45,0.74,-0.30,-0.09,0.02,38.8172101006757,5.621995090318784,2.4796918118685616,
71211.5,13.89999999999418,0.05,0.46,0.76,-0.31,-0.05,0.01,39.03490873564328,5.654931418107456,2.4663948907701148,
71211.6,14.0,0.05,0.46,0.75,-0.31,-0.00,0.00,37.57655918255422,0.2542564853718646,2.608897207997775,
71211.7,14.099999999991269,0.12,0.44,0.74,-0.31,0.05,-0.00,38.810199690287604,5.695411903719686,2.4682687732537856,
71211.8,14.19999999999709,0.08,0.45,0.73,-0.44,0.32,0.11,37.27868023414992,0.5568348707696853,2.4410803367743115,
71211.9,14.299999999988358,-0.10,-0.41,1.02,-0.46,0.25,0.10,37.89879417606845,0.6743741428268817,2.2366081325401392,
71212.1,14.5,-0.05,-0.50,0.98,-0.71,-0.13,0.08,39.41209078442807,0.7376468798327804,2.194235749674335,
71212.2,14.599999999991269,-0.05,-0.50,0.97,-0.50,-0.17,0.08,39.87111987391375,0.830922468690489,2.072362203463605,
71212.3,14.69999999999709,0.00,-0.65,0.80,-0.31,-0.08,0.08,38.69369586896553,0.7696251991767119,2.17556047334122,
71212.4,14.799999999988358,-0.06,-0.50,0.98,-0.23,0.00,0.05,38.53975350206589,0.7979498054670159,2.1566795913901466,
71212.5,14.89999999999418,-0.06,-0.50,0.98,-1.07,-0.05,-0.01,38.09316342862588,0.9152251295126699,2.020819265788655,
71212.6,15.0,-0.03,-0.57,0.97,-1.07,-0.24,-0.01,37.98483249930161,0.7982520653605316,2.1443077554522714,
71212.7,15.099999999991269,-0.04,-0.66,0.72,-0.81,-0.21,0.08,37.89003826865315,0.798044482747156,2.1421549590391074,
71212.8,15.19999999999709,-0.05,-0.65,0.75,-0.76,-0.18,0.08,39.227921178670684,0.8578788886030732,2.0018349452149495,
71212.9,15.299999999988358,-0.03,-0.57,0.96,-0.73,-0.15,0.08,39.61755923829735,0.8676760767728713,1.9984260126016424,
71213.1,15.5,-0.05,-0.63,0.73,0.00,0.04,0.00,38.08472397169238,0.8622655626100132,2.034091502757353,
71213.2,15.599999999991269,-0.05,-0.64,0.73,-0.00,0.02,0.01,38.962798924101946,0.8422310028702663,2.026862878131528,
71213.3,15.69999999999709,-0.04,-0.64,0.73,-0.01,0.04,-0.00,38.51223701630431,0.838670108047614,2.029711836186026,
71213.4,15.799999999988358,-0.04,-0.64,0.75,0.03,0.03,0.04,40.335346781700046,0.8554485665028732,2.012155469935208,
71213.5,15.89999999999418,-0.05,-0.64,0.74,0.03,0.02,0.04,39.33544076275236,0.8803121167954928,2.0151697280959886,
71213.6,16.0,-0.05,-0.64,0.74,0.00,0.04,0.01,39.963677258230376,0.8499009166353741,2.0209958012097955,
71213.7,16.09999999999127,-0.05,-0.64,0.73,0.00,0.03,0.00,38.9637228714095,0.8350542799435424,2.0231383693145046,
71213.8,16.19999999999709,-0.05,-0.64,0.74,0.00,0.03,-0.00,39.29769713354715,0.8826271674372419,2.015627082969843,
71213.9,16.29999999998836,-0.05,-0.64,0.75,-0.00,0.04,-0.00,37.49962266476824,0.8614879708442,2.043098817792485,
71214.1,16.5,-0.05,-0.64,0.73,0.00,-0.01,0.01,38.66079538757577,0.8396925753057544,1.998334609274347,
71214.2,16.59999999999127,-0.05,-0.65,0.73,-0.01,-0.00,0.02,38.29962271354641,0.8154337890183664,1.9986144863228696,
71214.3,16.69999999999709,-0.06,-0.65,0.73,-0.01,0.01,0.01,38.292770858218134,0.871165544424507,1.966776272139538,
71214.4,16.79999999998836,-0.05,-0.65,0.73,-0.01,0.00,0.01,39.25109934766159,0.7905877375674457,2.015910785224806,
71214.5,16.89999999999418,-0.05,-0.65,0.74,-0.00,0.01,0.00,39.362781913884085,0.8372478568842343,2.01906323801535,
71214.6,17.0,-0.05,-0.64,0.75,-0.01,-0.00,0.01,38.84927283746762,0.8700486795260496,1.9699966466675514,
71214.7,17.09999999999127,-0.05,-0.64,0.73,-0.01,0.02,-0.00,39.27727332695079,0.8374242713962727,1.980066679444857,
71214.8,17.19999999999709,-0.05,-0.65,0.74,-0.00,0.03,0.01,38.469793344908936,0.844794236434736,1.9974548366245488,
71214.9,17.29999999998836,-0.05,-0.64,0.74,0.00,-0.02,0.01,39.320868505158934,0.8200456471495684,2.0142197014990657,
71215.1,17.5,-0.06,-0.64,0.75,-0.01,0.02,0.01,37.98944721893173,0.8184491304099407,2.0318146882728296,
71215.2,17.59999999999127,-0.05,-0.64,0.74,-0.01,-0.02,0.01,38.18984289048595,0.8212426249129581,1.999925638752433,
71215.3,17.69999999999709,-0.06,-0.64,0.74,-0.01,0.01,0.00,38.424372473730784,0.8471288825720601,2.0198347422494356,
71215.4,17.79999999998836,-0.06,-0.64,0.74,-0.01,0.03,0.01,38.11900575828283,0.8237141090209535,2.0202005142632915,
71215.5,17.89999999999418,-0.01,-0.63,0.81,-0.01,0.04,0.01,38.51834627810493,0.8492098175355441,1.9920403698629994,
71215.6,18.0,-0.06,-0.64,0.73,-0.01,0.03,0.01,38.153795355115065,0.8224949663877925,2.0343590750166283,
71215.7,18.09999999999127,-0.06,-0.64,0.74,-0.01,0.02,0.01,38.478646026075296,0.8112332671185314,2.0301432192776403,
71215.8,18.19999999999709,-0.06,-0.65,0.73,-0.01,0.02,0.01,38.556173305970084,0.8234885553256768,2.020490842731067,
71215.9,18.29999999998836,-0.06,-0.65,0.74,-0.01,0.02,0.01,38.62147848024464,0.806132518748964,2.2229709745236574,
71216.1,18.5,0.12,-0.39,0.95,0.86,-0.12,-0.70,38.38647287782508,0.7994408238061309,2.2769690105415687,
71216.2,18.59999999999127,0.12,-0.37,0.95,1.13,0.07,-0.49,36.34323871093494,0.8117477133529983,2.443866168029869,
71216.3,18.69999999999709,0.10,-0.43,0.94,0.89,-0.26,-0.46,37.54125996820032,0.8078069023392007,2.2963324029165975,
71216.4,18.79999999998836,0.09,-0.42,0.94,0.85,-0.25,-0.56,37.92630353725499,0.8158596522646673,2.307471958001059,
71216.5,18.89999999999418,0.09,-0.42,0.95,0.83,-0.22,-0.60,37.87763060171531,0.09657980847664398,2.730378077644252,
71216.6,19.0,0.11,-0.40,0.95,0.90,-0.26,-0.44,38.77695449619529,0.8329573375047785,2.330644221280977,
71216.7,19.09999999999127,0.11,-0.39,0.95,0.84,-0.22,-0.64,38.15430906201814,0.8196895908561932,2.339316665153828,
71216.8,19.19999999999709,0.07,0.49,0.66,0.85,-0.20,-0.67,38.84715948431751,5.7350175921932935,2.528409620541354,
71216.9,19.29999999998836,0.13,-0.35,0.97,0.85,-0.17,-0.69,37.67546814573112,0.8087964693346325,2.3464604302747225,
71217.1,19.5,0.03,0.55,0.78,0.02,0.07,-0.01,38.77555415464749,5.692457914735087,2.39039628728558,
71217.2,19.59999999999127,0.07,0.55,0.69,-0.03,-0.15,0.08,40.90255004275406,5.650760529362155,2.4353917228944355,
71217.3,19.69999999999709,0.06,0.56,0.71,-0.08,-0.21,0.07,40.317581772720445,5.658123959822385,2.4219316736980794,
71217.4,19.79999999998836,0.04,0.56,0.76,-0.05,-0.02,0.06,40.43214191704417,5.691236478382811,2.4429679081636038,
71217.5,19.89999999999418,0.03,0.56,0.76,-0.10,-0.02,-0.02,39.48405500958583,5.6686126161110435,2.40167780015834,
71217.6,20.0,0.03,0.55,0.76,-0.01,0.05,-0.00,40.0144848773541,5.703977367468025,2.418070470983938,
71217.7,20.09999999999127,0.04,0.54,0.77,-0.03,-0.00,-0.00,38.858687574337864,5.6949547054599545,2.4650602082744095,
71217.8,20.19999999999709,0.01,0.50,0.83,-0.05,0.05,0.00,39.50674499373493,5.60513518622613,2.456001713063467,
71217.9,20.29999999998836,0.07,0.48,0.84,-0.06,0.10,-0.00,39.10865505230268,5.663597634468771,2.4615998417188303,
71218.1,20.5,0.05,0.48,0.77,-0.15,0.12,-0.00,40.308869991603586,5.726730001495823,2.433928483235361,
71218.2,20.59999999999127,0.05,0.48,0.74,-0.63,-0.08,0.08,39.890031336162174,5.697143699048401,2.449428318371956,
71218.3,20.69999999999709,0.02,0.47,0.71,-0.67,-0.22,0.08,39.85684884684187,5.809256263059922,2.5113614327235094,
71218.4,20.79999999998836,0.02,0.47,0.73,-0.86,-0.13,0.07,39.4571425726699,5.663030045261312,2.466006192152562,
71218.5,20.89999999999418,0.03,0.48,0.71,-0.16,0.13,-0.00,40.13283194592676,5.668057990634521,2.4410017414011542,
71218.6,21.0,0.03,0.48,0.72,-0.20,0.13,0.00,38.04741252700372,0.07775116303117081,2.6248670666042853,
71218.7,21.09999999999127,0.03,0.48,0.73,-0.11,0.11,0.01,40.42679433247212,5.6701616383324005,2.430525462567542,
71218.8,21.19999999999709,0.03,0.46,0.71,-0.13,0.11,0.00,40.102325368985774,5.654389020764153,2.476302030196846,
71218.9,21.29999999998836,0.01,-0.19,1.11,-0.37,0.08,0.00,37.69946816600998,0.5468646961572502,2.4348609098592453,
71219.1,21.5,-0.02,-0.24,1.07,-0.46,0.06,0.18,37.393552920256184,0.641485490459678,2.451188227002101,
71219.2,21.59999999999127,-0.01,-0.25,1.04,-0.44,0.05,0.18,38.53182321147028,0.7073655759740526,2.3132048289104503,
71219.3,21.69999999999709,-0.01,-0.27,1.01,-0.84,0.34,0.14,36.65002182809718,0.6155300663807571,2.4136137711362604,
71219.4,21.79999999998836,-0.01,-0.27,0.98,-0.50,0.09,0.18,38.033712677044825,0.676672723702233,2.3935679522455637,
71219.5,21.89999999999418,-0.00,-0.27,0.96,-0.40,0.05,0.18,38.78393610762064,0.805003494254653,2.132577865512054,
71219.6,22.0,-0.03,-0.57,0.86,-0.38,0.06,0.18,38.41888728216891,0.6919130121468717,2.3881366750057387,
71219.7,22.09999999999127,-0.02,-0.24,1.08,-0.39,0.11,0.16,38.6528252524961,0.8391143443072656,2.0604732253136984,
71219.8,22.19999999999709,-0.02,-0.23,1.08,-0.48,0.07,0.18,38.64835313438336,0.8595805322547714,2.047095061197035,
71219.9,22.29999999998836,-0.01,-0.23,1.07,-0.44,0.09,0.15,37.86794950878645,0.7092100432230608,2.384354505850759,
71220.1,22.5,-0.04,-0.64,0.72,-0.04,0.03,-0.01,39.39411250428165,0.8505622058049376,2.0186807924830212,
71220.2,22.59999999999127,-0.05,-0.64,0.72,-0.04,0.02,-0.01,38.878386026171405,0.8306675534938228,1.9926825529007104,
71220.3,22.69999999999709,-0.06,-0.64,0.72,-0.04,0.01,-0.02,37.71565722614416,0.8381558136321672,2.0147683988619676,
71220.4,22.79999999998836,-0.06,-0.64,0.71,-0.04,0.05,-0.01,37.518347511584246,0.8397833416457154,2.0184536490363643,
71220.5,22.89999999999418,-0.06,-0.64,0.71,-0.04,0.01,-0.02,39.20481730604034,0.8565368233227619,1.9897860347470744,
71220.6,23.0,-0.06,-0.64,0.72,-0.04,0.02,-0.02,38.77262307350381,0.8412531192707937,2.0026932894336618,
71220.7,23.09999999999127,-0.06,-0.64,0.72,-0.04,0.04,-0.01,39.32383882583185,0.897062609980678,2.0057549745215173,
71220.8,23.19999999999709,-0.06,-0.65,0.72,-0.03,0.03,-0.01,38.844864525442745,0.8849867101492055,2.0114918231062098,
71220.9,23.29999999998836,-0.07,-0.65,0.73,-0.03,0.04,-0.00,38.95893735717133,0.8775127008195391,2.013233345242061,
71221.1,23.5,-0.04,-0.65,0.72,-0.01,0.02,-0.00,38.52309567000035,0.8939703545042328,2.034500468685997,
71221.2,23.59999999999127,-0.04,-0.65,0.74,-0.01,0.02,-0.00,39.792152492671214,0.8881459935613821,1.9909156093878158,
71221.3,23.69999999999709,-0.04,-0.65,0.74,-0.02,0.04,-0.00,38.21201250915738,0.8601029563234335,2.0385756968259408,
71221.4,23.79999999998836,-0.04,-0.65,0.74,-0.02,0.04,0.00,38.558931520466174,0.8645083680474689,1.9878782012227048,
71221.5,23.89999999999418,-0.05,-0.65,0.73,-0.01,0.03,0.00,39.69073569486965,0.8872216920935134,1.9906773390680985,
71221.6,24.0,-0.05,-0.65,0.73,-0.01,0.02,0.00,39.60855084448306,0.8765227013618089,2.0116100534815247,
71221.7,24.09999999999127,-0.04,-0.65,0.74,-0.01,0.01,0.01,38.026758999420395,0.8654709893645892,1.9837280557919563,
71221.8,24.19999999999709,-0.04,-0.65,0.74,-0.01,0.01,-0.00,38.17522102097118,0.8747666813569928,2.0006771651028434,
71221.9,24.29999999998836,-0.04,-0.65,0.73,-0.01,-0.01,0.01,39.262087310788765,0.8694845745885474,1.979124135743355,
71222.1,24.5,-0.08,-0.64,0.70,0.00,-0.02,0.02,39.543497569132654,0.8749401282366387,2.0267008828168924,
71222.2,24.59999999999127,0.01,-0.62,0.76,-0.02,0.03,-0.02,40.60556981498967,0.873808685945309,1.9954579047369778,
71222.3,24.69999999999709,0.00,-0.62,0.74,-0.02,0.04,-0.03,37.8516102695777,0.8877420369009068,2.0142302929435765,
71222.4,24.79999999998836,-0.03,-0.64,0.72,-0.03,0.07,-0.05,37.86489931321619,0.8865074998346468,2.015233329265833,
71222.5,24.89999999999418,-0.04,-0.64,0.71,-0.04,0.09,-0.06,37.90347081732754,0.8807422958948862,2.01855015788324,
71222.6,25.0,-0.05,-0.64,0.70,-0.05,0.09,-0.06,39.51015185999669,0.758089283613476,2.082886822679276,
71222.7,25.09999999999127,-0.06,-0.64,0.70,0.02,-0.06,0.05,38.88601419533764,0.8762049851745155,2.0301256641545273,
71222.8,25.19999999999709,-0.08,-0.64,0.70,-0.07,0.07,-0.07,40.233231289569574,0.8700486795260496,2.0449523436713455,
71222.9,25.29999999998836,-0.08,-0.64,0.69,0.01,-0.04,0.03,37.88910529426632,0.5397271713864614,2.429019188471293,
71223.1,25.5,0.04,0.14,0.90,1.43,-0.06,-0.03,36.82604241566014,0.302942556799725,2.5452649829351035,
71223.2,25.59999999999127,0.00,-0.03,0.92,1.41,-0.09,-0.03,37.98236564512537,6.090708214756349,2.576618566280362,
71223.3,25.69999999999709,0.03,0.02,0.91,1.41,-0.09,-0.04,37.21423786670903,0.2598854119144636,2.5529065005537697,
71223.4,25.79999999998836,0.05,0.06,0.89,1.39,-0.10,-0.06,38.38130273974556,0.14380129604568057,2.5690264875923616,
71223.5,25.89999999999418,0.05,0.08,0.90,1.38,-0.10,-0.07,39.239496683826104,5.790958642221671,2.4546689496497507,
71223.6,26.0,0.04,0.10,0.90,1.35,-0.07,-0.10,37.74739858586285,0.140139587169303,2.5795175568018753,
71223.7,26.09999999999127,0.05,0.11,0.89,1.34,-0.06,-0.12,36.76262368221289,0.3321487931344299,2.5035472371854066,
71223.8,26.19999999999709,0.04,0.13,0.90,1.31,-0.04,-0.16,39.72513184370821,5.66441823329986,2.432132500004857,
71223.9,26.29999999998836,0.10,0.53,0.74,1.43,-0.05,-0.03,37.807241369875165,0.11759628360305878,2.5725759893206024,
71224.1,26.5,0.05,0.51,0.88,-0.12,-0.20,0.01,38.65591157895517,5.552474762165675,2.528248097795306,
71224.2,26.59999999999127,0.08,0.54,0.85,-0.12,-0.19,0.01,39.36829434964131,5.657106999637753,2.5008638957435427,
71224.3,26.69999999999709,0.07,0.53,0.84,-0.12,-0.18,0.02,39.84009538141193,5.6300218444062455,2.507688024196824,
71224.4,26.79999999998836,0.07,0.55,0.83,-0.11,-0.14,0.00,39.39918907794931,5.69087496433319,2.512643367906258,
71224.5,26.89999999999418,0.07,0.53,0.83,-0.12,-0.12,-0.00,39.28793198935266,5.623325394691332,2.4934249818318657,
71224.6,27.0,0.07,0.54,0.83,-0.12,-0.07,-0.02,39.12628272657652,5.671343972043424,2.4971964242290476,
71224.7,27.09999999999127,0.07,0.52,0.86,-0.13,-0.21,0.00,38.538653323643786,5.624445150831436,2.4946000329588713,
71224.8,27.19999999999709,0.05,0.52,0.88,-0.11,-0.01,-0.02,39.05637079914108,5.646498402966591,2.49659534503735,
71224.9,27.29999999998836,0.05,0.52,0.87,-0.60,0.18,0.22,39.08416687099778,5.651377076180904,2.4986318773329415,
71225.1,27.5,0.06,0.30,0.78,-0.85,0.38,0.26,38.21420678229499,5.836534402900319,2.541613701296553,
71225.2,27.59999999999127,0.09,0.22,0.99,-0.87,0.41,0.26,38.49224077655132,5.833381329193552,2.564570711549708,
71225.3,27.69999999999709,0.15,0.08,1.12,-0.88,0.42,0.26,37.93363151610982,0.03980197745911064,2.6443548089418525,
71225.4,27.79999999998836,0.07,0.29,0.74,-0.91,0.42,0.29,38.47478524956312,5.869423765654602,2.545071757764118,
71225.5,27.89999999999418,0.07,0.30,0.75,-0.81,0.33,0.27,38.47624331974212,5.887272089626905,2.534913503035455,
71225.6,28.0,-0.04,0.22,0.82,-0.83,0.35,0.27,37.71545704349876,0.5289497217258189,2.484846408855051,
71225.7,28.09999999999127,-0.02,0.20,0.81,-0.95,0.33,0.45,38.23264835189945,5.921771818050701,2.5658935295326595,
71225.8,28.19999999999709,-0.01,0.20,0.83,-0.96,0.26,0.50,38.4483055543414,0.7088893212366306,2.292450375248613,
71225.9,28.29999999998836,0.00,0.25,0.85,-0.79,0.22,0.07,38.02602529847157,0.7754121131449104,2.1813138579224316,
71226.1,28.5,-0.02,-0.54,0.93,-0.60,-0.03,0.13,37.35596605630752,0.7828630224814435,2.177859392765386,
71226.2,28.59999999999127,-0.05,-0.57,0.79,-0.54,-0.08,0.13,38.16222608810969,0.8047968263233654,2.068231846777713,
71226.3,28.69999999999709,-0.02,-0.62,0.81,-0.53,-0.08,0.13,38.35351613607284,0.7834074560072141,2.156147010296121,
71226.4,28.79999999998836,-0.02,-0.53,0.92,-0.50,-0.06,0.13,38.509471562201426,0.8601029563234335,2.053641954149014,
71226.5,28.89999999999418,-0.02,-0.55,0.91,-0.58,-0.04,0.13,38.05539383582832,0.8450503905634487,2.020131514107912,
71226.6,29.0,-0.03,-0.55,0.89,-0.05,0.04,-0.03,38.54622809043707,0.7873766176197288,2.1543903746256197,
71226.7,29.09999999999127,-0.07,-0.65,0.75,-0.03,0.04,0.02,39.46676323186385,0.8961424054126158,1.9996107946088493,
71226.8,29.19999999999709,-0.04,-0.57,0.86,-0.00,0.01,0.03,38.948284942985616,0.8473712081926191,1.9870997548471334,
71226.9,29.29999999998836,-0.04,-0.57,0.84,-0.01,0.01,0.02,38.136263582055335,0.8056656581096697,2.1741885163629457,
71227.1,29.5,-0.05,-0.64,0.74,-0.01,-0.04,0.00,39.54260613566081,0.8498693996289396,2.0040216668114867,
71227.2,29.59999999999127,-0.07,-0.65,0.73,-0.02,-0.03,-0.00,39.765637175833106,0.8856090941791822,1.98956133874561,
71227.3,29.69999999999709,-0.07,-0.65,0.73,-0.02,-0.03,-0.01,39.89620909309555,0.8948958403197179,1.9946951034591398,
71227.4,29.79999999998836,-0.07,-0.65,0.74,-0.02,-0.02,-0.01,38.36506092788072,0.862510327491041,1.9886918866169778,
71227.5,29.89999999999418,-0.07,-0.64,0.74,-0.03,-0.03,-0.00,39.074869161649154,0.829783003159988,1.958423079435551,
71227.6,30.0,-0.07,-0.64,0.74,-0.02,-0.03,-0.00,38.03939142520554,0.8454039554148223,2.002604326957016,
71227.7,30.09999999999127,-0.07,-0.64,0.73,-0.02,-0.03,0.01,38.22940491297242,0.8513420736445467,2.006365529379051,
71227.8,30.19999999999709,-0.07,-0.65,0.74,-0.02,-0.04,0.01,39.074869161649154,0.829783003159988,1.958423079435551,
71227.9,30.29999999998836,-0.06,-0.64,0.74,-0.01,-0.04,0.00,38.947734208808605,0.8717524506992562,2.0196298010286657,
71228.1,30.5,-0.09,-0.64,0.74,0.00,0.04,0.00,38.37255659973675,0.839465956988209,2.0213538274657217,
71228.2,30.59999999999127,-0.09,-0.66,0.74,0.00,0.03,0.01,38.89588795746923,0.8777607007424497,2.0015160030965835,
71228.3,30.69999999999709,-0.08,-0.64,0.73,0.00,0.02,0.02,38.44130720982314,0.8390748472511278,2.0178907906449277,
71228.7,31.09999999999127,-0.08,-0.65,0.73,-0.00,0.00,0.03,39.25725665402513,0.8383714488538531,1.9686540598764726,
71228.8,31.19999999999709,-0.08,-0.65,0.73,0.00,-0.02,0.05,38.57269759817169,0.8173342576060433,1.991409107032648,
71228.9,31.29999999998836,-0.07,-0.65,0.73,0.01,-0.01,0.05,38.38153462278443,0.8395898594553114,1.9862220560338413,
71231.5,33.89999999999418,-0.06,-0.64,0.83,0.11,-0.04,0.02,38.28205454256602,0.8513615495028267,2.035605025200783,
71231.6,34.0,-0.03,-0.57,0.81,0.22,-0.08,-0.03,38.11639148712795,0.42862150843023394,2.4858124247288615,
71231.7,34.09999999999127,0.02,-0.34,1.02,0.95,-0.09,0.03,39.738046001281944,5.707118904132425,2.4352363473765726,
71231.8,34.19999999999709,0.05,0.22,0.94,0.87,-0.09,-0.09,38.595503624127,5.644777532949796,2.484974498755298,
71231.9,34.29999999998836,0.01,0.51,0.73,0.34,-0.05,-0.19,40.46841855076622,5.713913482836574,2.493381036836875,
71232.0,34.39999999999418,0.04,0.49,0.84,-0.06,0.17,-0.09,39.32609947604771,5.606769864041558,2.477154625848259,
71232.1,34.5,0.04,0.49,0.83,-0.06,0.16,-0.08,39.368799829306454,5.619819262135136,2.4807212265493668,
71232.2,34.59999999999127,0.04,0.50,0.84,-0.06,0.15,-0.06,40.168237451996816,5.646351799996223,2.4442105198690713,
71232.3,34.69999999999709,0.04,0.50,0.83,-0.05,0.14,-0.05,39.52379915949376,5.657982481754788,2.490996875078057,
71232.4,34.79999999998836,0.04,0.51,0.81,-0.05,0.13,-0.02,39.03854121249922,5.6684417831959575,2.4840974395076256,
71232.5,34.89999999999418,0.03,0.52,0.82,-0.05,0.12,-0.00,39.34971537381179,5.837031309406259,2.476388755340386,
71232.6,35.0,0.04,0.52,0.82,-0.05,0.09,0.01,38.51903944804439,5.67955533116145,2.476118275035468,
71232.7,35.09999999999127,0.04,0.52,0.81,-0.04,0.05,0.02,39.14319097876411,5.712361108450633,2.5004561456557255,
71232.8,35.19999999999709,0.04,0.52,0.82,-0.02,0.03,0.02,38.54592844905931,6.108513108171347,2.547437751513309,
71232.9,35.29999999998836,0.04,0.51,0.82,-0.01,0.01,0.02,39.37998095479478,5.7252237468516,2.5094360659584645,
71233.1,35.5,0.08,-0.24,1.00,-1.51,0.34,-0.25,37.68838149881207,0.5963924293667829,2.435205492671521,
71233.2,35.59999999999127,0.08,-0.25,1.03,-1.51,0.33,-0.26,38.198147860858384,0.48136565222191713,2.5610519264595215,
71233.3,35.69999999999709,0.08,-0.26,1.04,-1.47,0.35,-0.26,38.01350417943602,0.5063479857923594,2.5243883416149697,
71233.4,35.79999999998836,0.08,-0.27,1.03,-1.46,0.37,-0.26,38.4200390421457,0.7887160012562671,2.1587487802326724,
71233.5,35.89999999999418,0.07,-0.30,1.03,-1.40,0.52,-0.26,37.8578208564624,0.534613730271227,2.4774083562197617,
71233.6,36.0,0.06,-0.31,1.03,-1.38,0.56,-0.26,36.8690846102802,0.5045782815811325,2.5032960997238325,
71233.7,36.09999999999127,0.04,-0.35,1.01,-1.37,0.59,-0.26,37.9326165720215,0.9037385861196555,2.0568544031524945,
71233.8,36.19999999999709,0.03,-0.35,1.02,-1.34,0.69,-0.26,36.3079137379167,0.4847637941009225,2.518743372608527,
71233.9,36.29999999998836,0.08,-0.24,1.02,-1.33,0.72,-0.26,40.1995435297467,0.8663234046487032,2.0297829680918866,
71234.1,36.5,-0.10,-0.65,0.81,0.04,-0.14,-0.12,38.681337877586394,0.871165544424507,1.9901531524594855,
71234.2,36.59999999999127,-0.07,-0.63,0.81,0.04,-0.14,-0.07,38.948639257360455,0.8482047399635008,2.009384644465243,
71234.3,36.69999999999709,-0.09,-0.64,0.81,0.02,-0.14,0.09,38.02215932847581,0.8547283618056458,2.070233165694823,
71234.4,36.79999999998836,-0.03,-0.65,0.79,0.03,-0.13,-0.16,39.08378819920095,0.8377913996500019,2.017953926313518,
71234.5,36.89999999999418,-0.02,-0.64,0.79,0.04,-0.14,-0.15,39.88854973548173,0.8492255971991587,2.033359460459767,
71234.6,37.0,0.00,-0.63,0.77,0.01,-0.12,0.18,38.856801206481215,0.8822896832732856,2.092066848573131,
71234.7,37.09999999999127,-0.01,-0.62,0.75,0.00,-0.13,0.13,39.66894251174337,0.871165544424507,2.0429033393088627,
71234.8,37.19999999999709,-0.04,-0.60,0.74,0.01,-0.20,0.10,39.034822914930714,0.8777607007424497,2.0091979276602188,
71234.9,37.29999999998836,-0.06,-0.60,0.74,0.01,-0.24,0.09,39.90808564689616,0.8503858838573947,2.033395363281501,
71235.1,37.5,-0.04,-0.63,0.75,-0.01,0.02,-0.00,39.53471512481151,0.8379387603602351,2.0540411968662986,
71235.2,37.59999999999127,-0.04,-0.63,0.75,-0.01,0.03,0.00,38.90237781935701,0.8789947919077836,2.02963089555255,
71235.3,37.69999999999709,-0.04,-0.62,0.76,-0.01,0.03,0.00,38.379153195452346,0.8388265150233735,2.036376884215625,
71235.4,37.79999999998836,-0.04,-0.66,0.73,-0.01,0.01,-0.00,38.60626633073962,0.8642846835061673,2.043871105662867,
71235.5,37.89999999999418,-0.04,-0.63,0.74,-0.01,0.03,0.00,38.743302647038234,0.844794236434736,2.01272851838696,
71235.6,38.0,-0.05,-0.63,0.75,-0.01,0.01,-0.00,38.796113207382,0.8595805322547714,2.0544253292752606,
71235.7,38.09999999999127,-0.05,-0.63,0.75,-0.01,0.02,-0.00,38.81361101469432,0.8500502011924679,2.0541885607800676,
71235.8,38.19999999999709,-0.05,-0.63,0.75,-0.01,0.02,-0.00,38.88558344682512,0.844794236434736,2.020399711719558,
71235.9,38.29999999998836,-0.04,-0.63,0.75,-0.01,0.00,-0.01,38.92305486469427,0.8112332671185314,2.0527131329779387,
71236.1,38.5,-0.03,-0.63,0.76,-0.01,-0.01,0.01,39.7722088901283,0.8425075098872266,2.0492102064767588,
71236.2,38.59999999999127,-0.04,-0.63,0.75,-0.01,-0.01,0.01,39.2877563625107,0.8576766845901299,2.0556156391520526,
71236.3,38.69999999999709,-0.03,-0.63,0.75,-0.01,-0.02,0.01,38.453812554803974,0.8323490805798217,2.0541071793493613,
71236.4,38.79999999998836,-0.02,-0.63,0.76,0.01,-0.00,-0.00,38.38505047541295,0.8688313359964567,2.0424314994987904,
71236.5,38.89999999999418,-0.03,-0.62,0.76,0.05,-0.01,0.01,38.58497635090632,0.8320392408118616,2.0479426505445915,
71236.6,39.0,-0.04,-0.62,0.75,0.00,0.01,-0.00,38.58497635090632,0.8320392408118616,2.0479426505445915,
71236.7,39.09999999999127,-0.03,-0.63,0.75,-0.00,0.02,-0.00,38.89867092845204,0.8667455986278174,2.057980340157793,
71236.8,39.19999999999709,-0.04,-0.63,0.74,-0.01,0.02,-0.00,38.84851734622571,0.9059671017671377,2.020860188185388,
71236.9,39.29999999998836,-0.04,-0.63,0.74,-0.01,0.01,0.00,39.1182834490472,0.8768210209486198,2.019799941705128,
71237.1,39.5,-0.02,-0.55,0.82,0.38,-0.01,0.04,38.5437219271829,0.78349983199289,2.0868660938418664,
71237.2,39.59999999999127,-0.02,-0.54,0.83,0.53,-0.15,-0.13,38.77915419397386,0.8047839293345224,2.132046169408661,
71237.3,39.69999999999709,-0.01,-0.55,0.82,0.37,-0.01,0.02,37.542683708014266,0.7517188116092037,2.205152109326371,
71237.4,39.79999999998836,-0.01,-0.55,0.82,0.36,-0.01,0.01,38.58516554324991,0.6894863663188344,2.318986298042259,
71237.5,39.89999999999418,-0.02,-0.54,0.82,0.35,-0.01,0.00,38.44325298410632,0.7962343235502946,2.128019436356775,
71237.6,40.0,-0.02,-0.55,0.82,0.39,-0.02,0.04,37.3320157505592,0.5614365644576711,2.4464674733899394,
71237.7,40.09999999999127,0.07,-0.07,0.98,0.38,-0.02,0.04,37.94343685013259,0.7832118966577338,2.1210266572498107,
71237.8,40.19999999999709,-0.02,-0.55,0.83,0.34,-0.01,-0.03,38.36712394746315,0.7929754160838717,2.12312133743425,
71237.9,40.29999999998836,-0.00,-0.52,0.89,0.35,-0.01,-0.04,38.89775571932139,0.8048609461666014,2.12558726797751,
71238.1,40.5,0.10,0.23,0.91,0.77,-0.12,-0.21,38.501407766470045,5.86435072543852,2.596412092003311,
71238.2,40.59999999999127,0.11,0.26,0.89,0.76,-0.09,-0.21,37.8585697035691,5.881846707052462,2.5748724278855732,
71238.3,40.69999999999709,0.03,0.40,0.85,0.78,-0.22,-0.20,38.61698719475666,5.839883727436224,2.549806550481936,
71238.4,40.79999999998836,0.03,0.40,0.76,0.78,-0.20,-0.20,38.075087655841315,6.072908363776634,2.650204829540697,
71238.5,40.89999999999418,0.11,0.30,0.86,0.67,-0.01,-0.25,38.154491216631364,5.9928058874072985,2.603357108974598,
71238.6,41.0,0.10,0.34,0.86,0.65,-0.01,-0.26,38.075087655841315,6.072908363776634,2.650204829540697,
71238.7,41.09999999999127,0.09,0.35,0.87,0.78,-0.18,-0.21,37.87061129688825,5.9703424683453505,2.6108080493464207,
71238.8,41.19999999999709,0.05,0.52,0.80,0.77,-0.15,-0.21,37.91577771851713,5.668139009519623,2.5041548180263113,
71238.9,41.29999999998836,0.10,0.22,0.91,0.58,0.02,-0.31,37.68403110071957,5.9549163761093045,2.615593166236469,
71239.1,41.5,0.08,0.47,0.87,-0.00,-0.07,0.01,37.11294518089342,5.62431841345681,2.541562331405588,
71239.2,41.59999999999127,0.10,0.52,0.85,0.00,-0.07,0.01,37.33719459198829,5.6388008063899475,2.4901099533955917,
71239.3,41.69999999999709,0.08,0.51,0.80,0.01,-0.06,0.01,37.68133224821012,5.6890508207117385,2.497867515114417,
71239.4,41.79999999998836,0.09,0.51,0.77,-0.03,-0.05,-0.01,39.11814284957812,5.6748412217514215,2.5116562026426346,
71239.5,41.89999999999418,0.10,0.53,0.84,-0.02,-0.06,-0.01,38.2227680839575,5.636359189858388,2.4607201311840576,
71239.6,42.0,0.10,0.51,0.85,-0.01,-0.07,-0.00,39.676726175429344,5.701775252119804,2.492592866013589,
71239.7,42.09999999999127,0.10,0.51,0.84,-0.00,-0.01,0.02,39.01671821155644,5.663910194853134,2.4835638938741442,
71239.8,42.19999999999709,0.07,0.47,0.86,-0.00,-0.00,0.01,39.87989593767767,5.712020343117119,2.4838531941348556,
71239.9,42.29999999998836,0.07,0.47,0.86,-0.00,-0.00,0.01,37.77477597551043,5.9451121396583275,2.5545206812477415,
71240.1,42.5,0.01,0.18,0.91,-1.34,-0.08,-0.13,38.0721131538558,6.25307700146695,2.6008379540989357,
71240.2,42.59999999999127,0.04,-0.12,0.99,-1.35,-0.06,-0.13,38.29392641137756,0.46319654904041746,2.597289118105872,
71240.3,42.69999999999709,-0.00,0.16,0.93,-1.36,-0.04,-0.12,38.19162604550898,0.014564515031836374,2.593132602166285,
71240.4,42.79999999998836,0.02,0.19,0.90,-1.36,-0.02,-0.11,37.798451026464036,0.7142050148102653,2.36681921829969,
71240.5,42.89999999999418,0.02,0.19,0.91,-1.37,-0.04,-0.09,37.853312932952115,6.12913283666475,2.6168363222742173,
71240.6,43.0,-0.01,0.08,0.96,-1.33,-0.11,-0.13,36.718869808315176,0.006518104321989596,2.616390713160186,
71240.7,43.09999999999127,-0.01,0.08,0.97,-1.34,-0.09,-0.13,39.486141872814066,0.8724373636224538,2.1240999857108953,
71240.8,43.19999999999709,-0.01,0.08,0.97,-0.60,-0.03,0.12,38.579513993828385,0.896055384571344,2.076831580172431,
71240.9,43.29999999998836,-0.04,-0.65,0.81,-1.36,-0.12,-0.05,38.29335582055979,0.9179496956941223,2.0711292559691703,
71241.1,43.5,0.02,-0.69,0.79,-0.32,-0.08,0.07,38.446504392467205,0.943765931581229,1.999159436138608,
71241.2,43.59999999999127,0.00,-0.68,0.79,-0.25,-0.14,0.08,39.28609932278846,0.9390068966671449,1.9913729653159573,
71241.3,43.69999999999709,0.03,-0.67,0.79,-0.24,-0.12,0.08,38.835877742108515,0.948407091486608,2.032489201652467,
71241.4,43.79999999998836,0.03,-0.67,0.79,-0.23,-0.08,0.07,38.7232991879566,0.9484098151829907,1.9548800851451615,
71241.5,43.89999999999418,0.04,-0.67,0.77,-0.23,-0.06,0.06,39.103915404982146,0.9317655367974783,2.012891782160773,
71241.6,44.0,0.02,-0.68,0.77,-0.01,-0.02,0.01,39.673358819237876,0.9457820788147582,1.9828813338549078,
71241.7,44.09999999999127,0.02,-0.68,0.76,-0.01,-0.03,0.01,39.046204681121054,0.9283980573670181,1.9501611055651291,
71241.8,44.19999999999709,0.01,-0.69,0.77,-0.22,-0.06,0.05,38.825888270585644,0.9595128452733381,2.0023445855316493,
71241.9,44.29999999998836,0.01,-0.69,0.77,-0.20,-0.07,0.04,38.8412280959292,0.9471003093692623,2.0344345729988618,
71242.1,44.5,0.01,-0.68,0.70,-0.00,0.01,0.00,39.60923882126492,0.9764546639420582,1.9529210659291263,
71242.2,44.59999999999127,-0.00,-0.69,0.70,-0.01,0.03,0.00,39.39557462456919,0.9503855452878118,1.986797920337161,
71242.3,44.69999999999709,0.00,-0.68,0.70,-0.01,0.03,0.01,39.399407355948895,0.9558795202967769,1.9911988575120425,
71242.4,44.79999999998836,0.00,-0.68,0.71,-0.01,0.04,0.01,40.23292681374299,0.9538648480335028,2.00868776679184,
71242.5,44.89999999999418,0.01,-0.68,0.71,-0.01,0.04,0.01,40.313823931748274,0.9429240688818935,2.0033724656995977,
71242.6,45.0,0.00,-0.68,0.71,-0.01,0.03,0.01,39.159932328848576,0.94951130950142,1.9802530346180263,
71242.7,45.09999999999127,-0.00,-0.69,0.70,-0.01,0.01,0.01,38.337546869876796,0.9401700430533207,1.9941544442708201,
71242.8,45.19999999999709,0.00,-0.68,0.71,-0.00,0.00,0.00,40.01011247172395,0.9281173608692694,1.9934108075481518,
71242.9,45.29999999998836,0.00,-0.68,0.71,-0.00,0.01,0.00,39.3868683700545,0.9570210321651796,2.0050115601446956,
71243.1,45.5,0.02,-0.68,0.72,-0.00,0.03,0.01,38.76560588975748,0.9397257521479893,2.000789253653425,
71243.2,45.59999999999127,0.01,-0.68,0.73,0.00,0.03,0.01,38.441651889584556,0.957226745524381,2.0402217097668007,
71243.3,45.69999999999709,0.01,-0.68,0.72,0.01,0.02,0.01,39.453854057620276,0.9236649630750472,2.0039450994610686,
71243.4,45.79999999998836,0.01,-0.68,0.71,-0.01,0.03,0.01,39.32244142979934,0.9429015316940145,1.9920740517176523,
71243.5,45.89999999999418,0.02,-0.69,0.80,-0.00,0.03,0.01,38.27145933982659,0.9616712273893395,2.000099233628395,
71243.6,46.0,0.01,-0.68,0.71,0.01,0.03,0.01,38.99695372718234,0.9413691256366779,2.029862922365891,
71243.7,46.09999999999127,0.01,-0.68,0.69,0.01,0.04,0.00,38.755300282671016,0.875145884836967,2.087922342271736,
71243.8,46.19999999999709,0.01,-0.69,0.67,0.01,0.03,0.00,39.343020982125914,0.9565418938325209,2.0286342970782822,
71243.9,46.29999999998836,0.00,-0.69,0.67,0.01,0.03,0.00,38.11348055478534,0.8003296162716358,2.262135821051326,
71244.1,46.5,0.08,-0.33,0.95,1.11,0.11,-0.81,37.755430073037175,0.7910691801072791,2.375212946705139,
71244.2,46.59999999999127,0.06,-0.32,0.98,1.11,0.12,-0.81,39.06901073741182,0.6104144621798308,2.5729108004141334,
71244.3,46.69999999999709,0.06,-0.31,0.98,1.11,0.16,-0.81,37.41921832427823,0.41748654013068576,2.557229145966983,
71244.4,46.79999999998836,0.01,0.18,0.84,1.12,0.17,-0.81,36.1796918173718,0.781111600552481,2.4492752886961204,
71244.5,46.89999999999418,0.03,0.35,0.70,1.13,0.17,-0.81,36.464213963830346,6.076304792513434,2.6125926660439465,
71244.6,47.0,0.06,-0.30,1.00,1.14,0.18,-0.80,37.2139731821261,0.7504139384016342,2.4528123742564696,
71244.7,47.09999999999127,0.04,-0.28,1.01,1.16,0.20,-0.80,40.819666828625635,5.830110291948933,2.4438544023148174,
71244.8,47.19999999999709,0.04,-0.26,1.03,1.12,0.06,-0.81,38.12317667771142,5.7692191650661355,2.454385217412314,
71244.9,47.29999999998836,0.07,-0.34,0.96,1.11,0.08,-0.81,37.4665517495272,0.7365693076505099,2.454704387487329,
71245.1,47.5,0.11,0.46,0.84,-0.02,-0.40,-0.06,37.651837936547,5.691068951567457,2.4642562808659347,
71245.2,47.59999999999127,0.09,0.48,0.88,-0.02,-0.35,-0.06,39.042421799883265,5.6326816328096,2.5073725119370627,
71245.3,47.69999999999709,0.08,0.50,0.86,-0.02,-0.30,-0.05,38.417482999280416,5.672050906751898,2.529831260362973,
71245.4,47.79999999998836,0.13,0.46,0.83,-0.04,-0.19,-0.02,37.76988880047173,5.690351254070411,2.4688322344409426,
71245.5,47.89999999999418,0.09,0.50,0.85,-0.05,-0.16,-0.01,37.89390188407628,5.691068951567457,2.469383331061948,
71245.6,48.0,0.12,0.46,0.83,-0.03,-0.45,-0.04,38.74920386278923,5.685091743899735,2.5032984336418376,
71245.7,48.09999999999127,0.03,0.43,0.74,-0.02,-0.42,-0.05,37.669607112365796,5.6860234103239,2.504504092991365,
71245.8,48.19999999999709,0.11,0.51,0.83,-0.10,-0.03,-0.01,37.89390188407628,5.691068951567457,2.469383331061948,
71245.9,48.29999999998836,-0.04,0.23,0.85,-0.10,-0.01,-0.02,36.44579673981624,5.686726787304403,2.5055997712553033,
71246.1,48.5,0.03,0.17,0.92,-1.33,-0.38,0.02,37.10408198567915,0.20111050392181098,2.6528453618426413,
71246.2,48.59999999999127,0.04,0.17,0.89,-1.32,-0.43,-0.01,38.58590804944209,6.159957440351519,2.568932093047044,
71246.3,48.69999999999709,0.03,0.12,1.03,-1.24,-0.50,-0.04,38.51854228809808,6.199316037885395,2.579395588378347,
71246.4,48.79999999998836,0.06,-0.25,1.00,-1.32,-0.36,0.04,37.48721915533346,0.8029190289315188,2.467167760798959,
71246.5,48.89999999999418,0.03,-0.34,0.88,-1.20,-0.50,-0.03,38.47254865485259,6.280674011605007,2.597650173874036,
71246.6,49.0,0.02,-0.44,0.88,-1.21,-0.45,-0.02,38.66437378259216,0.02686691868475148,2.6172531065827167,
71246.7,49.09999999999127,0.04,0.10,1.05,-1.23,-0.43,-0.02,38.61654697147325,0.8539388964728011,2.250070019847345,
71246.8,49.19999999999709,0.08,0.05,0.99,-1.25,-0.39,0.00,38.76929326154915,0.041380975912997206,2.626559464377149,
71246.9,49.29999999998836,0.06,0.05,1.04,-1.29,-0.28,0.04,39.253235535430704,0.9316836873464118,2.0606927091123155,
71247.1,49.5,0.00,-0.65,0.80,-0.33,0.09,0.02,38.311061065963706,0.9488393865806583,2.007101163332968,
71247.2,49.59999999999127,-0.01,-0.65,0.80,-0.35,0.13,0.02,38.13618884996245,0.958117332925819,2.017365003795149,
71247.3,49.69999999999709,0.02,-0.67,0.73,-0.35,0.11,0.04,39.36202357603074,0.9184623206837227,2.0145668817794133,
71247.4,49.79999999998836,-0.00,-0.68,0.68,-0.03,0.05,-0.00,39.43134032720673,0.9527909133437156,2.0368772941712723,
71247.5,49.89999999999418,0.02,-0.66,0.82,-0.34,0.04,0.04,39.38356002191777,0.9189742585826951,2.0143069335729566,
71247.6,50.0,0.01,-0.65,0.81,-0.32,-0.12,0.04,38.84851734622571,0.9059671017671377,2.020860188185388,
71247.7,50.09999999999127,-0.00,-0.66,0.78,-0.29,-0.24,0.04,38.60832164184296,0.8999245333926249,2.023868120773197,
71247.8,50.19999999999709,0.01,-0.65,0.78,-0.33,-0.01,0.01,38.3264451782317,0.9350130695975698,2.0077777664223357,
71247.9,50.29999999998836,-0.02,-0.67,0.71,-0.27,-0.20,0.02,39.25835707209358,0.9300315712546416,1.9928056486366597,
71248.1,50.5,-0.03,-0.67,0.71,-0.01,0.02,0.01,38.99309810722918,0.9196034907563897,1.9728958910894656,
71248.2,50.59999999999127,-0.02,-0.67,0.71,-0.01,0.03,0.01,40.06286684699436,0.9298024142844871,1.930979940340577,
71248.3,50.69999999999709,-0.02,-0.68,0.71,-0.01,0.03,0.01,39.95370696193283,0.9327863822951381,1.9716468557722446,
71248.4,50.79999999998836,-0.02,-0.68,0.71,-0.01,0.02,0.01,38.656854502144895,0.9209975054896957,1.9732216991738827,
71248.5,50.89999999999418,-0.03,-0.68,0.70,-0.01,0.02,0.01,39.3752714276359,0.9335927814168385,1.9748405753177847,
71248.6,51.0,-0.03,-0.68,0.70,-0.01,0.02,0.01,39.87341344806085,0.9007025478772317,1.976864223933991,
71248.7,51.09999999999127,-0.03,-0.68,0.70,-0.01,0.01,0.01,38.96583375214753,0.9102689129884904,1.9824158414770796,
71248.8,51.19999999999709,-0.03,-0.68,0.70,-0.00,0.01,0.01,38.961787689991844,0.9217780326028011,1.946054723095221,
71248.9,51.29999999998836,-0.03,-0.68,0.71,-0.00,-0.00,0.01,38.00333406426336,0.9335462118809519,1.979405688457374,
71249.1,51.5,-0.03,-0.69,0.74,-0.03,-0.02,-0.00,38.5656349617117,0.9317655367974783,1.9824191566569271,
71249.2,51.59999999999127,-0.03,-0.69,0.73,-0.03,-0.02,-0.00,39.66101108141344,0.9228366137597346,1.9832926299184388,
71249.3,51.69999999999709,-0.03,-0.69,0.73,-0.03,-0.02,-0.01,39.33917894415185,0.9354273843000329,1.9916048925160066,
71249.4,51.79999999998836,-0.03,-0.69,0.76,-0.02,-0.02,0.00,38.5724085325249,0.887028639504908,2.0385029538845147,
71249.5,51.89999999999418,-0.03,-0.69,0.77,-0.02,-0.02,0.00,38.396739444906,0.8652105858380013,2.151346522455163,
71249.6,52.0,-0.02,-0.69,0.78,1.36,-0.21,-0.38,37.98218793066034,0.9248659814942826,1.9415039474844777,
71249.7,52.09999999999127,0.04,-0.34,0.97,-0.00,-0.06,-0.01,36.718699595710085,0.7327233698885253,2.4180754292824673,
71249.8,52.19999999999709,0.05,-0.10,1.12,0.02,-0.06,-0.01,38.91655945738266,0.6017671136605782,2.516597288745512,
71249.9,52.29999999998836,-0.02,-0.69,0.77,0.03,-0.04,-0.00,38.96704633405,0.9100450293179327,1.959553071006095,
71250.1,52.5,0.10,0.17,0.80,1.42,0.55,-0.55,39.24731965370374,6.266341571031016,2.8023120546476172,
71250.2,52.59999999999127,0.07,0.20,0.78,1.40,0.66,-0.52,39.92924993034555,5.866713865704601,2.5750141090500867,
71250.3,52.69999999999709,0.06,0.22,0.76,1.37,0.73,-0.48,38.66481863399853,5.748470468536683,2.518995048119043,
71250.4,52.79999999998836,0.05,0.22,0.73,1.36,0.77,-0.45,38.68833674377848,5.658229616379209,2.505857264784667,
71250.5,52.89999999999418,0.04,0.23,0.71,1.32,0.84,-0.40,39.01284019396691,6.247808506540886,2.7940229229280487,
71250.6,53.0,0.04,0.24,0.71,1.27,0.93,-0.35,37.61608698416144,0.10104360006415755,2.7466258811353716,
71250.7,53.09999999999127,0.12,0.14,0.84,1.23,1.01,-0.32,40.0828367259604,5.691004608097736,2.46090573452324,
71250.8,53.19999999999709,0.12,0.14,0.82,1.46,0.42,-0.57,37.337414211484976,6.093565243910371,2.716863567233142,
71250.9,53.29999999998836,0.10,0.16,0.80,1.44,0.49,-0.57,37.352716099368195,6.04176314676286,2.708243580323553,
71251.1,53.5,0.06,0.49,0.75,0.03,0.06,0.09,38.6273620636978,5.693037511032387,2.4523576546969608,
71251.2,53.59999999999127,0.12,0.43,0.79,0.04,0.06,0.09,39.0368595048321,5.702620024242035,2.4593958172829185,
71251.3,53.69999999999709,0.06,0.49,0.80,0.04,0.06,0.10,40.630833119688795,5.608831836683494,2.5040770085037134,
71251.4,53.79999999998836,0.06,0.49,0.81,0.06,0.09,0.20,37.64408452864806,5.60703958964088,2.4726093267161864,
71251.5,53.89999999999418,0.07,0.50,0.76,0.05,0.09,0.23,38.46834022933665,5.659600538292445,2.477799171975129,
71251.6,54.0,0.07,0.50,0.74,0.05,0.07,0.22,38.45906525125123,5.686710324573088,2.481916608098811,
71251.7,54.09999999999127,0.07,0.49,0.73,0.05,0.07,0.11,35.72023236206618,6.13085021831429,2.647613950331028,
71251.8,54.19999999999709,0.07,0.49,0.74,0.05,0.07,0.12,38.44950064695249,5.712923922241893,2.4856412765383005,
71251.9,54.29999999998836,0.17,-0.06,0.98,0.05,0.07,0.13,38.58178844999283,5.697695261158863,2.4607626518698695,
71252.1,54.5,0.09,-0.21,1.00,-1.16,0.14,-0.00,38.56301985062892,0.7285268408145016,2.401685814899286,
71252.2,54.59999999999127,0.07,-0.28,0.97,-0.97,-0.24,0.15,37.72492412185875,0.6843960090297045,2.5137205126189532,
71252.3,54.69999999999709,0.06,-0.31,1.00,-1.43,0.70,-0.09,36.80398212150419,0.6837484296534149,2.500214534700146,
71252.4,54.79999999998836,0.05,-0.31,1.00,-1.41,0.67,-0.09,39.37810813129549,0.9513677121791465,2.167582872820599,
71252.5,54.89999999999418,0.04,-0.34,1.00,-1.35,0.50,-0.11,37.470864681776426,0.6927166797593359,2.4441110617229613,
71252.6,55.0,0.04,-0.34,0.99,-1.29,0.27,-0.13,37.84469976099691,0.6964739424307071,2.417121342558408,
71252.7,55.09999999999127,0.01,-0.36,1.00,-1.24,0.18,-0.12,38.39143654514637,0.6848444434929349,2.5231201420528215,
71252.8,55.19999999999709,0.00,-0.37,0.99,-1.22,0.17,-0.09,38.35449908420132,0.7182446052790101,2.406882476026957,
71252.9,55.29999999998836,0.10,-0.20,1.00,-1.19,0.16,-0.05,40.37767452442005,1.006644976815619,2.056792934930602,
71253.1,55.5,0.09,-0.69,0.72,-0.06,-0.02,0.01,39.802443392334595,1.008179654180264,2.0333152264815384,
71253.2,55.59999999999127,0.10,-0.69,0.80,-0.06,-0.01,0.01,38.50373877950036,0.9722594594642024,1.9996227523863634,
71253.3,55.69999999999709,0.10,-0.69,0.77,-0.06,0.00,0.02,39.83416874995636,1.024765643748047,2.0270371228126773,
71253.4,55.79999999998836,0.10,-0.69,0.76,-0.01,-0.02,0.01,38.93223985336574,0.9831107809412072,2.0246742229817487,
71253.5,55.89999999999418,0.05,-0.69,0.70,-0.04,-0.04,0.02,39.36669785491285,1.0000713001000725,2.0283379517175693,
71253.6,56.0,0.10,-0.68,0.75,-0.05,-0.03,0.02,38.19411080258317,1.0133652352189562,2.015478550636768,
71253.7,56.09999999999127,0.09,-0.69,0.75,-0.01,0.01,0.00,39.603036499743304,0.9925980935450255,2.0217512206676993,
71253.8,56.19999999999709,0.10,-0.68,0.73,-0.05,0.00,0.02,39.850746542568054,0.9754160520028914,2.0087447407472547,
71253.9,56.29999999998836,0.05,-0.68,0.70,-0.04,0.01,0.03,38.518553970781404,1.0045102734347118,2.0250030390942095,
71254.1,56.5,0.05,-0.68,0.71,0.00,0.03,0.01,39.03175886377656,1.0131847393552051,2.004712059839928,
71254.2,56.59999999999127,0.06,-0.69,0.70,0.00,0.02,0.02,40.003861063652344,0.9825643654531857,2.00585026750616,
71254.3,56.69999999999709,0.06,-0.69,0.70,-0.00,0.01,0.02,38.9797101066696,0.9900100928235508,2.0280791626257972,
71254.4,56.79999999998836,0.06,-0.69,0.69,-0.00,0.00,0.02,40.679089222842734,0.9768845991170902,1.994640837849655,
71254.5,56.89999999999418,0.06,-0.69,0.70,-0.00,-0.00,0.01,40.60268587174991,0.9764978987720102,1.9949494856022147,
71254.6,57.0,0.06,-0.68,0.70,-0.00,-0.00,0.01,39.51962550429849,0.9907128123609956,2.0126718871666744,
71254.7,57.09999999999127,0.06,-0.68,0.70,-0.00,0.01,0.01,40.14162054526449,0.9729321100061925,1.9963097948222965,
71254.8,57.19999999999709,0.05,-0.68,0.70,-0.00,0.03,0.01,39.4767387204161,0.9690232442890111,1.9903232875469652,
71254.9,57.29999999998836,0.05,-0.68,0.70,-0.00,0.03,0.01,39.556110779499036,0.9901052222973343,1.9958016957241167,
71255.1,57.5,0.08,-0.69,0.74,-0.00,0.01,0.01,39.18596687591108,0.9860576221327341,1.9964353981598357,
71255.2,57.59999999999127,0.06,-0.69,0.71,-0.00,0.01,0.02,40.15088666517839,1.0089094807331724,2.0231694525466,
71255.3,57.69999999999709,0.06,-0.69,0.71,-0.00,0.00,0.01,40.41011507036326,1.0231820204789401,2.0427072246790043,
71255.4,57.79999999998836,0.06,-0.68,0.72,-0.00,0.00,0.01,39.8401317768905,1.0031230656108858,2.028082343982753,
71255.5,57.89999999999418,0.05,-0.54,0.91,-0.00,0.00,0.01,37.598327090443796,0.9400693107689084,2.1795359656196167,
71255.6,58.0,0.07,-0.68,0.73,-0.00,-0.04,0.03,38.693131173374944,0.9595128452733381,1.9948325315663005,
71255.7,58.09999999999127,0.07,-0.69,0.74,1.70,0.15,0.30,38.47981938627051,0.765949510138243,2.3804029306826044,
71255.8,58.19999999999709,0.08,-0.69,0.74,0.01,-0.07,0.03,39.246194719998016,0.9967105486689352,1.9756927288429142,
71255.9,58.29999999998836,0.08,-0.69,0.74,0.01,-0.07,0.01,39.72425455562382,1.024775690177774,1.9607228035676896,
71256.1,58.5,0.12,0.20,0.83,1.19,-0.24,-0.39,37.798420601924626,5.936980715907045,2.645956596800359,
71256.2,58.59999999999127,0.12,0.22,0.82,1.14,-0.22,-0.42,38.25693139811399,6.1025382354874305,2.6507409094443135,
71256.3,58.69999999999709,0.12,0.19,0.85,0.38,0.29,-0.40,37.886768138757894,6.064030157381394,2.6511026826937756,
71256.4,58.79999999998836,0.12,0.19,0.84,1.12,-0.21,-0.43,37.181071797354086,6.1746639221428135,2.633271327702324,
71256.5,58.89999999999418,0.12,0.22,0.82,1.21,-0.24,-0.37,37.5065247656991,6.0205057346436055,2.650843148563572,
71256.6,59.0,0.12,0.23,0.81,1.20,-0.24,-0.38,37.664703636163125,5.982495939720288,2.6697986780561616,
71256.7,59.09999999999127,0.12,0.26,0.77,0.99,-0.17,-0.49,37.455332063672856,5.665200700844331,2.528329125930177,
71256.8,59.19999999999709,0.11,0.27,0.77,0.97,-0.17,-0.49,37.739900635799245,5.96685830162446,2.6770220013274026,
71256.9,59.29999999998836,0.12,0.29,0.76,0.91,-0.18,-0.49,38.2917771851869,5.64497565424396,2.5559158824648582,
71257.1,59.5,0.13,0.52,0.83,-0.00,-0.17,0.09,37.837231664063374,5.656219382029961,2.544011456814829,
71257.2,59.59999999999127,0.08,0.44,0.78,-0.00,-0.18,0.10,37.52530079826143,5.632480655667088,2.5354392013444236,
71257.3,59.69999999999709,0.13,0.52,0.83,0.01,-0.15,0.06,38.902756971710886,5.697362932735652,2.5122693487155217,
71257.4,59.79999999998836,0.14,0.51,0.83,-0.00,-0.12,0.04,37.38440717732461,5.621487420360414,2.531029980048921,
71257.5,59.89999999999418,0.14,0.50,0.83,-0.01,-0.08,0.03,38.768954074104194,5.649718845911738,2.546755987920288,
71257.6,60.0,0.13,0.50,0.84,-0.01,-0.05,0.02,38.000360524605554,5.721417069509723,2.636214996119027,
71257.7,60.09999999999127,0.13,0.49,0.83,-0.01,-0.02,0.02,38.158350331218465,5.9183075418340065,2.6555965799100707,
71257.8,60.19999999999709,0.12,0.49,0.83,-0.01,0.01,0.03,38.94164095155724,5.6467736662046235,2.54983210092923,
71257.9,60.29999999998836,0.12,0.49,0.82,-0.01,0.02,0.03,36.122476382440894,0.20792148688160614,2.7275365458429217,
71258.1,60.5,0.10,-0.23,0.98,-1.26,0.40,-0.22,37.09056348992288,0.5327313763687385,2.5838722298810657,
71258.2,60.59999999999127,0.10,-0.24,0.98,-1.24,0.37,-0.21,36.590286962525994,0.5645834625210655,2.5627702127327936,
71258.3,60.69999999999709,0.10,-0.22,0.99,-1.23,0.34,-0.20,38.29071689065119,0.8539157079594671,2.321852038801918,
71258.4,60.79999999998836,0.10,-0.23,0.99,-1.27,0.43,-0.22,37.13555304556538,0.9525598635518246,2.2257465695028813,
71258.5,60.89999999999418,0.08,-0.59,0.91,-1.26,0.41,-0.22,36.33592437244441,0.6235967046760069,2.5654384595040236,
71258.6,61.0,0.10,-0.25,0.97,-1.20,0.25,-0.17,36.69653934637434,0.6241474504259674,2.53644986240178,
71258.7,61.09999999999127,0.09,-0.27,0.97,-1.20,0.23,-0.17,39.717107145410274,0.9814776098343291,2.1276144290886214,
71258.8,61.19999999999709,0.08,-0.30,0.96,-1.20,0.14,-0.18,37.463681079146504,0.62507202842304,2.4839464161509386,
71258.9,61.29999999998836,0.07,-0.30,0.97,-1.19,0.12,-0.19,38.7044416055832,0.9796191307373231,2.0650379442228615,
71259.1,61.5,0.09,-0.66,0.73,-0.16,-0.07,0.03,39.96853012058362,0.9922480438299736,2.0483541453152703,
71259.2,61.59999999999127,0.09,-0.66,0.72,-0.16,-0.08,0.04,38.83921471914694,1.0053360028714495,2.0506471156407744,
71259.3,61.69999999999709,0.09,-0.66,0.73,-0.17,-0.04,0.02,39.76585595708962,0.9924708405144799,2.0518443477457105,
71259.4,61.79999999998836,0.07,-0.69,0.70,-0.17,-0.04,0.01,38.765157035668,0.9939532469403776,2.0691801408150954,
71259.5,61.89999999999418,0.07,-0.69,0.70,-0.17,-0.03,0.01,39.80897009469097,1.0234172854113803,2.0546814674864473,
71259.6,62.0,0.08,-0.66,0.72,-0.16,-0.02,0.01,38.9749419499247,0.9986151877889027,2.071802852548858,
71259.7,62.09999999999127,0.08,-0.67,0.72,-0.16,-0.02,0.01,39.29389392768296,1.005784669091225,2.076067415038869,
71259.8,62.19999999999709,0.09,-0.67,0.72,-0.15,-0.01,0.02,38.85705727406542,1.0018960703582611,2.061755097528393,
71259.9,62.29999999998836,0.09,-0.66,0.73,-0.15,0.01,0.01,37.776296801036494,0.9983253257928838,2.057244366739462,
71260.1,62.5,0.08,-0.68,0.71,-0.00,-0.06,0.01,39.58236602326849,1.0524537338958457,2.0287527925258355,
71260.2,62.59999999999127,0.08,-0.68,0.70,-0.00,-0.06,0.01,38.798065673432745,1.0292699644285381,2.0687186017333694,
71260.3,62.69999999999709,0.08,-0.68,0.70,-0.00,-0.05,0.01,40.18096190983984,1.0645364533435187,2.036407327723838,
71260.4,62.79999999998836,0.08,-0.68,0.70,-0.00,-0.07,0.01,38.84326840007159,0.9963204736192685,2.0395959467316462,
71260.5,62.89999999999418,0.07,-0.68,0.70,-0.00,-0.07,0.01,38.429272696734714,0.9925084964012754,2.0570895667573383,
71260.6,63.0,0.08,-0.68,0.70,-0.01,-0.01,0.01,38.70801984085468,0.9638884128646219,2.0509548508428113,
71260.7,63.09999999999127,0.08,-0.68,0.70,-0.01,-0.00,0.01,39.427494214063366,0.984066695747731,2.056902499036931,
71260.8,63.19999999999709,0.08,-0.68,0.69,-0.01,0.00,0.01,37.30533607944043,0.9799135956752478,2.0706396115774455,
71260.9,63.29999999998836,0.07,-0.69,0.69,-0.01,-0.00,0.01,39.582352128189655,0.9883443759397774,2.057978679119129,
71261.1,63.5,0.12,-0.61,0.92,0.73,-0.01,-0.01,38.1418523409653,0.914465389236981,2.205637115877847,
71261.2,63.59999999999127,0.13,-0.61,0.92,0.68,-0.00,-0.01,36.580728532931104,0.984142885947347,2.1388449921431496,
71261.3,63.69999999999709,0.13,-0.59,0.92,0.76,-0.01,-0.01,38.30133287497969,0.9478764736729484,2.1630172648557817,
71261.4,63.79999999998836,0.13,-0.59,0.92,0.79,-0.00,-0.02,38.64017339505609,0.7463388098188494,2.388084084576546,
71261.5,63.89999999999418,0.13,-0.58,0.93,0.81,0.02,-0.02,38.74339427566976,0.939222461038502,2.1684163116750343,
71261.6,64.0,0.16,-0.06,0.93,0.83,0.05,-0.03,37.62192711704173,0.6066145633393902,2.6507426234352143,
71261.7,64.09999999999127,0.12,-0.57,0.92,0.85,0.07,-0.04,36.44688326866921,0.344694635722726,2.7083809289885092,
71261.8,64.19999999999709,0.12,-0.56,0.91,0.86,0.08,-0.05,39.319964394693955,0.9374194826644731,2.240888903679025,
71261.9,64.29999999998836,0.12,-0.56,0.92,0.87,0.10,-0.07,39.127188756668936,0.9337886332298377,2.235348557672119,
71262.1,64.5,0.03,0.32,0.90,0.70,0.21,-0.28,37.51417865287737,6.0198099131645595,2.594570218405304,
71262.2,64.59999999999127,0.01,0.32,0.91,0.71,0.18,-0.25,38.65542782068257,5.840118702744233,2.558117101160426,
71262.3,64.69999999999709,0.01,0.32,0.90,0.71,0.13,-0.20,38.12920796449882,5.691851027904063,2.5111721434276197,
71262.4,64.79999999998836,-0.01,0.32,0.87,0.71,0.11,-0.19,37.575719553988584,6.014339810078184,2.5923965088624983,
71262.5,64.89999999999418,0.04,0.50,0.78,0.72,0.09,-0.17,38.0269851552815,5.697362932735652,2.495397065042957,
71262.6,65.0,0.09,0.51,0.81,0.71,0.05,-0.15,38.162879870366176,5.669964969099108,2.4842307229050613,
71262.7,65.09999999999127,0.09,0.51,0.83,0.71,0.03,-0.15,38.789485688779116,5.954944421249272,2.6005867006492176,
71262.8,65.19999999999709,0.00,0.33,0.89,0.72,-0.01,-0.13,38.43696267917121,6.012122167630421,2.642048236171067,
71262.9,65.29999999998836,-0.02,0.37,0.83,0.70,0.22,-0.29,37.73535875011658,5.911500556659283,2.596156515985656,
71263.1,65.5,0.08,0.48,0.82,0.00,-0.02,0.05,39.64709951560139,5.67669782315629,2.5286635561817663,
71263.2,65.59999999999127,0.08,0.51,0.86,0.00,-0.04,0.05,38.214512949925194,5.750421907315824,2.5296562665910365,
71263.3,65.69999999999709,0.09,0.51,0.85,0.00,-0.04,0.05,38.134679754784884,5.733922020888923,2.5294438714016385,
71263.4,65.79999999998836,0.08,0.52,0.84,0.01,-0.04,0.04,39.56338837865129,5.659318739819101,2.526841308369255,
71263.5,65.89999999999418,0.10,0.52,0.85,0.00,-0.01,0.03,37.885218753492765,5.674222744706977,2.5273414787185757,
71263.6,66.0,0.09,0.52,0.84,0.00,-0.02,0.05,38.291074678049974,5.663771592000912,2.5214002723595814,
71263.7,66.09999999999127,0.08,0.50,0.85,0.01,0.05,-0.00,37.62303018099419,5.7589146995949845,2.5553051231438713,
71263.8,66.19999999999709,0.08,0.49,0.83,0.01,0.07,0.00,38.53031144436806,5.657820379845911,2.518072990444649,
71263.9,66.29999999998836,0.08,0.25,0.79,0.01,0.06,0.01,39.20479052360821,5.669497137741638,2.5247633352490273,
71264.1,66.5,0.13,0.09,0.91,-1.13,-0.03,0.46,38.559546159154934,6.227859126591823,2.711014035134609,
71264.2,66.59999999999127,0.13,0.10,0.90,-1.13,-0.06,0.46,38.32550847673126,6.241673611280083,2.713689575400524,
71264.3,66.69999999999709,0.13,0.09,0.90,-1.13,-0.06,0.44,36.68370482925627,0.5814853842112866,2.5510057983126306,
71264.4,66.79999999998836,0.16,0.05,0.93,-1.13,-0.00,0.47,37.03517787185583,0.041586747486787805,2.7271625491853726,
71264.5,66.89999999999418,0.15,0.05,0.95,-1.13,-0.02,0.47,36.86855706425192,0.13804260344716934,2.721308599222067,
71264.6,67.0,0.15,0.05,0.97,-1.20,0.07,0.35,38.132440257607435,0.9053692102169054,2.2771361366546636,
71264.7,67.09999999999127,0.14,0.04,0.99,-1.21,0.10,0.32,36.82288011549341,0.1753612732426421,2.7181054373007743,
71264.8,67.19999999999709,0.09,-0.56,0.85,-1.21,0.08,0.32,37.85831084451603,0.1765985587087968,2.7070587326606272,
71264.9,67.29999999998836,0.12,0.02,1.00,-1.21,0.03,0.34,38.69950516479507,0.9576179161757883,2.195064458069951,
71265.1,67.5,0.06,-0.64,0.76,-0.25,-0.03,0.09,39.049860435089904,0.9772716910220816,2.1276938142756467,
71265.2,67.59999999999127,0.08,-0.62,0.81,-0.25,-0.03,0.08,39.0117597654861,0.9525770503347647,2.094517057135826,
71265.3,67.69999999999709,0.08,-0.64,0.80,-0.22,-0.03,0.07,38.931665774790574,0.9871076873502508,2.140223628156,
71265.4,67.79999999998836,0.07,-0.64,0.79,-0.21,-0.02,0.07,38.16662940318414,0.9756271792728691,2.0822355239239165,
71265.5,67.89999999999418,0.08,-0.64,0.79,-0.20,-0.01,0.06,39.464343400087124,0.9712587711125551,2.017825959855039,
71265.6,68.0,0.07,-0.64,0.79,-0.20,-0.00,0.06,38.82485028947311,0.9480316501402553,2.1119602951974397,
71265.7,68.09999999999127,0.07,-0.64,0.78,-0.19,0.01,0.06,39.19580717372714,0.9930183158069009,2.022530357847023,
71265.8,68.19999999999709,0.06,-0.65,0.78,-0.18,0.02,0.06,40.129323443088346,1.024765643748047,2.041802222575276,
71265.9,68.29999999998836,0.06,-0.64,0.77,-0.18,0.02,0.06,39.10644192457299,0.9549791574400843,2.1222836108806704,
71266.1,68.5,0.05,-0.66,0.73,-0.00,0.01,0.02,39.75258733717845,0.9449680065925457,2.041829221263775,
71266.2,68.59999999999127,0.04,-0.67,0.72,-0.00,0.02,0.01,39.05206012491531,0.981667688172699,2.0593773955099586,
71266.3,68.69999999999709,0.05,-0.67,0.73,-0.00,0.02,0.01,38.904195146539145,0.9376673118591863,2.081616966284244,
71266.4,68.79999999998836,0.05,-0.67,0.73,0.00,0.02,0.02,37.852484726897394,0.9480316501402553,2.0675646120737063,
71266.5,68.89999999999418,0.04,-0.67,0.73,0.01,0.02,0.03,37.68698847082372,0.9532155612128819,2.069040328258449,
71266.6,69.0,0.04,-0.66,0.73,0.01,0.01,0.03,39.330300024281534,0.9638884128646219,2.0805004300784313,
71266.7,69.09999999999127,0.04,-0.66,0.72,0.01,-0.00,0.04,37.065504178413654,0.9742513033296033,2.0741765619797565,
71266.8,69.19999999999709,0.05,-0.66,0.71,0.00,0.00,0.02,38.6649570024331,0.9839301786392322,2.057963092164207,
71266.9,69.29999999998836,0.03,-0.65,0.73,-0.00,0.01,0.02,38.78092701315945,0.9387494027899703,2.088436523589471,
71267.1,69.5,0.01,-0.64,0.73,-0.00,0.14,-0.07,38.634293056816766,0.9099607021740944,2.0760460077751395,
71267.2,69.59999999999127,0.02,-0.63,0.73,0.01,0.05,-0.05,38.75186447127415,0.9167525528977795,2.0734849256149497,
71267.3,69.69999999999709,0.03,-0.62,0.74,-0.01,0.18,-0.09,39.34791608204937,0.948269550709949,2.0611377387308405,
71267.4,69.79999999998836,0.03,-0.63,0.75,-0.04,0.02,0.47,38.6125445936939,0.9466957687078018,2.0909214784481716,
71267.5,69.89999999999418,0.03,-0.64,0.75,-0.00,0.16,-0.08,39.02181569327598,0.9392832370693055,2.0641488094350633,
71267.6,70.0,-0.05,-0.70,0.69,-0.03,0.08,0.06,38.29335582055979,0.9179496956941223,2.0711292559691703,
71267.7,70.09999999999127,0.03,-0.62,0.74,0.01,-0.04,-0.04,37.833732303329526,0.9421347295833093,2.095101300659315,
71267.8,70.19999999999709,-0.00,-0.64,0.78,0.01,-0.08,-0.04,39.140816291947715,0.9333259429448691,2.0808649483251407,
71267.9,70.29999999998836,0.01,-0.63,0.73,0.02,-0.06,-0.05,39.98153573838804,0.948269550709949,2.0900462447949213,
71268.1,70.5,-0.01,-0.64,0.72,0.00,0.03,-0.02,37.988020480146105,0.8622354697256795,2.080347347564712,
71268.2,70.59999999999127,-0.01,-0.63,0.74,0.01,0.05,-0.02,38.28301451035433,0.8834573297730794,2.0907340354115433,
71268.3,70.69999999999709,-0.01,-0.62,0.73,0.02,0.09,0.01,37.855928201538,0.9060409879647524,2.065713353109979,
71268.4,70.79999999998836,-0.02,-0.62,0.73,0.02,0.09,0.02,37.88536524833831,0.887191037351551,2.0776303452279885,
71268.5,70.89999999999418,-0.02,-0.63,0.72,-0.01,0.02,-0.02,38.476305695843514,0.8669049881390639,2.0505749184805566,
71268.6,71.0,-0.01,-0.63,0.73,0.01,0.10,0.04,38.73267612752829,0.8902965945623419,2.045972212230695,
71268.7,71.09999999999127,-0.02,-0.63,0.74,-0.02,0.12,0.04,39.335425509329376,0.8783549694113553,2.0381042903340396,
71268.8,71.19999999999709,-0.03,-0.63,0.75,-0.03,0.11,0.02,37.88056229783291,0.8680682651317719,2.0477494756491836,
71268.9,71.29999999998836,-0.02,-0.64,0.72,-0.03,0.08,0.00,37.63844178496235,0.8700490135745809,2.046886914999517,
71269.1,71.5,-0.03,-0.64,0.75,-0.01,-0.00,-0.03,39.33723426983651,0.8687063123265694,2.0346671735857935,
71269.2,71.59999999999127,-0.03,-0.64,0.73,-0.02,-0.01,-0.03,38.72446513510548,0.8877800918881062,2.0715174701595562,
71269.3,71.69999999999709,-0.03,-0.64,0.73,-0.02,-0.02,-0.03,39.50559580616397,0.8999245333926249,2.068490511939941,
71269.4,71.79999999998836,-0.04,-0.65,0.75,-0.02,-0.02,-0.03,39.05539783435831,0.8796434569835765,2.0509415489694414,
71269.5,71.89999999999418,-0.04,-0.64,0.75,-0.02,-0.02,-0.03,37.94241557940137,0.8807822434450485,2.068678388125017,
71269.6,72.0,-0.04,-0.64,0.75,-0.00,0.00,-0.02,37.645703606122176,0.8698404336007934,2.0756970323251753,
71269.7,72.09999999999127,-0.04,-0.64,0.75,-0.01,-0.02,-0.02,38.49507630853587,0.8981450558130428,2.0374806737359146,
71269.8,72.19999999999709,-0.03,-0.64,0.75,-0.00,-0.00,-0.02,39.65543846687362,0.8711890799542765,2.047329411568964,
