Time,aclx,acly,aclz,gx,gy,gz,mr,mtheta,mphi54914.700000,0.112241,0.710085,0.742781,-0.042500,-0.027500,0.017500,1.000000,2.910695,-0.940022
54914.800000,0.109626,0.708018,0.746944,-0.050000,-0.054000,0.022000,1.000000,2.912585,-0.938051
54914.900000,0.107688,0.699823,0.749962,-0.045000,-0.061667,0.043333,1.000000,2.912736,-0.941947
54915.000000,0.119259,0.696230,0.753259,-0.065714,-0.081429,0.068571,1.000000,2.923507,-0.945153
54915.100000,0.135653,0.694065,0.753414,-0.082500,-0.115000,0.093750,1.000000,2.917249,-0.953314
54915.200000,0.152243,0.684307,0.750982,-0.102500,-0.143750,0.152500,1.000000,2.915552,-0.965825
54915.300000,0.176609,0.675430,0.754315,-0.126250,-0.181250,0.271250,1.000000,2.916579,-0.980124
54915.400000,0.208033,0.646772,0.756717,-0.151250,-0.207500,0.431250,1.000000,2.908315,-1.002228
54915.500000,0.245004,0.606924,0.749301,-0.168750,-0.253750,0.637500,1.000000,2.891300,-1.030621
54915.600000,0.315124,0.541140,0.742950,-0.198750,-0.321250,0.852500,1.000000,2.858626,-1.074927
54915.700000,0.395949,0.456619,0.752412,-0.240000,-0.362500,1.050000,1.000000,2.804962,-1.125242
54915.800000,0.465892,0.344882,0.747263,-0.220000,-0.367500,1.225000,1.000000,2.643126,-1.181655
54915.900000,0.533744,0.226405,0.732162,-0.203750,-0.401250,1.398750,1.000000,2.310466,-1.070925
54916.000000,0.610808,0.094740,0.727558,-0.193750,-0.448750,1.548750,1.000000,2.086613,-0.779643
54916.100000,0.669204,-0.050564,0.711184,-0.171250,-0.416250,1.636250,1.000000,1.921188,-0.486788
54916.200000,0.710878,-0.191783,0.684062,-0.135000,-0.421250,1.660000,1.000000,1.791953,-0.192910
54916.300000,0.735452,-0.338416,0.667876,-0.110000,-0.413750,1.628750,1.000000,1.717055,0.100331
54916.400000,0.723308,-0.461385,0.642391,-0.071250,-0.348750,1.590000,1.000000,1.658445,0.398342
54916.500000,0.674453,-0.571365,0.598123,-0.037500,-0.298750,1.555000,1.000000,1.633256,0.697479
54916.600000,0.603570,-0.665095,0.555482,-0.040000,-0.286250,1.532500,1.000000,1.702443,0.987088
54916.700000,0.502881,-0.753587,0.516233,-0.048750,-0.221250,1.502500,1.000000,1.957808,1.097710
54916.800000,0.368938,-0.823588,0.465708,-0.055000,-0.172500,1.458750,1.000000,2.099222,1.016105
54916.900000,0.223086,-0.858232,0.411480,-0.065000,-0.193750,1.411250,1.000000,2.185476,0.914424
54917.000000,0.057916,-0.868775,0.355445,-0.096250,-0.152500,1.357500,1.000000,2.247104,0.799330
54917.100000,-0.086106,-0.844343,0.307079,-0.116250,-0.135000,1.276250,1.000000,2.257321,0.683099
54917.200000,-0.230461,-0.802827,0.271939,-0.118750,-0.096250,1.145000,1.000000,2.268462,0.566460
54917.300000,-0.361563,-0.760186,0.231964,-0.092500,-0.105000,0.966250,1.000000,2.267943,0.457562
54917.400000,-0.473653,-0.672732,0.193048,-0.080000,-0.081250,0.773750,1.000000,2.275118,0.360545
54917.500000,-0.581181,-0.584455,0.171784,-0.080000,-0.070000,0.597500,1.000000,2.281522,0.278705
54917.600000,-0.647807,-0.518784,0.157287,-0.052500,-0.052500,0.426250,1.000000,2.290048,0.219277
54917.700000,-0.677164,-0.477393,0.156366,-0.030000,-0.070000,0.251250,1.000000,2.298100,0.179901
54917.800000,-0.694019,-0.428746,0.151852,0.005000,-0.001250,0.087500,1.000000,2.286400,0.156543
54917.900000,-0.710110,-0.398623,0.146543,0.051250,0.005000,-0.027500,1.000000,2.283877,0.143245
54918.000000,-0.720553,-0.382471,0.139717,0.063750,0.005000,-0.081250,1.000000,2.280691,0.142622
54918.100000,-0.723575,-0.360451,0.140744,0.043750,0.015000,-0.083750,1.000000,2.279807,0.145632
54918.200000,-0.725049,-0.369801,0.154078,0.030000,-0.008750,-0.073750,1.000000,2.278963,0.146913
54918.300000,-0.698218,-0.384381,0.152033,0.045000,-0.013750,-0.073750,1.000000,2.269910,0.154764
54918.400000,-0.691814,-0.372882,0.158150,0.033750,-0.020000,-0.070000,1.000000,2.272070,0.152785
54918.500000,-0.690576,-0.364436,0.155210,0.021250,0.023750,-0.061250,1.000000,2.261719,0.155404
54918.600000,-0.672924,-0.377240,0.166370,0.010000,-0.051250,-0.035000,1.000000,2.260005,0.164601
54918.700000,-0.669666,-0.382421,0.167954,-0.020000,-0.027500,-0.017500,1.000000,2.255504,0.167616
54918.800000,-0.661379,-0.389158,0.162511,-0.035000,-0.043750,-0.008750,1.000000,2.249827,0.168318
54918.900000,-0.647896,-0.393196,0.159839,-0.031250,-0.038750,-0.007500,1.000000,2.242736,0.167223
54919.000000,-0.632411,-0.408980,0.154188,-0.022500,-0.020000,-0.005000,1.000000,2.232948,0.177267
54919.100000,-0.630690,-0.412371,0.158731,-0.018750,-0.010000,-0.006250,1.000000,2.236490,0.178557
54919.200000,-0.624634,-0.418017,0.151068,-0.016250,0.008750,-0.001250,1.000000,2.224623,0.181404
54919.300000,-0.621982,-0.423051,0.151790,-0.011250,-0.001250,0.006250,1.000000,2.225209,0.185043
54919.400000,-0.625407,-0.420644,0.151253,-0.007500,0.006250,0.012500,1.000000,2.229085,0.183906
54919.500000,-0.625753,-0.418038,0.149479,-0.003750,0.026250,0.015000,1.000000,2.230642,0.182845
54919.600000,-0.634031,-0.415026,0.155160,0.003750,0.035000,0.012500,1.000000,2.239150,0.181101
54919.700000,-0.640575,-0.406601,0.153450,0.005000,0.042500,0.011250,1.000000,2.238973,0.176868
54919.800000,-0.655697,-0.391464,0.158965,0.005000,0.045000,0.011250,1.000000,2.248475,0.167275
54919.900000,-0.661513,-0.385544,0.158242,0.003750,0.043750,0.013750,1.000000,2.247688,0.164038
54920.000000,-0.671647,-0.381060,0.162564,0.002500,0.045000,0.012500,1.000000,2.256083,0.160430
54920.100000,-0.688530,-0.370405,0.168953,-0.002500,0.046250,0.012500,1.000000,2.268941,0.152120
54920.200000,-0.700386,-0.360176,0.174344,-0.003750,0.036250,0.010000,1.000000,2.277251,0.143813
54920.300000,-0.707291,-0.353724,0.176662,-0.006250,0.025000,0.008750,1.000000,2.279730,0.140056
54920.400000,-0.711933,-0.353425,0.177262,-0.008750,0.022500,0.008750,1.000000,2.280822,0.139796
54920.500000,-0.714211,-0.360677,0.180711,-0.010000,0.016250,0.011250,1.000000,2.286499,0.144604
54920.600000,-0.715786,-0.369165,0.182003,-0.012500,0.018750,0.012500,1.000000,2.288047,0.149491
54920.700000,-0.717742,-0.372458,0.182509,-0.015000,0.018750,0.011250,1.000000,2.288608,0.151771
54920.800000,-0.717816,-0.373942,0.181659,-0.015000,0.015000,0.010000,1.000000,2.287094,0.151999
54920.900000,-0.712822,-0.376596,0.176579,-0.012500,0.020000,0.012500,1.000000,2.280059,0.155019
54921.000000,-0.713802,-0.385898,0.175944,-0.013750,0.026250,0.015000,1.000000,2.280208,0.162132
54921.100000,-0.721596,-0.387650,0.181429,-0.013750,0.021250,0.016250,1.000000,2.289658,0.162993
54921.200000,-0.723246,-0.391750,0.184299,-0.015000,0.020000,0.016250,1.000000,2.294089,0.166442
54921.300000,-0.729354,-0.390809,0.187299,-0.026250,0.022500,0.018750,1.000000,2.299686,0.164586
54921.400000,-0.730977,-0.388171,0.184845,-0.025000,0.013750,0.015000,1.000000,2.298114,0.161134
54921.500000,-0.731181,-0.388211,0.185920,-0.020000,0.012500,0.013750,1.000000,2.300058,0.161044
54921.600000,-0.731031,-0.394115,0.186226,-0.017500,0.012500,0.013750,1.000000,2.302194,0.165013
54921.700000,-0.731289,-0.396118,0.186274,-0.016250,0.013750,0.012500,1.000000,2.302337,0.164656
54921.800000,-0.729230,-0.392586,0.185742,-0.013750,0.012500,0.011250,1.000000,2.299675,0.162379
54921.900000,-0.726371,-0.396021,0.183251,-0.011250,0.013750,0.010000,1.000000,2.295155,0.164883
54922.000000,-0.719670,-0.399207,0.176312,-0.010000,0.011250,0.008750,1.000000,2.284455,0.167886
54922.100000,-0.717267,-0.399888,0.172483,0.000000,0.006250,0.005000,1.000000,2.279815,0.168617
54922.200000,-0.712304,-0.399738,0.171238,-0.001250,0.008750,0.008750,1.000000,2.277384,0.170364
54922.300000,-0.714707,-0.394103,0.169366,-0.005000,0.010000,0.010000,1.000000,2.276833,0.166482
54922.400000,-0.717614,-0.387947,0.171166,-0.006250,0.012500,0.010000,1.000000,2.278375,0.162183
54922.500000,-0.720258,-0.382089,0.172570,-0.006250,0.010000,0.008750,1.000000,2.278990,0.159819
54922.600000,-0.717947,-0.379588,0.168829,-0.008750,0.011250,0.008750,1.000000,2.274883,0.158303
54922.700000,-0.718364,-0.377469,0.167381,-0.011250,0.008750,0.008750,1.000000,2.274718,0.156859
54922.800000,-0.729018,-0.369380,0.172457,-0.012500,0.007500,0.008750,1.000000,2.284952,0.149685
54922.900000,-0.724539,-0.369564,0.169406,-0.015000,0.008750,0.010000,1.000000,2.279198,0.150187
54923.000000,-0.727120,-0.370100,0.171547,-0.016250,0.008750,0.010000,1.000000,2.282906,0.150357
54923.100000,-0.723589,-0.368701,0.168442,-0.017500,0.005000,0.010000,1.000000,2.277422,0.148751
54923.200000,-0.719487,-0.372169,0.166176,-0.017500,0.002500,0.010000,1.000000,2.273140,0.151340
54923.300000,-0.718646,-0.374661,0.166798,-0.017500,0.003750,0.011250,1.000000,2.274131,0.152150
54923.400000,-0.722091,-0.379345,0.170495,-0.017500,0.002500,0.011250,1.000000,2.280196,0.154204
54923.500000,-0.716958,-0.391819,0.172139,-0.016250,0.005000,0.011250,1.000000,2.279655,0.162045
54923.600000,-0.714880,-0.396261,0.172957,-0.021250,0.003750,0.013750,1.000000,2.278512,0.165128
54923.700000,-0.717616,-0.395043,0.174142,-0.022500,0.006250,0.012500,1.000000,2.281083,0.163204
54923.800000,-0.715345,-0.400019,0.174954,-0.020000,0.003750,0.010000,1.000000,2.281929,0.166597
54923.900000,-0.709839,-0.404372,0.183900,-0.020000,0.026250,0.013750,1.000000,2.286396,0.170300
54924.000000,-0.712727,-0.394080,0.194445,0.007500,0.081250,0.005000,1.000000,2.289706,0.169065
54924.100000,-0.685754,-0.385955,0.225319,0.090000,-0.065000,-0.061250,1.000000,2.286843,0.168774
54924.200000,-0.671919,-0.370185,0.247029,0.210000,-0.056250,-0.117500,1.000000,2.279119,0.167790
54924.300000,-0.656335,-0.321679,0.253881,0.371250,-0.152500,-0.141250,1.000000,2.258011,0.151090
54924.400000,-0.613410,-0.251102,0.235863,0.556250,-0.275000,-0.147500,1.000000,2.214786,0.128793
54924.500000,-0.528987,-0.133599,0.201682,0.723750,-0.402500,-0.145000,1.000000,2.147465,0.072702
54924.600000,-0.402771,0.031778,0.153035,0.821250,-0.475000,-0.131250,1.000000,2.074629,-0.023807
54924.700000,-0.251770,0.194692,0.119231,0.827500,-0.526250,-0.095000,1.000000,2.006510,-0.133207
54924.800000,-0.100364,0.352516,0.088219,0.781250,-0.563750,-0.048750,1.000000,1.936985,-0.238636
54924.900000,0.015575,0.503037,0.023659,0.646250,-0.397500,0.046250,1.000000,1.860689,-0.330517
54925.000000,0.178919,0.625752,-0.023131,0.506250,-0.500000,0.082500,1.000000,1.771590,-0.425026
54925.100000,0.342776,0.713640,-0.064560,0.285000,-0.398750,0.103750,1.000000,1.683746,-0.507614
54925.200000,0.503746,0.764287,-0.052347,0.078750,-0.366250,0.062500,1.000000,1.600588,-0.575099
54925.300000,0.610895,0.753882,-0.029689,-0.106250,-0.245000,0.047500,1.000000,1.532663,-0.590257
54925.400000,0.680258,0.688786,0.009108,-0.200000,-0.178750,0.056250,1.000000,1.456398,-0.562294
54925.500000,0.713775,0.633395,0.012978,-0.207500,-0.122500,0.021250,1.000000,1.388439,-0.516675
54925.600000,0.749466,0.579024,0.009865,-0.191250,-0.127500,-0.017500,1.000000,1.326206,-0.479678
54925.700000,0.799934,0.530824,0.027815,-0.141250,-0.131250,-0.047500,1.000000,1.267553,-0.460008
54925.800000,0.812957,0.504246,0.029961,-0.120000,-0.018750,-0.038750,1.000000,1.223758,-0.434670
54925.900000,0.800814,0.493643,0.038232,-0.040000,0.057500,-0.067500,1.000000,1.221870,-0.413761
54926.000000,0.748168,0.494609,0.014858,0.016250,0.286250,-0.080000,1.000000,1.247272,-0.395629
54926.100000,0.648717,0.509459,-0.007855,0.038750,0.480000,-0.117500,1.000000,1.312346,-0.388961
54926.200000,0.486051,0.564443,-0.019631,0.058750,0.777500,-0.183750,1.000000,1.418209,-0.376870
54926.300000,0.313085,0.629086,-0.039550,0.146250,1.007500,-0.266250,1.000000,1.547034,-0.354973
54926.400000,0.136733,0.641485,-0.022388,0.198750,0.952500,-0.305000,1.000000,1.666577,-0.324414
54926.500000,-0.101425,0.661851,-0.035419,0.193750,0.933750,-0.291250,1.000000,1.801453,-0.293761
54926.600000,-0.322623,0.681125,-0.045100,0.193750,0.928750,-0.276250,1.000000,1.927113,-0.262316
54926.700000,-0.527690,0.693172,-0.043405,0.175000,0.827500,-0.242500,1.000000,2.035167,-0.229660
54926.800000,-0.708546,0.704696,-0.038781,0.130000,0.653750,-0.165000,1.000000,2.128274,-0.200024
54926.900000,-0.825154,0.713945,-0.027359,0.103750,0.401250,-0.086250,1.000000,2.193039,-0.175927
54927.000000,-0.881689,0.691880,-0.021962,0.037500,0.062500,-0.005000,1.000000,2.222935,-0.166081
54927.100000,-0.910015,0.640489,0.008070,-0.087500,-0.267500,0.108750,1.000000,2.221065,-0.164314
54927.200000,-0.904920,0.639338,0.016599,-0.165000,-0.350000,0.176250,1.000000,2.211171,-0.169417
54927.300000,-0.818618,0.635048,0.045500,-0.137500,-0.666250,0.183750,1.000000,2.191654,-0.174717
54927.400000,-0.688010,0.644709,0.067055,-0.101250,-1.062500,0.255000,1.000000,2.148394,-0.197955
54927.500000,-0.476231,0.646519,0.057021,-0.145000,-1.106250,0.350000,1.000000,2.046526,-0.247669
54927.600000,-0.240121,0.629123,0.054440,-0.126250,-1.131250,0.328750,1.000000,1.914282,-0.282988
54927.700000,-0.012915,0.606306,0.071356,-0.093750,-1.043750,0.277500,1.000000,1.788045,-0.322046
54927.800000,0.208891,0.586671,0.055550,-0.037500,-0.982500,0.231250,1.000000,1.666471,-0.358980
54927.900000,0.412627,0.572933,0.034879,0.031250,-0.848750,0.175000,1.000000,1.552806,-0.404899
54928.000000,0.558407,0.581122,0.006044,0.058750,-0.701250,0.153750,1.000000,1.471859,-0.460668
54928.100000,0.676077,0.596462,-0.016824,-0.018750,-0.305000,0.137500,1.000000,1.407261,-0.518622
54928.200000,0.722272,0.581667,-0.030266,-0.193750,0.223750,0.051250,1.000000,1.361547,-0.533819
54928.300000,0.640443,0.551276,-0.009083,-0.362500,0.428750,-0.047500,1.000000,1.379625,-0.488362
54928.400000,0.496954,0.485999,0.026753,-0.533750,0.592500,-0.041250,1.000000,1.464331,-0.422100
54928.500000,0.337174,0.371089,0.056066,-0.650000,0.610000,-0.010000,1.000000,1.577985,-0.328014
54928.600000,0.189311,0.235853,0.172371,-0.670000,0.710000,-0.006250,1.000000,1.701775,-0.226694
54928.700000,0.020003,0.099749,0.195701,-0.713750,0.602500,0.012500,1.000000,1.820098,-0.121272
54928.800000,-0.122970,-0.051938,0.221367,-0.703750,0.577500,-0.008750,1.000000,1.917308,-0.001616
54928.900000,-0.268751,-0.224478,0.256629,-0.643750,0.492500,-0.013750,1.000000,2.008553,0.123614
54929.000000,-0.396558,-0.372392,0.283787,-0.507500,0.356250,-0.001250,1.000000,2.106818,0.217127
54929.100000,-0.480291,-0.500535,0.301986,-0.296250,0.215000,-0.001250,1.000000,2.198258,0.280583
54929.200000,-0.527261,-0.569076,0.293352,-0.128750,0.113750,-0.003750,1.000000,2.248335,0.305741
54929.300000,-0.555591,-0.590215,0.274381,-0.020000,0.068750,-0.011250,1.000000,2.268760,0.312736
54929.400000,-0.595578,-0.585871,0.192748,-0.013750,-0.046250,-0.002500,1.000000,2.280937,0.309365
54929.500000,-0.605186,-0.579927,0.205470,0.001250,0.007500,-0.002500,1.000000,2.284250,0.308102
54929.600000,-0.610400,-0.581877,0.209681,-0.008750,0.012500,0.012500,1.000000,2.288808,0.304041
54929.700000,-0.606741,-0.577542,0.198642,-0.011250,0.020000,0.013750,1.000000,2.282202,0.304530
54929.800000,-0.614283,-0.577430,0.200326,-0.010000,0.011250,0.012500,1.000000,2.289591,0.304464
54929.900000,-0.612509,-0.575765,0.198850,-0.010000,0.010000,0.015000,1.000000,2.286980,0.304490
54930.000000,-0.613034,-0.575262,0.198329,-0.010000,0.006250,0.013750,1.000000,2.288190,0.304913
54930.100000,-0.616027,-0.567303,0.198992,-0.011250,0.008750,0.008750,1.000000,2.288351,0.301478
54930.200000,-0.606737,-0.566269,0.196498,-0.012500,0.012500,0.007500,1.000000,2.279045,0.301982
54930.300000,-0.609902,-0.567896,0.199160,-0.013750,0.007500,0.008750,1.000000,2.281707,0.301907
54930.400000,-0.610961,-0.574765,0.203109,-0.012500,0.001250,0.010000,1.000000,2.287192,0.306537
54930.500000,-0.616027,-0.572051,0.204003,-0.013750,0.005000,0.011250,1.000000,2.289722,0.304015
54930.600000,-0.613829,-0.569601,0.200161,-0.013750,0.002500,0.011250,1.000000,2.283322,0.302929
54930.700000,-0.615933,-0.570199,0.198266,-0.015000,0.010000,0.010000,1.000000,2.282286,0.302559
54930.800000,-0.610575,-0.572269,0.196039,-0.011250,0.005000,0.006250,1.000000,2.277272,0.304897
54930.900000,-0.605475,-0.574170,0.195518,-0.007500,0.001250,0.008750,1.000000,2.275637,0.306674
54931.000000,-0.607023,-0.570824,0.191323,-0.006250,0.007500,0.011250,1.000000,2.270979,0.303657
54931.100000,-0.605581,-0.569083,0.191623,-0.001250,0.003750,0.011250,1.000000,2.271344,0.304206
54931.200000,-0.609063,-0.558841,0.187326,0.000000,0.016250,0.011250,1.000000,2.265997,0.296990
54931.300000,-0.606322,-0.562843,0.189867,0.002500,0.015000,0.012500,1.000000,2.266959,0.301035
54931.400000,-0.605439,-0.561268,0.189103,0.003750,0.018750,0.015000,1.000000,2.265596,0.300958
54931.500000,-0.607689,-0.556973,0.188759,0.006250,0.016250,0.016250,1.000000,2.265422,0.299579
54931.600000,-0.622420,-0.552186,0.195432,0.003750,0.026250,0.020000,1.000000,2.279051,0.294234
54931.700000,-0.636403,-0.545422,0.197927,0.001250,0.027500,0.021250,1.000000,2.285884,0.287127
54931.800000,-0.643450,-0.544351,0.202176,0.000000,0.021250,0.018750,1.000000,2.294036,0.287134
54931.900000,-0.650557,-0.539602,0.202097,-0.002500,0.023750,0.017500,1.000000,2.295374,0.282342
54932.000000,-0.659916,-0.531153,0.207572,-0.005000,0.016250,0.016250,1.000000,2.305806,0.277099
54932.100000,-0.665181,-0.521130,0.203400,-0.006250,0.013750,0.013750,1.000000,2.302928,0.269613
54932.200000,-0.666192,-0.517213,0.201671,-0.007500,0.010000,0.011250,1.000000,2.302962,0.266610
54932.300000,-0.668821,-0.518388,0.207104,-0.008750,0.005000,0.010000,1.000000,2.309950,0.267598
54932.400000,-0.661511,-0.517073,0.201788,-0.008750,0.001250,0.008750,1.000000,2.300354,0.268587
54932.500000,-0.657446,-0.517944,0.200016,-0.008750,0.002500,0.008750,1.000000,2.296608,0.270610
54932.600000,-0.660499,-0.521444,0.204078,-0.008750,0.003750,0.007500,1.000000,2.303266,0.272463
54932.700000,-0.656398,-0.525576,0.203457,-0.011250,0.012500,0.008750,1.000000,2.301092,0.275901
54932.800000,-0.642385,-0.532502,0.194764,-0.011250,0.013750,0.008750,1.000000,2.284584,0.281661
54932.900000,-0.646265,-0.533939,0.198192,-0.011250,0.016250,0.010000,1.000000,2.290599,0.282057
54933.000000,-0.647500,-0.533951,0.198598,-0.011250,0.020000,0.011250,1.000000,2.288998,0.282252
54933.100000,-0.649351,-0.529058,0.194334,-0.010000,0.022500,0.012500,1.000000,2.285001,0.278082
54933.200000,-0.655823,-0.527888,0.196823,-0.010000,0.023750,0.012500,1.000000,2.290105,0.275716
54933.300000,-0.659601,-0.529856,0.198581,-0.010000,0.022500,0.012500,1.000000,2.295489,0.275632
54933.400000,-0.660181,-0.525427,0.194991,-0.008750,0.025000,0.013750,1.000000,2.290254,0.271930
54933.500000,-0.659335,-0.521903,0.196564,-0.006250,0.020000,0.012500,1.000000,2.289059,0.270315
54933.600000,-0.666588,-0.517896,0.210145,-0.011250,0.051250,0.007500,1.000000,2.298157,0.269075
54933.700000,-0.662347,-0.511459,0.229421,0.013750,0.038750,0.005000,1.000000,2.295627,0.265500
54933.800000,-0.650437,-0.491090,0.266906,0.123750,0.003750,-0.002500,1.000000,2.292213,0.260887
54933.900000,-0.637586,-0.450032,0.293078,0.317500,-0.038750,-0.005000,1.000000,2.278760,0.249424
54934.000000,-0.619356,-0.372720,0.280613,0.545000,-0.096250,-0.001250,1.000000,2.253437,0.220219
54934.100000,-0.598788,-0.238452,0.244245,0.728750,-0.190000,0.020000,1.000000,2.222198,0.159491
54934.200000,-0.526369,-0.040572,0.197334,0.807500,-0.305000,0.047500,1.000000,2.195219,0.063033
54934.300000,-0.440137,0.135920,0.146625,0.785000,-0.335000,0.077500,1.000000,2.152046,-0.038482
54934.400000,-0.317418,0.295325,0.105690,0.726250,-0.460000,0.110000,1.000000,2.086613,-0.142748
54934.500000,-0.195582,0.440800,0.051898,0.611250,-0.496250,0.143750,1.000000,2.002505,-0.238152
54934.600000,-0.044927,0.541373,0.009346,0.447500,-0.525000,0.188750,1.000000,1.903628,-0.312144
54934.700000,0.124177,0.636279,-0.014305,0.205000,-0.345000,0.205000,1.000000,1.777861,-0.387052
54934.800000,0.235348,0.684248,-0.039370,-0.002500,-0.211250,0.191250,1.000000,1.695201,-0.434734
54934.900000,0.294274,0.689977,-0.070902,-0.228750,0.122500,0.145000,1.000000,1.641497,-0.449112
54935.000000,0.217679,0.632906,-0.080963,-0.333750,0.686250,0.096250,1.000000,1.620242,-0.414587
54935.100000,0.048232,0.549104,-0.068840,-0.191250,0.840000,-0.005000,1.000000,1.659868,-0.361398
54935.200000,-0.099921,0.511586,-0.054370,-0.153750,0.981250,0.016250,1.000000,1.715639,-0.304825
54935.300000,-0.274115,0.490968,-0.056033,-0.048750,1.015000,-0.021250,1.000000,1.788624,-0.255348
54935.400000,-0.481961,0.507018,-0.070607,0.012500,1.090000,-0.055000,1.000000,1.888301,-0.228748
54935.500000,-0.703143,0.509400,-0.101403,0.045000,0.928750,-0.053750,1.000000,2.016582,-0.193080
54935.600000,-0.867774,0.516471,-0.083248,-0.001250,0.808750,-0.025000,1.000000,2.115548,-0.164347
54935.700000,-0.979092,0.518451,-0.030556,-0.003750,0.460000,0.020000,1.000000,2.192924,-0.141344
54935.800000,-0.991483,0.505488,0.022973,-0.026250,-0.092500,0.061250,1.000000,2.234133,-0.131990
54935.900000,-0.907729,0.538274,0.060135,-0.157500,-0.412500,0.141250,1.000000,2.225004,-0.136680
54936.000000,-0.843305,0.538810,0.071964,-0.127500,-0.751250,0.120000,1.000000,2.195650,-0.136979
54936.100000,-0.700021,0.545978,0.021791,-0.147500,-0.981250,0.202500,1.000000,2.109659,-0.161453
54936.200000,-0.490861,0.514077,0.001768,-0.185000,-1.057500,0.203750,1.000000,1.980351,-0.172588
54936.300000,-0.253005,0.488127,0.020673,-0.175000,-0.997500,0.177500,1.000000,1.838560,-0.182355
54936.400000,-0.045948,0.445956,0.013260,-0.087500,-0.982500,0.120000,1.000000,1.707593,-0.192919
54936.500000,0.192685,0.422407,0.007179,0.061250,-0.991250,0.083750,1.000000,1.563603,-0.239006
54936.600000,0.385949,0.442740,-0.012937,0.147500,-0.767500,0.102500,1.000000,1.457578,-0.313126
54936.700000,0.536111,0.470965,-0.042532,0.122500,-0.446250,0.123750,1.000000,1.395222,-0.393087
54936.800000,0.647755,0.495071,-0.079229,-0.025000,0.011250,0.108750,1.000000,1.339734,-0.456088
54936.900000,0.664564,0.492905,-0.029896,-0.220000,0.312500,-0.036250,1.000000,1.361669,-0.444464
54937.000000,0.559806,0.457632,0.001553,-0.387500,0.622500,-0.135000,1.000000,1.441310,-0.394373
54937.100000,0.387221,0.321156,0.139562,-0.530000,0.678750,-0.203750,1.000000,1.581346,-0.331065
54937.200000,0.205441,0.261019,0.130114,-0.562500,0.502500,-0.193750,1.000000,1.727202,-0.270215
54937.300000,0.019152,0.126264,0.174134,-0.670000,0.722500,-0.156250,1.000000,1.875645,-0.167729
54937.400000,-0.165199,-0.022496,0.207652,-0.715000,0.553750,-0.200000,1.000000,1.993298,-0.042042
54937.500000,-0.317575,-0.184547,0.238421,-0.677500,0.436250,-0.230000,1.000000,2.073445,0.094827
54937.600000,-0.462931,-0.335081,0.277162,-0.533750,0.262500,-0.245000,1.000000,2.161898,0.210567
54937.700000,-0.566011,-0.482002,0.313112,-0.341250,0.201250,-0.166250,1.000000,2.237924,0.279416
54937.800000,-0.632807,-0.555001,0.328067,-0.142500,-0.042500,-0.076250,1.000000,2.301167,0.295492
54937.900000,-0.653735,-0.537454,0.202316,0.006250,-0.141250,0.005000,1.000000,2.315004,0.298458
54938.000000,-0.641044,-0.575504,0.238299,-0.025000,0.066250,0.040000,1.000000,2.307201,0.301631
54938.100000,-0.665614,-0.562968,0.217914,-0.021250,-0.031250,0.020000,1.000000,2.313645,0.299809
54938.200000,-0.659153,-0.561908,0.206422,-0.016250,0.022500,0.026250,1.000000,2.308624,0.300504
54938.300000,-0.661656,-0.553461,0.199711,-0.021250,0.016250,0.031250,1.000000,2.299986,0.296022
54938.400000,-0.667681,-0.561559,0.203872,-0.022500,0.012500,0.037500,1.000000,2.306975,0.297501
54938.500000,-0.682623,-0.549269,0.206533,-0.013750,0.003750,0.025000,1.000000,2.313901,0.289253
54938.600000,-0.683840,-0.554042,0.210195,-0.016250,-0.002500,0.026250,1.000000,2.319838,0.289381
54938.700000,-0.687086,-0.553770,0.207670,-0.022500,-0.001250,0.023750,1.000000,2.317899,0.288450
54938.800000,-0.692247,-0.554462,0.209598,-0.021250,-0.002500,0.018750,1.000000,2.323505,0.288291
54938.900000,-0.688683,-0.552081,0.204404,-0.018750,-0.017500,0.018750,1.000000,2.315177,0.285571
54939.000000,-0.691831,-0.559265,0.210248,-0.017500,-0.023750,0.017500,1.000000,2.322170,0.289250
54939.100000,-0.696755,-0.564185,0.220082,-0.015000,-0.030000,0.013750,1.000000,2.336959,0.291209
54939.200000,-0.689892,-0.553235,0.213779,-0.012500,-0.022500,0.008750,1.000000,2.325637,0.283227
54939.300000,-0.684214,-0.557657,0.210886,-0.015000,-0.012500,0.008750,1.000000,2.319693,0.287142
54939.400000,-0.677014,-0.560511,0.206966,-0.015000,-0.013750,0.011250,1.000000,2.312419,0.290136
54939.500000,-0.678981,-0.556940,0.207198,-0.010000,-0.011250,0.011250,1.000000,2.313705,0.287226
54939.600000,-0.668633,-0.558604,0.200068,-0.008750,-0.006250,0.007500,1.000000,2.302530,0.289033
54939.700000,-0.661786,-0.556403,0.196841,-0.015000,0.003750,0.005000,1.000000,2.296448,0.289059
54939.800000,-0.659428,-0.551242,0.193185,-0.016250,-0.001250,0.006250,1.000000,2.291020,0.285784
54939.900000,-0.656024,-0.557107,0.190905,-0.017500,0.002500,0.007500,1.000000,2.286142,0.288989
54940.000000,-0.659089,-0.566257,0.195778,-0.016250,0.005000,0.008750,1.000000,2.293298,0.295145
54940.100000,-0.649671,-0.572056,0.195073,-0.013750,0.003750,0.011250,1.000000,2.288334,0.299421
54940.200000,-0.652643,-0.571616,0.192218,-0.011250,0.011250,0.011250,1.000000,2.285874,0.298430
54940.300000,-0.645548,-0.578105,0.189645,-0.010000,0.017500,0.010000,1.000000,2.279618,0.303396
54940.400000,-0.645098,-0.576718,0.193052,-0.007500,0.013750,0.013750,1.000000,2.278964,0.303383
54940.500000,-0.658277,-0.578019,0.197426,0.005000,0.046250,0.008750,1.000000,2.280529,0.302255
54940.600000,-0.648724,-0.584053,0.208115,0.012500,0.047500,0.010000,1.000000,2.277895,0.307299
54940.700000,-0.648221,-0.574179,0.218678,0.050000,0.026250,0.010000,1.000000,2.271438,0.302399
54940.800000,-0.633700,-0.553447,0.253300,0.148750,-0.011250,0.018750,1.000000,2.263052,0.297087
54940.900000,-0.637783,-0.494639,0.273547,0.335000,-0.058750,0.015000,1.000000,2.255556,0.272558
54941.000000,-0.626226,-0.403460,0.271071,0.548750,-0.131250,0.035000,1.000000,2.233100,0.233314
54941.100000,-0.600280,-0.248885,0.239135,0.746250,-0.146250,0.067500,1.000000,2.199021,0.158396
54941.200000,-0.569004,-0.059014,0.186085,0.861250,-0.307500,0.110000,1.000000,2.189707,0.070399
54941.300000,-0.458243,0.135657,0.136771,0.813750,-0.442500,0.153750,1.000000,2.161516,-0.034482
54941.400000,-0.337719,0.295923,0.086742,0.726250,-0.437500,0.157500,1.000000,2.094592,-0.142227
54941.500000,-0.222607,0.446088,0.028478,0.595000,-0.372500,0.166250,1.000000,2.024475,-0.235835
54941.600000,-0.082729,0.563966,-0.002281,0.502500,-0.560000,0.082500,1.000000,1.938272,-0.312927
54941.700000,0.088245,0.647704,-0.051205,0.312500,-0.505000,0.096250,1.000000,1.827787,-0.384618
54941.800000,0.243831,0.704053,-0.072297,0.095000,-0.441250,0.091250,1.000000,1.728547,-0.437215
54941.900000,0.389173,0.690013,-0.061742,-0.096250,-0.427500,0.051250,1.000000,1.637200,-0.459732
54942.000000,0.502707,0.647200,-0.042212,-0.206250,-0.170000,-0.011250,1.000000,1.539072,-0.460986
54942.100000,0.520866,0.599179,-0.034179,-0.177500,0.180000,-0.093750,1.000000,1.468806,-0.436957
54942.200000,0.396443,0.602575,-0.040099,-0.100000,0.597500,-0.178750,1.000000,1.498182,-0.394819
54942.300000,0.200031,0.576038,-0.019750,0.168750,0.788750,-0.318750,1.000000,1.565888,-0.349212
54942.400000,0.014948,0.578279,-0.041270,0.146250,1.031250,-0.210000,1.000000,1.658443,-0.321097
54942.500000,-0.204001,0.575244,-0.038667,0.165000,0.973750,-0.231250,1.000000,1.771876,-0.281163
54942.600000,-0.403501,0.580479,-0.039145,0.148750,0.993750,-0.222500,1.000000,1.879786,-0.247202
54942.700000,-0.609383,0.583125,-0.029513,0.093750,0.896250,-0.187500,1.000000,2.001445,-0.207739
54942.800000,-0.781558,0.569907,-0.007437,0.028750,0.693750,-0.141250,1.000000,2.107532,-0.172739
54942.900000,-0.903137,0.556979,0.024657,0.025000,0.268750,-0.085000,1.000000,2.199552,-0.142560
54943.000000,-0.888107,0.527099,0.059238,0.012500,-0.387500,0.026250,1.000000,2.210214,-0.131811
54943.100000,-0.724504,0.532128,0.058249,-0.162500,-0.915000,0.211250,1.000000,2.143606,-0.136941
54943.200000,-0.542796,0.512966,0.035717,-0.213750,-0.993750,0.235000,1.000000,2.029536,-0.148922
54943.300000,-0.320974,0.471504,0.036078,-0.238750,-1.033750,0.242500,1.000000,1.906451,-0.145393
54943.400000,-0.116977,0.415467,0.043674,-0.176250,-0.978750,0.215000,1.000000,1.767520,-0.141902
54943.500000,0.075993,0.388536,0.026590,-0.032500,-0.923750,0.177500,1.000000,1.650235,-0.146886
54943.600000,0.268771,0.384774,0.009615,0.090000,-0.818750,0.153750,1.000000,1.517777,-0.179175
54943.700000,0.422859,0.398809,-0.013622,0.153750,-0.573750,0.135000,1.000000,1.428487,-0.238072
54943.800000,0.542584,0.461258,-0.030154,0.145000,-0.257500,0.083750,1.000000,1.394790,-0.311940
54943.900000,0.594809,0.503652,-0.033743,0.013750,0.110000,0.028750,1.000000,1.402997,-0.367868
54944.000000,0.555492,0.530791,-0.022132,-0.103750,0.241250,-0.043750,1.000000,1.434967,-0.385027
54944.100000,0.478712,0.541735,-0.001132,-0.257500,0.431250,-0.076250,1.000000,1.476839,-0.381362
54944.200000,0.350637,0.482907,0.023352,-0.461250,0.466250,-0.083750,1.000000,1.591973,-0.337209
54944.300000,0.240935,0.372466,0.136188,-0.647500,0.510000,-0.071250,1.000000,1.689601,-0.280496
54944.400000,0.086998,0.252407,0.156096,-0.690000,0.481250,-0.078750,1.000000,1.826751,-0.195443
54944.500000,-0.046613,0.100430,0.199077,-0.762500,0.412500,-0.051250,1.000000,1.925946,-0.079076
54944.600000,-0.172127,-0.097183,0.226222,-0.735000,0.330000,-0.046250,1.000000,1.991473,0.051032
54944.700000,-0.285807,-0.276087,0.260925,-0.606250,0.242500,-0.050000,1.000000,2.054359,0.166021
54944.800000,-0.374651,-0.421882,0.279977,-0.427500,0.173750,-0.033750,1.000000,2.122216,0.249419
54944.900000,-0.458153,-0.529535,0.284565,-0.268750,0.077500,0.001250,1.000000,2.210568,0.297047
54945.000000,-0.480813,-0.566665,0.273929,-0.108750,-0.023750,0.015000,1.000000,2.238144,0.309138
54945.100000,-0.518280,-0.570097,0.191841,-0.020000,-0.027500,0.017500,1.000000,2.261154,0.313518
54945.200000,-0.509827,-0.580658,0.197301,-0.041250,-0.003750,0.020000,1.000000,2.250536,0.317711
54945.300000,-0.517539,-0.582849,0.190202,-0.020000,-0.003750,0.001250,1.000000,2.254170,0.315946
54945.400000,-0.513972,-0.582722,0.189567,-0.022500,-0.003750,0.016250,1.000000,2.248556,0.315681
54945.500000,-0.516722,-0.586427,0.185223,-0.016250,0.007500,0.018750,1.000000,2.246518,0.318052
54945.600000,-0.525545,-0.591567,0.197013,-0.006250,0.007500,0.015000,1.000000,2.264140,0.319553
54945.700000,-0.526381,-0.582896,0.193802,0.001250,0.007500,0.015000,1.000000,2.254915,0.314963
54945.800000,-0.524720,-0.575391,0.189716,0.001250,0.003750,0.015000,1.000000,2.251046,0.310467
54945.900000,-0.520914,-0.571368,0.184731,0.002500,0.007500,0.012500,1.000000,2.244271,0.309247
54946.000000,-0.535727,-0.571090,0.191334,0.002500,0.010000,0.015000,1.000000,2.260402,0.306492
54946.100000,-0.530974,-0.571789,0.188921,0.005000,0.012500,0.015000,1.000000,2.257207,0.309524
54946.200000,-0.540172,-0.566749,0.192589,0.006250,0.013750,0.012500,1.000000,2.263136,0.304759
54946.300000,-0.545294,-0.557645,0.193185,0.006250,0.012500,0.012500,1.000000,2.264323,0.298206
54946.400000,-0.549087,-0.550495,0.189575,0.001250,0.012500,0.015000,1.000000,2.261387,0.294013
54946.500000,-0.548551,-0.553556,0.188789,-0.002500,0.010000,0.015000,1.000000,2.261430,0.296450
54946.600000,-0.552373,-0.557797,0.193777,-0.001250,0.008750,0.010000,1.000000,2.267775,0.298926
54946.700000,-0.555865,-0.564836,0.199865,-0.002500,0.005000,0.007500,1.000000,2.277822,0.303101
54946.800000,-0.544438,-0.563948,0.193142,-0.005000,0.006250,0.007500,1.000000,2.264218,0.305475
54946.900000,-0.542371,-0.555544,0.189270,-0.006250,0.007500,0.005000,1.000000,2.256003,0.300918
54947.000000,-0.536633,-0.553310,0.183646,-0.007500,0.012500,0.007500,1.000000,2.247994,0.301169
54947.100000,-0.531914,-0.557694,0.182444,-0.008750,0.015000,0.008750,1.000000,2.244236,0.305256
54947.200000,-0.524508,-0.561690,0.180470,-0.008750,0.016250,0.008750,1.000000,2.236630,0.309484
54947.300000,-0.526979,-0.561979,0.184085,-0.008750,0.017500,0.008750,1.000000,2.241370,0.309039
54947.400000,-0.528795,-0.557356,0.182637,-0.008750,0.017500,0.007500,1.000000,2.239469,0.306630
54947.500000,-0.531149,-0.543278,0.177684,-0.007500,0.016250,0.008750,1.000000,2.230891,0.297654
54947.600000,-0.542113,-0.539616,0.181399,-0.006250,0.016250,0.007500,1.000000,2.239706,0.293341
54947.700000,-0.551481,-0.531728,0.183528,-0.006250,0.015000,0.008750,1.000000,2.246015,0.286448
54947.800000,-0.554437,-0.526101,0.182948,-0.006250,0.012500,0.007500,1.000000,2.243520,0.283363
54947.900000,-0.554647,-0.516950,0.177702,-0.007500,0.011250,0.007500,1.000000,2.237696,0.277816
54948.000000,-0.569070,-0.514490,0.185665,-0.008750,0.012500,0.007500,1.000000,2.253265,0.274770
54948.100000,-0.572822,-0.517337,0.187600,-0.008750,0.013750,0.007500,1.000000,2.258616,0.276278
54948.200000,-0.574267,-0.522412,0.191310,-0.010000,0.016250,0.010000,1.000000,2.264404,0.279484
54948.300000,-0.573028,-0.527868,0.191952,-0.010000,0.017500,0.010000,1.000000,2.266731,0.283456
54948.400000,-0.571904,-0.525257,0.191145,-0.011250,0.017500,0.010000,1.000000,2.263412,0.281856
54948.500000,-0.566433,-0.533798,0.190866,-0.012500,0.016250,0.010000,1.000000,2.260769,0.288739
54948.600000,-0.559136,-0.539101,0.189907,-0.012500,0.013750,0.010000,1.000000,2.257204,0.293447
54948.700000,-0.571013,-0.543119,0.200211,-0.012500,0.011250,0.010000,1.000000,2.274069,0.293441
54948.800000,-0.564310,-0.542025,0.195074,-0.012500,0.008750,0.010000,1.000000,2.265243,0.292705
54948.900000,-0.563961,-0.536215,0.192382,-0.013750,0.007500,0.010000,1.000000,2.261307,0.289675
54949.000000,-0.563963,-0.530352,0.186532,-0.012500,0.003750,0.008750,1.000000,2.254295,0.285035
54949.100000,-0.567737,-0.526432,0.187393,-0.013750,0.003750,0.008750,1.000000,2.254587,0.281926
54949.200000,-0.565351,-0.530731,0.185490,-0.013750,0.003750,0.008750,1.000000,2.252389,0.284644
54949.300000,-0.577257,-0.535874,0.195029,-0.013750,0.005000,0.010000,1.000000,2.269089,0.285520
54949.400000,-0.587379,-0.528356,0.195013,-0.013750,0.007500,0.008750,1.000000,2.273999,0.278022
54949.500000,-0.588474,-0.524103,0.191447,-0.013750,0.006250,0.007500,1.000000,2.270735,0.275208
54949.600000,-0.588569,-0.521173,0.189866,-0.013750,0.006250,0.007500,1.000000,2.268094,0.274242
54949.700000,-0.590188,-0.520962,0.191251,-0.012500,0.003750,0.006250,1.000000,2.268406,0.274040
54949.800000,-0.596134,-0.522932,0.196194,-0.015000,0.008750,0.007500,1.000000,2.277341,0.274453
54949.900000,-0.595989,-0.532720,0.200659,-0.013750,0.006250,0.007500,1.000000,2.283681,0.280288
54950.000000,-0.601377,-0.531863,0.216742,-0.011250,0.005000,0.010000,1.000000,2.293546,0.277362
54950.100000,-0.588952,-0.519667,0.229895,0.018750,0.000000,0.001250,1.000000,2.279610,0.276455
54950.200000,-0.580783,-0.515992,0.269181,0.095000,-0.058750,0.008750,1.000000,2.282751,0.277116
54950.300000,-0.560384,-0.484255,0.278619,0.225000,-0.083750,0.023750,1.000000,2.261523,0.270472
54950.400000,-0.539519,-0.421053,0.272553,0.392500,-0.175000,0.030000,1.000000,2.234635,0.248410
54950.500000,-0.501863,-0.318783,0.250688,0.546250,-0.285000,0.038750,1.000000,2.191420,0.206355
54950.600000,-0.429679,-0.173559,0.205244,0.652500,-0.385000,0.046250,1.000000,2.127081,0.138963
54950.700000,-0.328724,-0.028306,0.151540,0.672500,-0.405000,0.043750,1.000000,2.031515,0.056186
54950.800000,-0.227261,0.115506,0.104290,0.656250,-0.433750,0.047500,1.000000,1.941536,-0.036369
54950.900000,-0.096959,0.256243,0.047628,0.607500,-0.465000,0.075000,1.000000,1.845315,-0.137260
54951.000000,0.024194,0.381515,-0.030217,0.475000,-0.391250,0.082500,1.000000,1.739717,-0.220692
54951.100000,0.129575,0.472383,-0.106212,0.212500,-0.340000,0.096250,1.000000,1.647946,-0.287855
54951.200000,0.241393,0.531395,-0.106409,0.046250,-0.020000,0.041250,1.000000,1.555876,-0.328303
54951.300000,0.255329,0.556138,-0.167967,-0.165000,0.375000,-0.027500,1.000000,1.538847,-0.344887
54951.400000,0.173321,0.529903,-0.003996,-0.275000,1.031250,-0.025000,1.000000,1.576612,-0.324708
54951.500000,0.052518,0.526479,0.052498,-0.235000,1.038750,-0.030000,1.000000,1.663138,-0.295864
54951.600000,-0.105983,0.513514,0.056976,-0.227500,1.072500,-0.028750,1.000000,1.743842,-0.252264
54951.700000,-0.285492,0.490458,0.076783,-0.197500,1.137500,-0.042500,1.000000,1.840069,-0.201429
54951.800000,-0.461269,0.482489,0.100217,-0.143750,1.127500,-0.050000,1.000000,1.943705,-0.162837
54951.900000,-0.619186,0.478537,0.154122,-0.038750,1.042500,-0.060000,1.000000,2.046807,-0.136519
54952.000000,-0.789892,0.480517,0.149249,-0.088750,0.721250,0.012500,1.000000,2.165975,-0.123278
54952.100000,-0.859706,0.466883,0.236663,-0.073750,0.326250,0.093750,1.000000,2.214727,-0.115770
54952.200000,-0.853774,0.470584,0.120317,-0.087500,-0.428750,0.098750,1.000000,2.221759,-0.119819
54952.300000,-0.819252,0.461339,0.115827,-0.107500,-0.771250,0.147500,1.000000,2.195096,-0.118968
54952.400000,-0.641683,0.443878,0.060661,-0.143750,-1.050000,0.216250,1.000000,2.096843,-0.133707
54952.500000,-0.403932,0.403310,0.049779,-0.172500,-1.255000,0.238750,1.000000,1.945635,-0.130250
54952.600000,-0.163785,0.362199,0.042779,-0.177500,-1.201250,0.212500,1.000000,1.792160,-0.118143
54952.700000,0.064093,0.333023,0.039031,-0.138750,-1.071250,0.195000,1.000000,1.652969,-0.113397
54952.800000,0.272028,0.299671,0.029033,-0.010000,-0.977500,0.153750,1.000000,1.500257,-0.116919
54952.900000,0.454518,0.285999,-0.013023,0.166250,-0.935000,0.170000,1.000000,1.378155,-0.145624
54953.000000,0.658119,0.317013,-0.043516,0.290000,-0.691250,0.158750,1.000000,1.294148,-0.231206
54953.100000,0.781388,0.387250,-0.089396,0.223750,-0.062500,0.120000,1.000000,1.262875,-0.318554
54953.200000,0.813521,0.468946,-0.035153,0.078750,0.260000,0.045000,1.000000,1.319885,-0.382708
54953.300000,0.786206,0.513382,-0.011343,-0.106250,0.530000,-0.031250,1.000000,1.361137,-0.427145
54953.400000,0.706672,0.500574,0.006575,-0.261250,0.581250,-0.075000,1.000000,1.409116,-0.421759
54953.500000,0.564475,0.412989,0.034391,-0.395000,0.570000,-0.090000,1.000000,1.517664,-0.369603
54953.600000,0.449254,0.303300,0.073522,-0.530000,0.583750,-0.052500,1.000000,1.642717,-0.305045
54953.700000,0.320594,0.200241,0.110756,-0.660000,0.698750,-0.085000,1.000000,1.755804,-0.217989
54953.800000,0.150875,0.039578,0.130818,-0.797500,0.658750,-0.071250,1.000000,1.835130,-0.074698
54953.900000,0.039082,-0.168477,0.174526,-0.788750,0.388750,-0.078750,1.000000,1.889262,0.072466
54954.000000,-0.095830,-0.381450,0.205935,-0.623750,0.357500,-0.085000,1.000000,1.933318,0.212806
54954.100000,-0.239779,-0.533625,0.208016,-0.435000,0.251250,-0.042500,1.000000,2.038900,0.316931
54954.200000,-0.337117,-0.630853,0.212723,-0.282500,0.122500,0.025000,1.000000,2.143500,0.358782
54954.300000,-0.362616,-0.662304,0.198018,-0.166250,0.071250,0.036250,1.000000,2.178799,0.366088
54954.400000,-0.387968,-0.678435,0.182680,-0.115000,0.052500,0.015000,1.000000,2.204559,0.375327
54954.500000,-0.399895,-0.705021,0.186439,-0.121250,0.011250,0.010000,1.000000,2.226941,0.383348
54954.600000,-0.396293,-0.719725,0.186757,-0.093750,0.007500,-0.005000,1.000000,2.233377,0.388539
54954.700000,-0.400940,-0.737326,0.187437,-0.075000,0.002500,0.002500,1.000000,2.240877,0.391573
54954.800000,-0.392175,-0.741660,0.186982,-0.047500,-0.008750,0.007500,1.000000,2.234568,0.392314
54954.900000,-0.387030,-0.751837,0.188474,-0.027500,-0.000000,0.016250,1.000000,2.239111,0.398707
54955.000000,-0.388785,-0.755833,0.196181,-0.016250,0.026250,0.015000,1.000000,2.248124,0.400481
54955.100000,-0.390251,-0.752436,0.200455,-0.010000,0.023750,0.021250,1.000000,2.247577,0.398655
54955.200000,-0.403506,-0.742955,0.198732,-0.006250,0.013750,0.023750,1.000000,2.249496,0.388186
54955.300000,-0.402059,-0.739188,0.194272,-0.002500,0.003750,0.021250,1.000000,2.243763,0.387125
54955.400000,-0.408340,-0.733548,0.193536,0.005000,-0.005000,0.013750,1.000000,2.241222,0.383660
54955.500000,-0.405826,-0.730107,0.192247,0.006250,-0.001250,0.006250,1.000000,2.238824,0.383324
54955.600000,-0.408236,-0.727134,0.187355,0.003750,-0.008750,0.007500,1.000000,2.237048,0.382132
54955.700000,-0.417167,-0.712382,0.183772,0.000000,-0.003750,0.002500,1.000000,2.231293,0.369593
54955.800000,-0.403217,-0.709845,0.177086,0.000000,-0.010000,0.001250,1.000000,2.216809,0.372640
54955.900000,-0.406353,-0.711618,0.177424,0.001250,-0.013750,-0.000000,1.000000,2.219367,0.373704
54956.000000,-0.404570,-0.707448,0.174172,0.001250,0.002500,-0.002500,1.000000,2.215757,0.372939
54956.100000,-0.409818,-0.704178,0.172729,0.000000,0.010000,0.001250,1.000000,2.214160,0.370305
54956.200000,-0.414206,-0.707649,0.174907,-0.003750,0.026250,0.006250,1.000000,2.220716,0.372058
54956.300000,-0.425760,-0.706176,0.178994,-0.006250,0.020000,0.012500,1.000000,2.229472,0.370063
54956.400000,-0.438605,-0.704111,0.184367,-0.007500,0.021250,0.010000,1.000000,2.239833,0.365222
54956.500000,-0.446867,-0.702766,0.185768,-0.011250,0.023750,0.011250,1.000000,2.247634,0.364796
54956.600000,-0.458324,-0.699635,0.186002,-0.013750,0.015000,0.011250,1.000000,2.253298,0.359571
54956.700000,-0.467530,-0.696828,0.185125,-0.017500,0.015000,0.010000,1.000000,2.255672,0.355606
54956.800000,-0.465332,-0.703626,0.189356,-0.021250,0.007500,0.013750,1.000000,2.258367,0.362313
54956.900000,-0.474948,-0.707577,0.193103,-0.030000,0.003750,0.013750,1.000000,2.264159,0.360278
54957.000000,-0.466862,-0.705225,0.193784,-0.028750,-0.018750,0.008750,1.000000,2.262048,0.362002
54957.100000,-0.459739,-0.707826,0.189410,-0.018750,-0.003750,0.002500,1.000000,2.258188,0.362841
54957.200000,-0.455006,-0.708848,0.190278,-0.021250,-0.001250,0.012500,1.000000,2.255568,0.367376
54957.300000,-0.447062,-0.712930,0.189467,-0.021250,-0.005000,0.020000,1.000000,2.247818,0.370212
54957.400000,-0.447682,-0.713594,0.191628,-0.015000,0.005000,0.020000,1.000000,2.248936,0.371672
54957.500000,-0.439982,-0.711957,0.190206,-0.010000,0.003750,0.023750,1.000000,2.244158,0.371125
54957.600000,-0.447872,-0.710297,0.190249,-0.005000,0.021250,0.023750,1.000000,2.248877,0.366391
54957.700000,-0.443041,-0.701262,0.186466,0.006250,0.023750,0.022500,1.000000,2.242490,0.364101
54957.800000,-0.456919,-0.707219,0.192268,0.007500,0.031250,0.027500,1.000000,2.251789,0.364123
54957.900000,-0.462717,-0.699415,0.190772,0.000000,0.027500,0.032500,1.000000,2.243856,0.358829
54958.000000,-0.469357,-0.690804,0.186686,0.005000,0.030000,0.020000,1.000000,2.242038,0.349831
54958.100000,-0.475694,-0.684302,0.184242,0.007500,0.031250,0.013750,1.000000,2.241710,0.345307
54958.200000,-0.487479,-0.677128,0.183282,0.002500,0.031250,0.015000,1.000000,2.245275,0.337678
54958.300000,-0.501985,-0.675826,0.188489,0.000000,0.035000,0.012500,1.000000,2.255356,0.335999
54958.400000,-0.507543,-0.672807,0.188879,-0.002500,0.021250,0.020000,1.000000,2.254299,0.334674
54958.500000,-0.521612,-0.673104,0.192099,-0.007500,0.028750,0.026250,1.000000,2.266023,0.332047
54958.600000,-0.527059,-0.664737,0.188945,-0.008750,0.027500,0.027500,1.000000,2.266966,0.326861
54958.700000,-0.531850,-0.665821,0.191829,-0.011250,0.025000,0.026250,1.000000,2.274345,0.328584
54958.800000,-0.531061,-0.668993,0.191106,-0.012500,0.016250,0.026250,1.000000,2.274404,0.331146
54958.900000,-0.540711,-0.672124,0.195119,-0.012500,0.021250,0.023750,1.000000,2.284572,0.331019
54959.000000,-0.540126,-0.674750,0.196298,-0.013750,0.022500,0.021250,1.000000,2.286063,0.332899
54959.100000,-0.536630,-0.671696,0.191243,-0.015000,0.018750,0.018750,1.000000,2.277402,0.331744
54959.200000,-0.540141,-0.665833,0.193313,-0.013750,0.026250,0.006250,1.000000,2.280542,0.327430
54959.300000,-0.532087,-0.671464,0.192503,-0.008750,0.008750,0.000000,1.000000,2.277233,0.332534
54959.400000,-0.536502,-0.669034,0.190775,-0.011250,0.021250,-0.003750,1.000000,2.274950,0.329883
54959.500000,-0.541104,-0.664539,0.194064,-0.013750,0.020000,-0.003750,1.000000,2.278017,0.325673
54959.600000,-0.535057,-0.674327,0.197739,-0.012500,0.002500,-0.012500,1.000000,2.281274,0.334574
54959.700000,-0.530207,-0.679219,0.207118,0.003750,0.047500,-0.013750,1.000000,2.275613,0.339727
54959.800000,-0.511909,-0.678608,0.224543,0.060000,-0.017500,-0.018750,1.000000,2.267675,0.341552
54959.900000,-0.478400,-0.659314,0.256471,0.181250,-0.047500,-0.038750,1.000000,2.253370,0.342571
54960.000000,-0.440365,-0.622589,0.266402,0.348750,-0.108750,-0.081250,1.000000,2.224146,0.336455
54960.100000,-0.414675,-0.541420,0.253004,0.526250,-0.202500,-0.121250,1.000000,2.177760,0.312919
54960.200000,-0.375603,-0.445609,0.209764,0.677500,-0.288750,-0.131250,1.000000,2.101799,0.274571
54960.300000,-0.301635,-0.292615,0.135772,0.783750,-0.457500,-0.076250,1.000000,2.007552,0.192261
54960.400000,-0.160561,-0.125936,0.090174,0.770000,-0.463750,0.063750,1.000000,1.883470,0.067365
54960.500000,-0.004893,0.039634,0.037774,0.728750,-0.533750,0.166250,1.000000,1.784112,-0.051275
54960.600000,0.161047,0.177479,-0.047276,0.595000,-0.490000,0.226250,1.000000,1.658645,-0.144527
54960.700000,0.301401,0.265347,-0.061098,0.483750,-0.307500,0.228750,1.000000,1.538608,-0.241363
54960.800000,0.421264,0.398070,-0.118966,0.358750,-0.197500,0.250000,1.000000,1.442977,-0.322727
54960.900000,0.512172,0.507111,-0.154668,0.216250,0.153750,0.217500,1.000000,1.410509,-0.406545
54961.000000,0.421951,0.584092,-0.183114,0.026250,0.917500,0.152500,1.000000,1.473533,-0.440661
54961.100000,0.276602,0.589792,-0.162449,0.086250,1.096250,-0.008750,1.000000,1.562839,-0.416949
54961.200000,0.079739,0.600891,-0.134202,0.077500,1.166250,-0.073750,1.000000,1.685973,-0.364407
54961.300000,-0.131939,0.615190,-0.115088,0.088750,1.197500,-0.138750,1.000000,1.788069,-0.317723
54961.400000,-0.361161,0.656104,-0.066016,0.171250,1.176250,-0.173750,1.000000,1.921203,-0.292110
54961.500000,-0.577905,0.728417,-0.095948,0.142500,1.002500,-0.117500,1.000000,2.058267,-0.263631
54961.600000,-0.772733,0.734365,-0.065025,0.047500,0.858750,-0.043750,1.000000,2.183472,-0.240639
54961.700000,-0.914258,0.722439,-0.027849,-0.076250,0.521250,0.093750,1.000000,2.259468,-0.203941
54961.800000,-0.893214,0.707699,0.047788,-0.105000,-0.263750,0.217500,1.000000,2.273671,-0.196751
54961.900000,-0.809862,0.706761,0.121240,-0.321250,-0.506250,0.392500,1.000000,2.265623,-0.205532
54962.000000,-0.725889,0.710165,0.119590,-0.335000,-0.908750,0.452500,1.000000,2.231329,-0.216314
54962.100000,-0.516320,0.664577,0.090527,-0.392500,-1.063750,0.515000,1.000000,2.135978,-0.239178
54962.200000,-0.285814,0.600847,0.076816,-0.388750,-1.040000,0.472500,1.000000,1.994626,-0.248126
54962.300000,-0.070172,0.534580,0.044216,-0.360000,-1.035000,0.397500,1.000000,1.861273,-0.245335
54962.400000,0.159193,0.479114,0.040186,-0.282500,-0.937500,0.315000,1.000000,1.720231,-0.262545
54962.500000,0.341951,0.422708,0.027608,-0.166250,-0.832500,0.248750,1.000000,1.592940,-0.276896
54962.600000,0.536998,0.388646,-0.007754,0.010000,-0.801250,0.177500,1.000000,1.474727,-0.305713
54962.700000,0.696563,0.389711,-0.057650,0.105000,-0.582500,0.125000,1.000000,1.383557,-0.367457
54962.800000,0.840730,0.407662,-0.080722,0.111250,-0.133750,-0.008750,1.000000,1.333021,-0.432156
54962.900000,0.824839,0.448030,-0.036188,0.081250,0.171250,-0.191250,1.000000,1.348491,-0.470854
54963.000000,0.787680,0.512560,-0.040320,-0.108750,0.381250,-0.208750,1.000000,1.413284,-0.520719
54963.100000,0.702555,0.513958,-0.030383,-0.343750,0.541250,-0.251250,1.000000,1.470484,-0.506095
54963.200000,0.528669,0.433298,-0.012797,-0.552500,0.767500,-0.286250,1.000000,1.574258,-0.433627
54963.300000,0.374760,0.306023,0.035161,-0.665000,0.722500,-0.331250,1.000000,1.691034,-0.353342
54963.400000,0.227299,0.159239,0.075066,-0.808750,0.776250,-0.312500,1.000000,1.802047,-0.252603
54963.500000,0.084399,-0.013771,0.104528,-0.856250,0.831250,-0.330000,1.000000,1.894815,-0.110816
54963.600000,-0.079979,-0.221882,0.143355,-0.837500,0.742500,-0.316250,1.000000,1.977458,0.040292
54963.700000,-0.200993,-0.412139,0.154373,-0.741250,0.570000,-0.222500,1.000000,2.054568,0.181435
54963.800000,-0.329809,-0.607691,0.187015,-0.560000,0.371250,-0.175000,1.000000,2.124505,0.316406
54963.900000,-0.404865,-0.743108,0.223744,-0.336250,0.235000,-0.092500,1.000000,2.199555,0.377698
54964.000000,-0.409032,-0.808167,0.224658,-0.152500,0.003750,-0.026250,1.000000,2.235667,0.399694
54964.100000,-0.397054,-0.813343,0.195980,-0.070000,0.033750,0.021250,1.000000,2.238195,0.410602
54964.200000,-0.394858,-0.811082,0.186163,-0.030000,0.043750,0.026250,1.000000,2.240909,0.416021
54964.300000,-0.405943,-0.813217,0.182138,-0.028750,0.003750,0.028750,1.000000,2.244336,0.413583
54964.400000,-0.410224,-0.811988,0.180083,-0.020000,0.003750,0.026250,1.000000,2.242400,0.409349
54964.500000,-0.412035,-0.814766,0.179411,-0.013750,0.007500,0.013750,1.000000,2.247699,0.410748
54964.600000,-0.414199,-0.815835,0.179720,-0.012500,0.015000,0.006250,1.000000,2.248508,0.410386
54964.700000,-0.415062,-0.815182,0.177459,-0.008750,0.015000,0.002500,1.000000,2.247321,0.408865
54964.800000,-0.418818,-0.807907,0.176541,-0.008750,0.010000,0.007500,1.000000,2.247694,0.404385
54964.900000,-0.418696,-0.813147,0.179770,-0.010000,0.013750,0.008750,1.000000,2.252091,0.408434
54965.000000,-0.417385,-0.813711,0.179058,-0.011250,0.015000,0.010000,1.000000,2.249966,0.409523
54965.100000,-0.418888,-0.811400,0.175520,-0.006250,0.011250,0.010000,1.000000,2.246593,0.406966
54965.200000,-0.419091,-0.814175,0.178788,-0.006250,0.007500,0.011250,1.000000,2.249690,0.408839
54965.300000,-0.416045,-0.805777,0.173761,-0.007500,0.011250,0.017500,1.000000,2.239517,0.404388
54965.400000,-0.418684,-0.806005,0.174619,-0.007500,0.006250,0.017500,1.000000,2.241311,0.404191
54965.500000,-0.418897,-0.801435,0.171729,-0.008750,0.000000,0.018750,1.000000,2.239412,0.401555
54965.600000,-0.419558,-0.797660,0.170698,-0.010000,0.001250,0.015000,1.000000,2.236319,0.398838
54965.700000,-0.424992,-0.795030,0.173090,-0.010000,0.000000,0.013750,1.000000,2.240558,0.395211
54965.800000,-0.428942,-0.794923,0.176616,-0.012500,0.005000,0.015000,1.000000,2.246062,0.393750
54965.900000,-0.439773,-0.796754,0.181581,-0.015000,0.005000,0.016250,1.000000,2.259118,0.391650
54966.000000,-0.441161,-0.795162,0.180797,-0.015000,0.007500,0.015000,1.000000,2.260316,0.391070
54966.100000,-0.450818,-0.794038,0.182578,-0.015000,0.008750,0.011250,1.000000,2.265751,0.387609
54966.200000,-0.447233,-0.796310,0.182523,-0.015000,0.008750,0.011250,1.000000,2.264337,0.390114
54966.300000,-0.448730,-0.793215,0.179770,-0.013750,0.008750,0.010000,1.000000,2.260337,0.387052
54966.400000,-0.442610,-0.791743,0.174272,-0.011250,0.007500,0.011250,1.000000,2.249358,0.386852
54966.500000,-0.439171,-0.792679,0.171113,-0.008750,0.006250,0.008750,1.000000,2.245219,0.387535
54966.600000,-0.440121,-0.793781,0.169610,-0.005000,0.008750,0.003750,1.000000,2.244727,0.387510
54966.700000,-0.428076,-0.798442,0.170172,-0.002500,0.007500,0.003750,1.000000,2.240016,0.394977
54966.800000,-0.428648,-0.798297,0.170969,-0.007500,0.010000,0.002500,1.000000,2.239098,0.395045
54966.900000,-0.421725,-0.800994,0.167953,-0.010000,0.006250,0.007500,1.000000,2.234282,0.397463
54967.000000,-0.425418,-0.800304,0.167678,-0.008750,0.005000,0.002500,1.000000,2.234786,0.395478
54967.100000,-0.417063,-0.809611,0.172518,-0.008750,0.001250,0.002500,1.000000,2.237963,0.403393
54967.200000,-0.417820,-0.824292,0.182310,-0.011250,-0.000000,0.002500,1.000000,2.254782,0.413349
54967.300000,-0.419097,-0.822560,0.181662,-0.013750,-0.001250,0.005000,1.000000,2.254294,0.411811
54967.400000,-0.422997,-0.820458,0.183717,-0.016250,-0.006250,0.008750,1.000000,2.259198,0.409951
54967.500000,-0.423939,-0.820998,0.181768,-0.016250,-0.007500,0.006250,1.000000,2.258040,0.409546
54967.600000,-0.421044,-0.823670,0.180715,-0.012500,-0.006250,0.008750,1.000000,2.257725,0.410940
54967.700000,-0.427439,-0.826999,0.186340,-0.008750,-0.007500,0.005000,1.000000,2.268468,0.411609
54967.800000,-0.424910,-0.827085,0.186388,-0.010000,-0.007500,0.012500,1.000000,2.268529,0.411675
54967.900000,-0.431069,-0.820451,0.182630,-0.011250,0.000000,0.016250,1.000000,2.268014,0.407868
54968.000000,-0.427052,-0.816020,0.177296,-0.010000,-0.002500,0.018750,1.000000,2.259554,0.404404
54968.100000,-0.423339,-0.818740,0.177581,-0.011250,-0.005000,0.025000,1.000000,2.258535,0.407295
54968.200000,-0.420255,-0.822817,0.177387,-0.012500,-0.007500,0.028750,1.000000,2.256714,0.410305
54968.300000,-0.418773,-0.817643,0.170667,-0.012500,-0.008750,0.028750,1.000000,2.248344,0.405014
54968.400000,-0.417135,-0.815668,0.170328,-0.012500,-0.007500,0.025000,1.000000,2.245814,0.403745
54968.500000,-0.411373,-0.815781,0.166809,-0.015000,-0.003750,0.025000,1.000000,2.240862,0.404973
54968.600000,-0.416410,-0.820982,0.171906,-0.016250,-0.001250,0.023750,1.000000,2.249677,0.406689
54968.700000,-0.414368,-0.827002,0.177235,-0.016250,-0.003750,0.021250,1.000000,2.254038,0.408987
54968.800000,-0.418628,-0.826416,0.178020,-0.017500,0.002500,0.017500,1.000000,2.256763,0.406634
54968.900000,-0.420766,-0.827336,0.178398,-0.016250,0.012500,0.011250,1.000000,2.258656,0.404619
54969.000000,-0.417443,-0.830590,0.180788,-0.016250,0.025000,0.006250,1.000000,2.260053,0.406207
54969.100000,-0.412059,-0.834854,0.192357,-0.008750,0.035000,-0.001250,1.000000,2.261286,0.409965
54969.200000,-0.403137,-0.835952,0.220194,0.035000,0.001250,-0.010000,1.000000,2.263605,0.411636
54969.300000,-0.389254,-0.815344,0.254125,0.158750,-0.005000,-0.046250,1.000000,2.256283,0.406895
54969.400000,-0.380095,-0.766343,0.268841,0.345000,-0.023750,-0.086250,1.000000,2.237189,0.393845
54969.500000,-0.376897,-0.691360,0.260482,0.548750,-0.117500,-0.105000,1.000000,2.198117,0.368048
54969.600000,-0.347560,-0.573662,0.222771,0.726250,-0.260000,-0.106250,1.000000,2.131794,0.322796
54969.700000,-0.276972,-0.411293,0.176270,0.843750,-0.391250,-0.070000,1.000000,2.042196,0.242266
54969.800000,-0.154507,-0.223104,0.132385,0.887500,-0.463750,-0.011250,1.000000,1.933699,0.116133
54969.900000,-0.022220,-0.046218,0.082353,0.870000,-0.500000,0.072500,1.000000,1.823199,-0.000472
54970.000000,0.112450,0.115799,0.016896,0.808750,-0.476250,0.141250,1.000000,1.716995,-0.106850
54970.100000,0.240502,0.258517,-0.058561,0.627500,-0.417500,0.207500,1.000000,1.616452,-0.201909
54970.200000,0.373290,0.354318,-0.071153,0.451250,-0.461250,0.190000,1.000000,1.515557,-0.281823
54970.300000,0.499388,0.462521,-0.091666,0.246250,-0.266250,0.245000,1.000000,1.445907,-0.360741
54970.400000,0.593023,0.513281,-0.075425,0.106250,-0.187500,0.245000,1.000000,1.419456,-0.405604
54970.500000,0.628147,0.519196,-0.074826,0.002500,0.147500,0.172500,1.000000,1.417966,-0.416524
54970.600000,0.551504,0.533717,-0.057947,-0.060000,0.652500,0.037500,1.000000,1.464423,-0.390224
54970.700000,0.355675,0.531157,0.061499,0.161250,1.031250,-0.133750,1.000000,1.573704,-0.341709
54970.800000,0.154367,0.557391,0.088753,0.278750,1.020000,-0.252500,1.000000,1.679553,-0.306313
54970.900000,-0.072912,0.586156,0.097465,0.341250,1.041250,-0.263750,1.000000,1.787915,-0.279164
54971.000000,-0.290836,0.639476,0.061145,0.358750,1.100000,-0.208750,1.000000,1.898940,-0.260266
54971.100000,-0.502019,0.649657,0.060346,0.357500,1.018750,-0.235000,1.000000,2.006782,-0.227432
54971.200000,-0.703265,0.672130,0.053990,0.282500,1.038750,-0.202500,1.000000,2.099230,-0.206427
54971.300000,-0.886369,0.702127,0.075617,0.233750,0.777500,-0.118750,1.000000,2.196089,-0.190211
54971.400000,-0.995942,0.696635,0.090336,0.218750,0.231250,-0.005000,1.000000,2.258976,-0.168135
54971.500000,-0.993389,0.719019,-0.000618,-0.072500,-0.228750,0.158750,1.000000,2.268439,-0.178094
54971.600000,-0.965843,0.720514,0.017753,-0.182500,-0.535000,0.282500,1.000000,2.265552,-0.185223
54971.700000,-0.861400,0.740253,0.030388,-0.200000,-0.998750,0.402500,1.000000,2.251817,-0.206854
54971.800000,-0.661509,0.740152,0.026814,-0.320000,-1.151250,0.518750,1.000000,2.186362,-0.251370
54971.900000,-0.423013,0.708358,0.012604,-0.358750,-1.291250,0.533750,1.000000,2.061039,-0.293116
54972.000000,-0.171294,0.675832,0.022781,-0.322500,-1.222500,0.480000,1.000000,1.922616,-0.328346
54972.100000,0.067199,0.626936,0.026070,-0.262500,-1.137500,0.423750,1.000000,1.789006,-0.347558
54972.200000,0.307518,0.592374,0.009041,-0.123750,-1.221250,0.338750,1.000000,1.651949,-0.383108
54972.300000,0.546521,0.573297,-0.004552,0.017500,-1.112500,0.261250,1.000000,1.525238,-0.444237
54972.400000,0.756200,0.569054,-0.036761,0.052500,-0.751250,0.192500,1.000000,1.425526,-0.520656
54972.500000,0.900303,0.554193,-0.042861,0.018750,-0.223750,0.042500,1.000000,1.360232,-0.582630
54972.600000,0.934433,0.559624,-0.038433,0.026250,-0.001250,-0.107500,1.000000,1.344344,-0.603669
54972.700000,0.898458,0.582248,-0.032628,-0.118750,0.335000,-0.185000,1.000000,1.384631,-0.612038
54972.800000,0.805151,0.571084,-0.046414,-0.338750,0.413750,-0.277500,1.000000,1.441332,-0.590403
54972.900000,0.692413,0.483416,-0.006117,-0.605000,0.472500,-0.308750,1.000000,1.508825,-0.524309
54973.000000,0.549586,0.328834,0.037364,-0.821250,0.707500,-0.272500,1.000000,1.618243,-0.411732
54973.100000,0.402969,0.152098,0.074093,-0.926250,0.708750,-0.266250,1.000000,1.723621,-0.265465
54973.200000,0.252780,-0.039954,0.105233,-0.971250,0.703750,-0.261250,1.000000,1.815040,-0.100471
54973.300000,0.098181,-0.244545,0.135088,-0.918750,0.587500,-0.251250,1.000000,1.893812,0.063524
54973.400000,-0.036840,-0.449801,0.163327,-0.832500,0.527500,-0.220000,1.000000,1.970109,0.210093
54973.500000,-0.145049,-0.641784,0.200404,-0.645000,0.328750,-0.166250,1.000000,2.046748,0.340089
54973.600000,-0.210247,-0.795079,0.228836,-0.421250,0.228750,-0.052500,1.000000,2.122760,0.431693
54973.700000,-0.250147,-0.855131,0.207834,-0.180000,0.151250,-0.016250,1.000000,2.175108,0.462992
54973.800000,-0.278109,-0.862548,0.187491,-0.070000,0.111250,-0.003750,1.000000,2.192559,0.466865
54973.900000,-0.304911,-0.873437,0.184078,-0.025000,0.122500,-0.001250,1.000000,2.209065,0.469295
54974.000000,-0.325542,-0.873789,0.177350,-0.001250,0.095000,-0.001250,1.000000,2.218482,0.466418
54974.100000,-0.325817,-0.865314,0.170628,-0.001250,0.077500,-0.001250,1.000000,2.212588,0.461796
54974.200000,-0.339018,-0.862429,0.169705,0.001250,0.080000,0.000000,1.000000,2.214960,0.459249
54974.300000,-0.342773,-0.859381,0.168448,0.006250,0.062500,-0.001250,1.000000,2.215488,0.458458
54974.400000,-0.353031,-0.850900,0.167709,0.012500,0.058750,0.001250,1.000000,2.215078,0.452347
54974.500000,-0.359754,-0.841562,0.163833,0.018750,0.043750,0.007500,1.000000,2.209707,0.446926
54974.600000,-0.361001,-0.836925,0.165688,0.026250,0.040000,0.007500,1.000000,2.209754,0.444676
54974.700000,-0.372455,-0.825893,0.161673,0.030000,0.030000,0.010000,1.000000,2.208636,0.437237
54974.800000,-0.380863,-0.816786,0.160955,0.031250,0.027500,0.013750,1.000000,2.205571,0.431228
54974.900000,-0.391989,-0.807002,0.164857,0.025000,0.017500,0.020000,1.000000,2.206841,0.424996
54975.000000,-0.395941,-0.799531,0.164315,0.025000,-0.012500,0.028750,1.000000,2.203763,0.419502
54975.100000,-0.406932,-0.790230,0.163973,0.023750,-0.010000,0.030000,1.000000,2.209997,0.412103
54975.200000,-0.404073,-0.778883,0.160295,0.026250,-0.015000,0.025000,1.000000,2.199149,0.407453
54975.300000,-0.411565,-0.784817,0.170575,0.030000,-0.012500,0.016250,1.000000,2.218857,0.410750
54975.400000,-0.413955,-0.779095,0.168877,0.033750,-0.020000,0.011250,1.000000,2.219152,0.408685
54975.500000,-0.413045,-0.771274,0.174863,0.036250,-0.003750,0.001250,1.000000,2.224575,0.407020
54975.600000,-0.411801,-0.770835,0.170186,0.041250,-0.000000,-0.001250,1.000000,2.220133,0.406524
54975.700000,-0.402962,-0.774680,0.176646,0.051250,0.006250,-0.007500,1.000000,2.220756,0.415163
54975.800000,-0.413198,-0.765699,0.178289,0.062500,0.016250,-0.016250,1.000000,2.227611,0.413313
54975.900000,-0.402623,-0.758865,0.177285,0.071250,0.008750,-0.026250,1.000000,2.219616,0.414754
54976.000000,-0.403273,-0.761826,0.187608,0.068750,0.017500,-0.028750,1.000000,2.231183,0.419579
54976.100000,-0.398457,-0.751489,0.188963,0.065000,0.017500,-0.030000,1.000000,2.226800,0.419094
54976.200000,-0.403628,-0.750915,0.200127,0.063750,0.025000,-0.032500,1.000000,2.237606,0.421934
54976.300000,-0.411266,-0.746310,0.198308,0.066250,0.016250,-0.027500,1.000000,2.236809,0.421311
54976.400000,-0.412839,-0.731955,0.207047,0.067500,0.010000,-0.033750,1.000000,2.240453,0.419762
54976.500000,-0.429132,-0.715572,0.204733,0.061250,0.011250,-0.036250,1.000000,2.244123,0.409041
54976.600000,-0.420906,-0.713471,0.208087,0.041250,0.013750,-0.038750,1.000000,2.242340,0.411003
54976.700000,-0.411302,-0.710383,0.206141,0.017500,0.017500,-0.030000,1.000000,2.232260,0.414785
54976.800000,-0.398919,-0.715242,0.208178,-0.003750,0.025000,-0.025000,1.000000,2.232237,0.425552
54976.900000,-0.395887,-0.715013,0.203645,-0.005000,0.023750,-0.018750,1.000000,2.222055,0.426714
54977.000000,-0.390995,-0.699455,0.209702,0.000000,0.025000,-0.005000,1.000000,2.209004,0.422115
54977.100000,-0.376880,-0.688490,0.235166,0.032500,0.047500,-0.000000,1.000000,2.199476,0.422326
54977.200000,-0.368059,-0.672873,0.256048,0.120000,0.018750,0.010000,1.000000,2.195011,0.419241
54977.300000,-0.353838,-0.635867,0.258556,0.245000,-0.021250,-0.007500,1.000000,2.172292,0.403378
54977.400000,-0.334003,-0.560721,0.246574,0.383750,-0.032500,-0.038750,1.000000,2.129820,0.368755
54977.500000,-0.339035,-0.462475,0.220133,0.537500,-0.073750,-0.078750,1.000000,2.099724,0.313003
54977.600000,-0.331871,-0.324821,0.170262,0.670000,-0.156250,-0.073750,1.000000,2.034253,0.238208
54977.700000,-0.291987,-0.156035,0.111502,0.707500,-0.247500,-0.011250,1.000000,1.970318,0.144335
54977.800000,-0.198093,0.005391,0.052771,0.670000,-0.390000,0.061250,1.000000,1.886603,0.049175
54977.900000,-0.093611,0.136075,-0.018932,0.577500,-0.513750,0.145000,1.000000,1.768445,-0.042387
54978.000000,0.094126,0.224918,-0.067688,0.491250,-0.557500,0.112500,1.000000,1.630142,-0.112124
54978.100000,0.207003,0.303420,-0.071818,0.335000,-0.342500,0.143750,1.000000,1.518646,-0.167532
54978.200000,0.303514,0.375231,-0.105571,0.280000,-0.273750,0.135000,1.000000,1.449754,-0.221813
54978.300000,0.343153,0.448473,-0.087108,0.047500,0.618750,0.143750,1.000000,1.421837,-0.275253
54978.400000,0.197549,0.463529,-0.098486,0.161250,0.693750,0.050000,1.000000,1.489608,-0.279301
54978.500000,0.111928,0.481246,-0.046213,0.126250,0.838750,-0.001250,1.000000,1.564495,-0.260774
54978.600000,-0.063236,0.479031,-0.030800,0.138750,0.930000,-0.065000,1.000000,1.659508,-0.236265
54978.700000,-0.249078,0.513509,-0.014546,0.187500,1.028750,-0.136250,1.000000,1.787045,-0.219484
54978.800000,-0.517674,0.583434,-0.010934,0.140000,1.052500,-0.076250,1.000000,1.938588,-0.220020
54978.900000,-0.700882,0.636132,-0.025964,0.097500,0.787500,-0.037500,1.000000,2.074743,-0.218267
54979.000000,-0.874165,0.660276,0.002413,-0.062500,0.676250,0.056250,1.000000,2.187006,-0.203425
54979.100000,-0.973228,0.652861,0.007874,-0.003750,-0.325000,0.125000,1.000000,2.255465,-0.173296
54979.200000,-0.872043,0.676247,0.057160,-0.275000,-0.515000,0.257500,1.000000,2.244315,-0.181718
54979.300000,-0.807151,0.646300,0.043046,-0.303750,-0.853750,0.302500,1.000000,2.206588,-0.180798
54979.400000,-0.618875,0.610954,0.007754,-0.356250,-0.886250,0.353750,1.000000,2.105233,-0.190560
54979.500000,-0.419626,0.567114,-0.000660,-0.358750,-0.912500,0.332500,1.000000,1.990780,-0.193369
54979.600000,-0.213706,0.513922,0.004734,-0.310000,-0.886250,0.277500,1.000000,1.864048,-0.184778
54979.700000,-0.012501,0.470841,0.007415,-0.213750,-0.728750,0.217500,1.000000,1.736324,-0.194933
54979.800000,0.177159,0.441057,0.001673,-0.040000,-0.753750,0.170000,1.000000,1.623047,-0.204688
54979.900000,0.367188,0.446336,-0.019656,0.101250,-0.698750,0.126250,1.000000,1.524719,-0.253766
54980.000000,0.543569,0.465810,-0.036059,0.208750,-0.441250,0.058750,1.000000,1.455468,-0.327847
54980.100000,0.605786,0.513629,-0.068664,0.187500,-0.007500,0.005000,1.000000,1.448260,-0.387833
54980.200000,0.599713,0.593635,-0.048462,0.107500,0.048750,-0.056250,1.000000,1.502051,-0.432527
54980.300000,0.576907,0.629681,-0.030663,-0.102500,0.206250,-0.091250,1.000000,1.546026,-0.464103
54980.400000,0.471501,0.605149,-0.011763,-0.328750,0.381250,-0.140000,1.000000,1.613682,-0.449175
54980.500000,0.326826,0.505900,0.024111,-0.486250,0.328750,-0.155000,1.000000,1.718905,-0.386789
54980.600000,0.220458,0.386064,0.075403,-0.620000,0.531250,-0.140000,1.000000,1.812489,-0.316243
54980.700000,0.032422,0.227677,0.074202,-0.750000,0.706250,-0.131250,1.000000,1.913859,-0.207324
54980.800000,-0.152009,0.048960,0.115587,-0.825000,0.627500,-0.103750,1.000000,2.002432,-0.069303
54980.900000,-0.250927,-0.135674,0.164440,-0.780000,0.485000,-0.106250,1.000000,2.042905,0.049493
54981.000000,-0.374589,-0.331971,0.208402,-0.632500,0.493750,-0.113750,1.000000,2.090670,0.162561
54981.100000,-0.490229,-0.480386,0.222401,-0.415000,0.345000,-0.075000,1.000000,2.154782,0.256602
54981.200000,-0.527347,-0.567170,0.219694,-0.200000,0.183750,-0.006250,1.000000,2.207249,0.296056
54981.300000,-0.524170,-0.576437,0.185201,-0.066250,0.165000,0.018750,1.000000,2.209711,0.300241
54981.400000,-0.556762,-0.587877,0.152158,-0.020000,0.057500,0.002500,1.000000,2.222633,0.305599
54981.500000,-0.525735,-0.573099,0.175127,0.001250,-0.018750,0.002500,1.000000,2.217864,0.300466
54981.600000,-0.510679,-0.559782,0.154974,0.008750,-0.010000,0.002500,1.000000,2.205132,0.295658
54981.700000,-0.509226,-0.562441,0.158624,0.010000,-0.018750,0.002500,1.000000,2.204466,0.296900
54981.800000,-0.505660,-0.561618,0.159211,0.008750,-0.006250,0.006250,1.000000,2.200951,0.296749
54981.900000,-0.504632,-0.564542,0.161340,0.003750,0.007500,0.010000,1.000000,2.201415,0.300090
54982.000000,-0.509334,-0.558619,0.158258,0.003750,0.017500,0.013750,1.000000,2.199509,0.295543
54982.100000,-0.518716,-0.563287,0.165111,0.003750,0.023750,0.016250,1.000000,2.213072,0.298350
54982.200000,-0.524084,-0.558779,0.166757,-0.000000,0.015000,0.017500,1.000000,2.217970,0.294703
54982.300000,-0.525112,-0.564806,0.170038,-0.001250,0.012500,0.013750,1.000000,2.222739,0.299836
54982.400000,-0.523086,-0.568130,0.169280,-0.002500,0.011250,0.011250,1.000000,2.222261,0.303635
54982.500000,-0.526330,-0.565895,0.168665,-0.005000,0.010000,0.012500,1.000000,2.223901,0.302591
54982.600000,-0.528827,-0.561980,0.166784,-0.006250,0.013750,0.011250,1.000000,2.221598,0.298824
54982.700000,-0.530020,-0.560567,0.166143,-0.006250,0.015000,0.011250,1.000000,2.223389,0.297379
54982.800000,-0.531976,-0.564304,0.168429,-0.006250,0.016250,0.011250,1.000000,2.227010,0.299856
54982.900000,-0.542372,-0.561438,0.172265,-0.006250,0.016250,0.010000,1.000000,2.237284,0.297298
54983.000000,-0.551507,-0.557042,0.173313,-0.003750,0.012500,0.007500,1.000000,2.241032,0.292266
54983.100000,-0.548661,-0.549979,0.169663,-0.003750,0.010000,0.007500,1.000000,2.235028,0.288460
54983.200000,-0.557531,-0.547768,0.172325,-0.002500,0.010000,0.007500,1.000000,2.241608,0.284711
54983.300000,-0.562447,-0.542124,0.174009,-0.002500,0.010000,0.008750,1.000000,2.246090,0.280703
54983.400000,-0.555515,-0.551117,0.179210,-0.005000,0.012500,0.012500,1.000000,2.252947,0.288911
54983.500000,-0.561286,-0.553752,0.181227,-0.002500,0.016250,0.011250,1.000000,2.257018,0.288421
54983.600000,-0.562042,-0.548786,0.179679,-0.002500,0.010000,0.007500,1.000000,2.254566,0.286795
54983.700000,-0.546023,-0.553368,0.173683,-0.003750,0.012500,0.008750,1.000000,2.238479,0.292734
54983.800000,-0.549829,-0.551424,0.172331,-0.001250,0.030000,0.008750,1.000000,2.238750,0.291213
54983.900000,-0.562338,-0.550231,0.181156,-0.000000,0.028750,0.010000,1.000000,2.256024,0.289232
54984.000000,-0.558580,-0.549061,0.178308,-0.001250,0.028750,0.011250,1.000000,2.250586,0.289043
54984.100000,-0.561599,-0.555455,0.179631,-0.000000,0.031250,0.008750,1.000000,2.251837,0.292845
54984.200000,-0.568888,-0.545730,0.174752,0.003750,0.028750,0.005000,1.000000,2.245141,0.286004
54984.300000,-0.575571,-0.542656,0.180185,0.000000,0.016250,0.006250,1.000000,2.253160,0.284522
54984.400000,-0.579318,-0.544133,0.182524,-0.002500,0.015000,0.008750,1.000000,2.257881,0.284038
54984.500000,-0.596802,-0.537060,0.194894,-0.006250,0.018750,0.006250,1.000000,2.276669,0.276894
54984.600000,-0.593346,-0.529730,0.199666,-0.007500,0.027500,0.007500,1.000000,2.271608,0.276677
54984.700000,-0.578334,-0.528531,0.212552,0.006250,0.040000,0.013750,1.000000,2.256422,0.282489
54984.800000,-0.573073,-0.513619,0.246161,0.085000,0.063750,-0.015000,1.000000,2.257442,0.278529
54984.900000,-0.576443,-0.476227,0.270874,0.226250,0.031250,-0.037500,1.000000,2.248727,0.265420
54985.000000,-0.575051,-0.421671,0.273136,0.392500,-0.005000,-0.055000,1.000000,2.229870,0.244624
54985.100000,-0.586419,-0.334238,0.246880,0.540000,0.033750,-0.045000,1.000000,2.206178,0.206367
54985.200000,-0.597502,-0.217288,0.209196,0.677500,-0.012500,-0.030000,1.000000,2.180954,0.159342
54985.300000,-0.563422,-0.069625,0.153672,0.756250,-0.128750,0.036250,1.000000,2.131720,0.091834
54985.400000,-0.487493,0.098595,0.101565,0.751250,-0.303750,0.128750,1.000000,2.095138,-0.003428
54985.500000,-0.368118,0.251277,0.053306,0.705000,-0.451250,0.221250,1.000000,2.028302,-0.108102
54985.600000,-0.190896,0.375944,-0.010123,0.576250,-0.527500,0.298750,1.000000,1.913217,-0.210959
54985.700000,-0.012108,0.467771,-0.059171,0.436250,-0.533750,0.262500,1.000000,1.799057,-0.289728
54985.800000,0.130659,0.539920,-0.077036,0.263750,-0.308750,0.263750,1.000000,1.704442,-0.353568
54985.900000,0.206306,0.589087,-0.164979,0.110000,-0.011250,0.182500,1.000000,1.645927,-0.396881
54986.000000,0.140364,0.606885,-0.002091,-0.058750,0.743750,0.118750,1.000000,1.654888,-0.408907
54986.100000,0.019641,0.633820,0.041823,0.066250,1.005000,-0.010000,1.000000,1.696426,-0.388874
54986.200000,-0.136999,0.615148,0.041932,0.112500,1.185000,-0.095000,1.000000,1.737720,-0.344917
54986.300000,-0.350730,0.612431,0.026775,0.140000,1.335000,-0.168750,1.000000,1.814819,-0.297233
54986.400000,-0.614753,0.631379,0.014429,0.177500,1.343750,-0.213750,1.000000,1.937984,-0.245676
54986.500000,-0.863682,0.662406,-0.005406,0.108750,1.286250,-0.123750,1.000000,2.059864,-0.210511
54986.600000,-1.077660,0.687960,-0.019847,-0.002500,0.936250,-0.063750,1.000000,2.179461,-0.181750
54986.700000,-1.204695,0.700481,0.063428,-0.108750,0.348750,0.082500,1.000000,2.254634,-0.157322
54986.800000,-1.158216,0.703258,-0.050475,-0.115000,-0.643750,0.183750,1.000000,2.265158,-0.156178
54986.900000,-1.045251,0.670597,-0.057909,-0.343750,-1.136250,0.313750,1.000000,2.246404,-0.168718
54987.000000,-0.817469,0.640666,-0.091385,-0.446250,-1.495000,0.431250,1.000000,2.140799,-0.185799
54987.100000,-0.526423,0.566657,-0.068532,-0.507500,-1.558750,0.433750,1.000000,1.977743,-0.159250
54987.200000,-0.244924,0.485994,-0.046860,-0.488750,-1.546250,0.403750,1.000000,1.811822,-0.136801
54987.300000,0.043351,0.409005,-0.019764,-0.407500,-1.430000,0.386250,1.000000,1.641245,-0.100265
54987.400000,0.306136,0.324165,0.003740,-0.200000,-1.270000,0.383750,1.000000,1.468453,-0.056477
54987.500000,0.578392,0.285133,-0.004213,0.075000,-1.037500,0.293750,1.000000,1.297046,-0.071701
54987.600000,0.812267,0.286929,-0.043296,0.216250,-0.681250,0.172500,1.000000,1.176036,-0.144271
54987.700000,0.961427,0.305736,-0.064298,0.223750,-0.223750,0.082500,1.000000,1.119359,-0.227412
54987.800000,0.999514,0.347077,-0.002602,0.113750,0.138750,-0.040000,1.000000,1.150754,-0.295538
54987.900000,0.977896,0.401123,0.040631,-0.041250,0.341250,-0.082500,1.000000,1.215315,-0.396913
54988.000000,0.923689,0.407125,0.069408,-0.243750,0.446250,-0.078750,1.000000,1.251822,-0.390520
54988.100000,0.826354,0.342205,0.106417,-0.377500,0.528750,-0.096250,1.000000,1.339480,-0.345245
54988.200000,0.694658,0.253145,0.121007,-0.505000,0.565000,-0.118750,1.000000,1.476951,-0.309577
54988.300000,0.545799,0.134453,0.148634,-0.663750,0.595000,-0.098750,1.000000,1.615057,-0.223681
54988.400000,0.399077,-0.018713,0.171552,-0.760000,0.520000,-0.037500,1.000000,1.718169,-0.075327
54988.500000,0.299367,-0.199467,0.201708,-0.736250,0.420000,-0.020000,1.000000,1.758636,0.093593
54988.600000,0.173026,-0.381086,0.209944,-0.550000,0.402500,-0.033750,1.000000,1.799460,0.251001
54988.700000,0.046148,-0.520483,0.180528,-0.316250,0.256250,-0.030000,1.000000,1.865653,0.396700
54988.800000,-0.049595,-0.616527,0.171537,-0.111250,0.218750,-0.006250,1.000000,1.962691,0.443626
54988.900000,-0.130784,-0.623981,0.135906,0.018750,0.138750,0.003750,1.000000,2.016788,0.420720
54989.000000,-0.169564,-0.592492,0.122760,0.063750,0.110000,-0.011250,1.000000,2.033150,0.396105
54989.100000,-0.195407,-0.578913,0.122343,0.066250,0.113750,-0.015000,1.000000,2.047564,0.388833
54989.200000,-0.230031,-0.558295,0.122373,0.062500,0.130000,-0.005000,1.000000,2.058642,0.371382
54989.300000,-0.286644,-0.522857,0.118692,0.061250,0.110000,0.001250,1.000000,2.083890,0.342472
54989.400000,-0.319487,-0.499505,0.125199,0.042500,0.105000,0.007500,1.000000,2.098001,0.323509
54989.500000,-0.361073,-0.478717,0.127723,0.028750,0.105000,0.018750,1.000000,2.111602,0.300623
54989.600000,-0.396265,-0.451898,0.123845,0.021250,0.068750,0.018750,1.000000,2.123195,0.278039
54989.700000,-0.404082,-0.445172,0.126787,0.011250,0.046250,0.015000,1.000000,2.124507,0.271825
54989.800000,-0.416068,-0.445233,0.129907,0.001250,0.037500,0.011250,1.000000,2.134272,0.270486
54989.900000,-0.427148,-0.440884,0.132822,-0.005000,0.027500,0.008750,1.000000,2.140517,0.265536
54990.000000,-0.439200,-0.435214,0.135674,-0.008750,0.020000,0.008750,1.000000,2.147512,0.262951
54990.100000,-0.442715,-0.441356,0.139752,-0.011250,0.022500,0.008750,1.000000,2.152472,0.265177
54990.200000,-0.439002,-0.434174,0.132456,-0.013750,0.008750,0.012500,1.000000,2.142502,0.260661
54990.300000,-0.438354,-0.438792,0.134600,-0.013750,0.002500,0.010000,1.000000,2.143613,0.263204
54990.400000,-0.432629,-0.439010,0.134003,-0.015000,0.002500,0.007500,1.000000,2.139300,0.262997
54990.500000,-0.438844,-0.432154,0.136778,-0.016250,0.021250,0.003750,1.000000,2.142611,0.256833
54990.600000,-0.441401,-0.429626,0.137696,-0.013750,0.038750,0.008750,1.000000,2.142587,0.254870
54990.700000,-0.448802,-0.414188,0.133308,-0.010000,0.038750,0.010000,1.000000,2.139751,0.243886
54990.800000,-0.440512,-0.419098,0.130765,-0.010000,0.040000,0.011250,1.000000,2.130266,0.247299
54990.900000,-0.439381,-0.419939,0.130445,-0.007500,0.037500,0.012500,1.000000,2.129408,0.248050
54991.000000,-0.454563,-0.428502,0.137732,-0.002500,0.045000,0.010000,1.000000,2.144872,0.252845
54991.100000,-0.459141,-0.431679,0.141472,-0.001250,0.046250,0.010000,1.000000,2.154575,0.255086
54991.200000,-0.471239,-0.427147,0.143766,0.006250,0.048750,0.013750,1.000000,2.166860,0.250845
54991.300000,-0.474763,-0.438420,0.143363,0.010000,0.031250,0.015000,1.000000,2.173962,0.260121
54991.400000,-0.473296,-0.432803,0.141262,0.008750,0.016250,0.008750,1.000000,2.170328,0.258141
54991.500000,-0.477876,-0.438142,0.146997,0.003750,0.020000,0.007500,1.000000,2.178728,0.261334
54991.600000,-0.490311,-0.429333,0.147063,0.002500,0.012500,0.005000,1.000000,2.186993,0.254064
54991.700000,-0.487881,-0.421846,0.141248,-0.001250,0.015000,0.003750,1.000000,2.178848,0.250191
54991.800000,-0.488621,-0.417038,0.139123,-0.003750,0.015000,0.008750,1.000000,2.178795,0.245316
54991.900000,-0.490251,-0.412655,0.137282,-0.006250,0.013750,0.010000,1.000000,2.175762,0.243251
54992.000000,-0.484768,-0.417682,0.136295,-0.015000,0.011250,0.005000,1.000000,2.169265,0.248068
54992.100000,-0.489194,-0.420900,0.143287,-0.018750,0.006250,0.005000,1.000000,2.178754,0.248218
54992.200000,-0.474326,-0.424955,0.142449,-0.020000,0.021250,0.002500,1.000000,2.170244,0.251564
54992.300000,-0.467943,-0.421515,0.146517,-0.022500,0.061250,-0.015000,1.000000,2.171096,0.250762
54992.400000,-0.470859,-0.419225,0.164132,-0.023750,0.096250,-0.023750,1.000000,2.171857,0.248934
54992.500000,-0.466065,-0.422816,0.211636,0.058750,0.016250,-0.055000,1.000000,2.178017,0.253923
54992.600000,-0.465402,-0.395703,0.248738,0.207500,0.005000,-0.097500,1.000000,2.174317,0.244950
54992.700000,-0.473761,-0.335947,0.245397,0.400000,-0.048750,-0.137500,1.000000,2.157657,0.215038
54992.800000,-0.471366,-0.246535,0.221359,0.571250,-0.127500,-0.160000,1.000000,2.130505,0.167415
54992.900000,-0.437656,-0.097510,0.173477,0.670000,-0.233750,-0.148750,1.000000,2.086448,0.090903
54993.000000,-0.366625,0.060613,0.129170,0.688750,-0.336250,-0.080000,1.000000,2.043051,-0.009001
54993.100000,-0.273636,0.194241,0.075625,0.621250,-0.396250,0.031250,1.000000,1.962767,-0.101468
54993.200000,-0.122886,0.304644,0.017098,0.587500,-0.607500,0.087500,1.000000,1.857793,-0.174052
54993.300000,0.073553,0.404840,-0.018562,0.498750,-0.600000,0.128750,1.000000,1.719988,-0.258557
54993.400000,0.244656,0.494045,-0.068765,0.360000,-0.583750,0.140000,1.000000,1.602793,-0.337849
54993.500000,0.404479,0.542907,-0.073590,0.180000,-0.466250,0.170000,1.000000,1.494476,-0.379598
54993.600000,0.524165,0.569763,-0.075038,0.048750,-0.260000,0.167500,1.000000,1.428137,-0.414235
54993.700000,0.577324,0.570341,-0.055589,0.006250,0.132500,0.070000,1.000000,1.401530,-0.422414
54993.800000,0.428766,0.565485,-0.060983,-0.025000,0.786250,-0.105000,1.000000,1.449011,-0.384350
54993.900000,0.218568,0.547228,-0.071950,0.256250,1.113750,-0.298750,1.000000,1.533414,-0.335927
54994.000000,-0.008198,0.571298,-0.071337,0.355000,1.300000,-0.368750,1.000000,1.646889,-0.310160
54994.100000,-0.308424,0.603199,-0.126889,0.341250,1.353750,-0.358750,1.000000,1.791321,-0.276712
54994.200000,-0.571592,0.625445,-0.154188,0.326250,1.342500,-0.323750,1.000000,1.924291,-0.238263
54994.300000,-0.812513,0.652258,-0.185450,0.280000,1.217500,-0.296250,1.000000,2.058704,-0.214564
54994.400000,-1.022675,0.676801,-0.186711,0.150000,0.928750,-0.213750,1.000000,2.167700,-0.185339
54994.500000,-1.172135,0.668424,-0.175836,-0.012500,0.428750,-0.062500,1.000000,2.246878,-0.158089
54994.600000,-1.139208,0.640236,-0.119436,-0.001250,-0.493750,0.090000,1.000000,2.258275,-0.147393
54994.700000,-1.021467,0.661420,-0.064485,-0.260000,-1.133750,0.283750,1.000000,2.241096,-0.166395
54994.800000,-0.835668,0.643349,-0.069241,-0.378750,-1.411250,0.412500,1.000000,2.161090,-0.193194
54994.900000,-0.582218,0.603276,-0.045854,-0.412500,-1.398750,0.415000,1.000000,2.033130,-0.205350
54995.000000,-0.335320,0.549510,-0.022128,-0.401250,-1.396250,0.387500,1.000000,1.892019,-0.191666
54995.100000,-0.087290,0.499778,-0.008197,-0.380000,-1.348750,0.350000,1.000000,1.753282,-0.189381
54995.200000,0.143645,0.434259,0.014031,-0.256250,-1.116250,0.300000,1.000000,1.610522,-0.180929
54995.300000,0.334326,0.404661,0.022624,-0.050000,-0.863750,0.270000,1.000000,1.484379,-0.199415
54995.400000,0.517290,0.390987,-0.020267,0.073750,-0.490000,0.208750,1.000000,1.380504,-0.242177
54995.500000,0.623469,0.421402,-0.065919,0.113750,0.047500,0.076250,1.000000,1.339943,-0.294347
54995.600000,0.598732,0.486271,-0.043176,-0.010000,0.301250,-0.077500,1.000000,1.391129,-0.323727
54995.700000,0.554549,0.541163,-0.008203,-0.226250,0.403750,-0.122500,1.000000,1.447236,-0.356318
54995.800000,0.446712,0.486521,0.040680,-0.461250,0.430000,-0.146250,1.000000,1.529233,-0.332847
54995.900000,0.357729,0.378540,0.092247,-0.580000,0.513750,-0.122500,1.000000,1.617234,-0.265701
54996.000000,0.240366,0.278736,0.138951,-0.611250,0.467500,-0.157500,1.000000,1.746447,-0.200186
54996.100000,0.128210,0.133093,0.146337,-0.721250,0.413750,-0.180000,1.000000,1.862154,-0.110573
54996.200000,-0.003508,-0.013242,0.189583,-0.836250,0.382500,-0.167500,1.000000,1.955101,0.000185
54996.300000,-0.080573,-0.217224,0.240510,-0.837500,0.165000,-0.115000,1.000000,1.993550,0.138469
54996.400000,-0.142535,-0.437639,0.264353,-0.661250,0.198750,-0.056250,1.000000,2.009854,0.263604
54996.500000,-0.229827,-0.625622,0.257592,-0.392500,0.091250,-0.041250,1.000000,2.072042,0.382513
54996.600000,-0.246718,-0.697759,0.233222,-0.162500,0.055000,-0.002500,1.000000,2.119421,0.421975
54996.700000,-0.276232,-0.717233,0.210119,-0.030000,-0.016250,-0.010000,1.000000,2.152538,0.431193
54996.800000,-0.279693,-0.734323,0.174427,-0.027500,-0.041250,0.020000,1.000000,2.155866,0.432404
54996.900000,-0.261281,-0.727644,0.173298,-0.012500,-0.016250,0.007500,1.000000,2.143279,0.438225
54997.000000,-0.252630,-0.732217,0.169840,-0.013750,0.007500,0.017500,1.000000,2.141123,0.446353
54997.100000,-0.250932,-0.736584,0.168955,0.003750,0.020000,0.006250,1.000000,2.144368,0.451438
54997.200000,-0.243475,-0.739673,0.174402,0.008750,0.015000,-0.000000,1.000000,2.147920,0.456112
54997.300000,-0.241055,-0.728257,0.166913,0.010000,0.030000,0.011250,1.000000,2.134578,0.449385
54997.400000,-0.252323,-0.727434,0.169157,0.010000,0.041250,0.018750,1.000000,2.142826,0.448613
54997.500000,-0.270814,-0.721682,0.168088,0.012500,0.060000,0.018750,1.000000,2.147575,0.439134
54997.600000,-0.281159,-0.712089,0.167722,0.011250,0.057500,0.016250,1.000000,2.149322,0.435192
54997.700000,-0.296981,-0.706750,0.167717,0.007500,0.053750,0.017500,1.000000,2.154569,0.428049
54997.800000,-0.315559,-0.702619,0.172851,0.006250,0.043750,0.013750,1.000000,2.170459,0.420597
54997.900000,-0.334105,-0.696943,0.175528,0.001250,0.050000,0.012500,1.000000,2.179430,0.412195
54998.000000,-0.345759,-0.683141,0.170086,0.003750,0.045000,0.008750,1.000000,2.176246,0.402060
54998.100000,-0.355518,-0.687894,0.175586,0.006250,0.037500,0.003750,1.000000,2.191072,0.404024
54998.200000,-0.361606,-0.681409,0.172609,0.005000,0.043750,0.005000,1.000000,2.187429,0.399667
54998.300000,-0.370550,-0.676110,0.173536,0.003750,0.026250,0.008750,1.000000,2.188645,0.396572
54998.400000,-0.369705,-0.669983,0.168824,0.001250,0.027500,0.011250,1.000000,2.180283,0.392721
54998.500000,-0.376466,-0.666424,0.168931,-0.000000,0.021250,0.011250,1.000000,2.182871,0.388758
54998.600000,-0.374715,-0.658240,0.162879,-0.005000,0.021250,0.011250,1.000000,2.172551,0.384654
54998.700000,-0.371203,-0.662215,0.163579,-0.006250,0.008750,0.010000,1.000000,2.171641,0.388757
54998.800000,-0.365511,-0.668914,0.164074,-0.008750,0.010000,0.011250,1.000000,2.169438,0.394438
54998.900000,-0.365347,-0.659937,0.159648,-0.007500,0.008750,0.011250,1.000000,2.160435,0.388004
54999.000000,-0.360672,-0.658540,0.156117,-0.010000,0.006250,0.011250,1.000000,2.155378,0.387980
54999.100000,-0.357136,-0.656816,0.153862,-0.011250,0.008750,0.011250,1.000000,2.151385,0.386107
54999.200000,-0.366967,-0.662047,0.159981,-0.012500,0.013750,0.010000,1.000000,2.164511,0.386749
54999.300000,-0.365211,-0.660213,0.159470,-0.012500,0.015000,0.010000,1.000000,2.160994,0.385836
54999.400000,-0.364787,-0.667779,0.160750,-0.011250,0.017500,0.010000,1.000000,2.164196,0.389850
54999.500000,-0.363185,-0.665844,0.155902,-0.012500,0.021250,0.011250,1.000000,2.156626,0.388726
54999.600000,-0.373903,-0.661930,0.158134,-0.012500,0.013750,0.008750,1.000000,2.164464,0.383255
54999.700000,-0.374946,-0.672515,0.163910,-0.013750,0.015000,0.010000,1.000000,2.173467,0.390047
54999.800000,-0.391573,-0.671102,0.172881,-0.010000,0.008750,0.007500,1.000000,2.191553,0.385643
54999.900000,-0.396876,-0.670456,0.172214,-0.010000,0.008750,0.007500,1.000000,2.196680,0.383862
55000.000000,-0.391069,-0.667781,0.167936,-0.007500,0.006250,0.007500,1.000000,2.187725,0.383442
55000.100000,-0.385217,-0.673349,0.168464,-0.006250,0.005000,0.007500,1.000000,2.187887,0.389929
55000.200000,-0.382523,-0.668491,0.165023,-0.005000,0.002500,0.007500,1.000000,2.178860,0.387488
55000.300000,-0.393252,-0.666728,0.168133,-0.003750,0.003750,0.007500,1.000000,2.188420,0.383355
55000.400000,-0.391142,-0.659518,0.162485,-0.003750,0.006250,0.007500,1.000000,2.178440,0.378968
55000.500000,-0.393347,-0.653055,0.159915,-0.003750,0.011250,0.007500,1.000000,2.172875,0.374081
55000.600000,-0.382687,-0.652991,0.155369,-0.006250,0.013750,0.008750,1.000000,2.160848,0.375464
55000.700000,-0.376734,-0.657028,0.172653,-0.016250,0.073750,0.020000,1.000000,2.166347,0.379114
55000.800000,-0.399575,-0.648239,0.190185,-0.010000,0.113750,0.017500,1.000000,2.177612,0.372338
55000.900000,-0.399065,-0.635495,0.233179,0.078750,0.065000,0.001250,1.000000,2.185943,0.364417
55001.000000,-0.416587,-0.611496,0.263222,0.228750,0.055000,-0.022500,1.000000,2.192291,0.351965
55001.100000,-0.420198,-0.559951,0.264156,0.421250,0.035000,-0.047500,1.000000,2.171480,0.332645
55001.200000,-0.423943,-0.462551,0.239009,0.598750,-0.002500,-0.048750,1.000000,2.135397,0.290892
55001.300000,-0.412939,-0.327272,0.181708,0.743750,-0.110000,-0.031250,1.000000,2.087518,0.223775
55001.400000,-0.359619,-0.155309,0.126531,0.778750,-0.195000,0.038750,1.000000,2.026757,0.125193
55001.500000,-0.256573,0.013502,0.054668,0.737500,-0.282500,0.091250,1.000000,1.934777,0.010738
55001.600000,-0.127087,0.144360,0.001804,0.657500,-0.373750,0.132500,1.000000,1.828860,-0.075665
55001.700000,-0.002301,0.269574,-0.062163,0.542500,-0.343750,0.145000,1.000000,1.720159,-0.157094
55001.800000,0.122832,0.407746,-0.077278,0.375000,-0.232500,0.168750,1.000000,1.608465,-0.227650
55001.900000,0.229737,0.504272,-0.114084,0.228750,-0.243750,0.196250,1.000000,1.537629,-0.290763
55002.000000,0.346842,0.558672,-0.107433,0.041250,0.068750,0.160000,1.000000,1.489730,-0.342852
55002.100000,0.355684,0.604629,-0.061250,-0.103750,0.568750,0.081250,1.000000,1.496449,-0.355289
55002.200000,0.238265,0.628755,-0.044740,0.047500,1.218750,-0.076250,1.000000,1.550600,-0.325219
55002.300000,0.026831,0.615283,-0.016242,0.227500,1.332500,-0.215000,1.000000,1.647245,-0.274247
55002.400000,-0.188009,0.634170,-0.024873,0.290000,1.373750,-0.213750,1.000000,1.755312,-0.243635
55002.500000,-0.421503,0.659154,-0.045028,0.311250,1.367500,-0.197500,1.000000,1.870985,-0.221224
55002.600000,-0.636840,0.659993,-0.094559,0.321250,1.248750,-0.196250,1.000000,1.993004,-0.203510
55002.700000,-0.830450,0.676320,-0.093969,0.220000,1.193750,-0.166250,1.000000,2.091007,-0.187660
55002.800000,-1.031850,0.680583,-0.097770,0.142500,0.772500,-0.081250,1.000000,2.192338,-0.152222
55002.900000,-1.131718,0.651157,-0.104291,0.050000,0.235000,0.018750,1.000000,2.248601,-0.137522
55003.000000,-1.129461,0.603479,-0.067068,-0.156250,-0.563750,0.136250,1.000000,2.256099,-0.135664
55003.100000,-1.045765,0.605549,-0.051525,-0.307500,-0.980000,0.273750,1.000000,2.235152,-0.142155
55003.200000,-0.890260,0.575219,-0.055189,-0.367500,-1.206250,0.311250,1.000000,2.172396,-0.149416
55003.300000,-0.671146,0.535085,-0.055631,-0.366250,-1.246250,0.312500,1.000000,2.051372,-0.151333
55003.400000,-0.439777,0.490085,-0.044407,-0.357500,-1.211250,0.316250,1.000000,1.921119,-0.152482
55003.500000,-0.204702,0.449022,-0.007423,-0.267500,-1.143750,0.253750,1.000000,1.790765,-0.147527
55003.600000,-0.004572,0.394355,-0.008792,-0.123750,-0.935000,0.212500,1.000000,1.651821,-0.144688
55003.700000,0.177651,0.369885,-0.033509,0.088750,-0.796250,0.187500,1.000000,1.541253,-0.170846
55003.800000,0.375350,0.393748,-0.048928,0.143750,-0.448750,0.106250,1.000000,1.464673,-0.239207
55003.900000,0.460145,0.439639,-0.086194,0.048750,-0.001250,0.011250,1.000000,1.439552,-0.296174
55004.000000,0.483902,0.500207,-0.056031,-0.100000,0.232500,-0.096250,1.000000,1.455658,-0.341195
55004.100000,0.431406,0.519889,-0.000306,-0.341250,0.295000,-0.131250,1.000000,1.498291,-0.367634
55004.200000,0.361077,0.439822,0.048157,-0.510000,0.371250,-0.097500,1.000000,1.560690,-0.306803
55004.300000,0.257654,0.327238,0.066213,-0.618750,0.463750,-0.065000,1.000000,1.661025,-0.239286
55004.400000,0.181883,0.209891,0.117224,-0.680000,0.423750,-0.090000,1.000000,1.782063,-0.169373
55004.500000,0.089196,0.080290,0.145121,-0.806250,0.448750,-0.103750,1.000000,1.872524,-0.073491
55004.600000,-0.049530,-0.092715,0.161029,-0.830000,0.362500,-0.058750,1.000000,1.945351,0.062936
55004.700000,-0.108643,-0.288425,0.208003,-0.710000,0.251250,-0.018750,1.000000,1.970384,0.186588
55004.800000,-0.175256,-0.481605,0.229663,-0.492500,0.257500,0.018750,1.000000,2.007387,0.306020
55004.900000,-0.239114,-0.625368,0.219266,-0.245000,0.256250,0.040000,1.000000,2.078754,0.401639
55005.000000,-0.293457,-0.665357,0.193180,-0.075000,0.180000,-0.001250,1.000000,2.131652,0.410047
55005.100000,-0.332889,-0.684883,0.176647,0.001250,0.105000,-0.001250,1.000000,2.157067,0.408506
55005.200000,-0.371687,-0.681005,0.154935,0.007500,0.092500,0.020000,1.000000,2.167181,0.404266
55005.300000,-0.393001,-0.672123,0.174622,0.020000,0.070000,0.021250,1.000000,2.185286,0.395209
55005.400000,-0.394516,-0.660284,0.172748,0.006250,0.050000,0.028750,1.000000,2.181603,0.389604
55005.500000,-0.405307,-0.649660,0.169232,-0.005000,0.035000,0.026250,1.000000,2.186323,0.382340
55005.600000,-0.417133,-0.639886,0.164658,-0.007500,0.035000,0.020000,1.000000,2.184047,0.373607
55005.700000,-0.419503,-0.635172,0.162591,-0.020000,0.045000,0.025000,1.000000,2.176884,0.368474
55005.800000,-0.420861,-0.639769,0.166224,-0.031250,0.027500,0.026250,1.000000,2.181780,0.369256
55005.900000,-0.423510,-0.635919,0.166703,-0.032500,0.021250,0.021250,1.000000,2.185911,0.368157
55006.000000,-0.429546,-0.628110,0.163126,-0.030000,0.026250,0.020000,1.000000,2.179956,0.359995
55006.100000,-0.425017,-0.636619,0.161108,-0.026250,0.032500,0.020000,1.000000,2.173836,0.364328
55006.200000,-0.437567,-0.633634,0.161088,-0.010000,0.026250,0.016250,1.000000,2.182060,0.358019
55006.300000,-0.444674,-0.641241,0.167766,-0.002500,0.031250,0.011250,1.000000,2.190317,0.359843
55006.400000,-0.450663,-0.644400,0.173362,-0.002500,0.031250,0.008750,1.000000,2.198285,0.362144
55006.500000,-0.463428,-0.648358,0.175911,0.001250,0.015000,-0.000000,1.000000,2.209641,0.361077
55006.600000,-0.467060,-0.646405,0.182240,0.006250,0.008750,-0.002500,1.000000,2.218394,0.364296
55006.700000,-0.466324,-0.640500,0.177362,0.013750,0.011250,-0.002500,1.000000,2.210207,0.360659
55006.800000,-0.463089,-0.648765,0.181247,0.022500,0.002500,0.003750,1.000000,2.215835,0.365797
55006.900000,-0.470422,-0.644597,0.184463,0.015000,-0.007500,0.011250,1.000000,2.221095,0.363208
55007.000000,-0.478619,-0.651430,0.192874,0.010000,-0.007500,0.013750,1.000000,2.235090,0.367617
55007.100000,-0.480388,-0.648662,0.193144,0.015000,0.001250,0.015000,1.000000,2.237559,0.369074
55007.200000,-0.486098,-0.643321,0.192434,0.020000,-0.003750,0.017500,1.000000,2.240419,0.365006
55007.300000,-0.493481,-0.625562,0.189407,0.023750,0.007500,0.026250,1.000000,2.237724,0.356888
55007.400000,-0.511729,-0.601855,0.184277,0.026250,0.003750,0.032500,1.000000,2.234459,0.335844
55007.500000,-0.531694,-0.587474,0.189636,0.017500,0.005000,0.036250,1.000000,2.246877,0.325744
55007.600000,-0.537283,-0.570841,0.186967,0.005000,0.003750,0.026250,1.000000,2.245490,0.316954
55007.700000,-0.551238,-0.559098,0.184461,0.003750,0.017500,0.020000,1.000000,2.248966,0.307805
55007.800000,-0.545393,-0.553695,0.180174,-0.010000,0.011250,0.022500,1.000000,2.239140,0.307008
55007.900000,-0.559917,-0.554877,0.188659,-0.021250,0.008750,0.025000,1.000000,2.255980,0.303428
55008.000000,-0.562070,-0.549987,0.186282,-0.023750,-0.002500,0.020000,1.000000,2.250519,0.299239
55008.100000,-0.560839,-0.561377,0.191194,-0.021250,-0.000000,0.013750,1.000000,2.258138,0.304279
55008.200000,-0.549141,-0.563311,0.185932,-0.018750,0.003750,0.007500,1.000000,2.245183,0.308849
55008.300000,-0.539642,-0.566093,0.179856,-0.021250,0.007500,0.007500,1.000000,2.232469,0.310992
55008.400000,-0.541077,-0.562508,0.177516,-0.020000,0.003750,0.010000,1.000000,2.228541,0.308655
55008.500000,-0.528591,-0.563666,0.174204,-0.016250,-0.013750,0.003750,1.000000,2.218339,0.312112
55008.600000,-0.525246,-0.563550,0.167069,-0.010000,-0.005000,0.005000,1.000000,2.212584,0.309854
55008.700000,-0.510686,-0.566783,0.158299,-0.003750,-0.002500,0.000000,1.000000,2.194835,0.314170
55008.800000,-0.509124,-0.567440,0.162008,-0.001250,-0.002500,-0.001250,1.000000,2.201471,0.315716
55008.900000,-0.506563,-0.556386,0.157881,-0.002500,-0.002500,-0.001250,1.000000,2.193149,0.310044
55009.000000,-0.516665,-0.560024,0.164878,-0.005000,0.001250,0.001250,1.000000,2.207645,0.310675
55009.100000,-0.513212,-0.564761,0.175118,-0.008750,-0.002500,0.008750,1.000000,2.217878,0.317144
55009.200000,-0.515325,-0.562402,0.178881,-0.008750,-0.020000,-0.013750,1.000000,2.224761,0.319257
55009.300000,-0.508253,-0.569559,0.182384,-0.012500,-0.032500,-0.011250,1.000000,2.227351,0.323847
55009.400000,-0.494347,-0.556187,0.185626,-0.008750,0.002500,-0.017500,1.000000,2.210053,0.321931
55009.500000,-0.498047,-0.547849,0.195718,0.023750,0.003750,-0.007500,1.000000,2.211566,0.318846
55009.600000,-0.479262,-0.523671,0.212010,0.106250,-0.001250,0.001250,1.000000,2.191356,0.310300
55009.700000,-0.471996,-0.491574,0.245062,0.257500,-0.026250,-0.001250,1.000000,2.187141,0.303290
55009.800000,-0.463832,-0.414839,0.228943,0.445000,-0.015000,-0.020000,1.000000,2.155439,0.269583
55009.900000,-0.468736,-0.297540,0.203884,0.630000,-0.068750,-0.051250,1.000000,2.131877,0.210540
55010.000000,-0.438158,-0.144368,0.176456,0.777500,-0.100000,-0.008750,1.000000,2.095941,0.129650
55010.100000,-0.394413,0.053358,0.130577,0.878750,-0.142500,0.032500,1.000000,2.065673,0.024546
55010.200000,-0.331169,0.250835,0.089310,0.883750,-0.345000,0.110000,1.000000,2.061473,-0.087473
55010.300000,-0.184204,0.435346,0.061071,0.782500,-0.362500,0.153750,1.000000,2.010659,-0.221996
55010.400000,-0.061520,0.603019,0.006026,0.695000,-0.456250,0.162500,1.000000,1.949181,-0.339713
55010.500000,0.096458,0.726187,-0.052081,0.461250,-0.363750,0.173750,1.000000,1.865677,-0.450604
55010.600000,0.202224,0.813151,-0.044567,0.245000,-0.295000,0.152500,1.000000,1.800451,-0.521523
55010.700000,0.311788,0.841794,-0.065106,0.100000,-0.207500,0.163750,1.000000,1.728524,-0.559127
55010.800000,0.394215,0.858049,-0.055531,-0.037500,-0.073750,0.096250,1.000000,1.695285,-0.578889
55010.900000,0.397734,0.828654,-0.070504,-0.150000,0.302500,-0.015000,1.000000,1.673381,-0.565813
55011.000000,0.290026,0.791662,-0.065251,-0.191250,0.900000,-0.156250,1.000000,1.688199,-0.530132
55011.100000,0.074711,0.755075,-0.053348,-0.003750,0.956250,-0.236250,1.000000,1.744241,-0.455603
55011.200000,-0.130573,0.721944,-0.038284,0.007500,1.100000,-0.231250,1.000000,1.826987,-0.387288
55011.300000,-0.365268,0.716105,-0.044605,0.080000,1.010000,-0.227500,1.000000,1.919154,-0.323412
55011.400000,-0.546784,0.712852,-0.064360,0.096250,0.900000,-0.175000,1.000000,2.021110,-0.279958
55011.500000,-0.725437,0.732177,-0.050684,0.032500,0.836250,-0.150000,1.000000,2.119562,-0.252055
55011.600000,-0.895359,0.710514,-0.050405,-0.038750,0.671250,-0.061250,1.000000,2.193461,-0.211126
55011.700000,-1.007035,0.694295,0.009627,-0.091250,0.165000,0.072500,1.000000,2.251176,-0.183990
55011.800000,-0.994321,0.683017,0.034624,-0.057500,-0.490000,0.188750,1.000000,2.261829,-0.170814
55011.900000,-0.912224,0.695721,0.025859,-0.223750,-0.732500,0.285000,1.000000,2.241395,-0.183997
55012.000000,-0.777950,0.697973,0.033082,-0.268750,-1.006250,0.333750,1.000000,2.186748,-0.208892
55012.100000,-0.573776,0.672991,0.040322,-0.333750,-0.987500,0.333750,1.000000,2.080230,-0.242004
55012.200000,-0.374468,0.631448,0.023226,-0.338750,-0.972500,0.292500,1.000000,1.969848,-0.257874
55012.300000,-0.187405,0.570797,0.042793,-0.268750,-0.870000,0.280000,1.000000,1.846823,-0.259887
55012.400000,-0.060883,0.533371,0.022911,-0.126250,-0.728750,0.306250,1.000000,1.750225,-0.277071
55012.500000,0.136418,0.567573,-0.014134,-0.015000,-0.635000,0.303750,1.000000,1.667741,-0.335953
55012.600000,0.300117,0.589773,-0.032468,-0.096250,-0.233750,0.245000,1.000000,1.598707,-0.400374
55012.700000,0.420381,0.595142,-0.051599,-0.236250,0.063750,0.150000,1.000000,1.563923,-0.444691
55012.800000,0.440051,0.552360,-0.033555,-0.442500,0.380000,0.015000,1.000000,1.538381,-0.434607
55012.900000,0.347875,0.456207,0.024257,-0.496250,0.485000,-0.037500,1.000000,1.593715,-0.363126
55013.000000,0.242606,0.347340,0.092654,-0.496250,0.518750,0.002500,1.000000,1.683885,-0.285633
55013.100000,0.131266,0.245341,0.083421,-0.542500,0.492500,0.015000,1.000000,1.789527,-0.218746
55013.200000,0.070370,0.135413,0.123809,-0.626250,0.426250,-0.052500,1.000000,1.873656,-0.146092
55013.300000,-0.073322,-0.039861,0.156427,-0.675000,0.581250,-0.110000,1.000000,1.950987,-0.030548
55013.400000,-0.231536,-0.205909,0.186683,-0.595000,0.421250,-0.090000,1.000000,2.018721,0.085877
55013.500000,-0.375396,-0.357764,0.220668,-0.403750,0.323750,-0.062500,1.000000,2.065448,0.188850
55013.600000,-0.479635,-0.465394,0.213580,-0.150000,0.248750,0.007500,1.000000,2.142024,0.251803
55013.700000,-0.547730,-0.478049,0.179966,-0.017500,0.140000,0.051250,1.000000,2.198937,0.256524
55013.800000,-0.594345,-0.465899,0.159055,0.005000,0.130000,0.040000,1.000000,2.220035,0.238942
55013.900000,-0.613814,-0.446596,0.170103,0.013750,0.085000,0.027500,1.000000,2.227230,0.226226
55014.000000,-0.642939,-0.430922,0.168231,0.018750,0.091250,0.027500,1.000000,2.241140,0.215740
55014.100000,-0.663088,-0.412878,0.171355,0.021250,0.037500,0.026250,1.000000,2.245845,0.202659
55014.200000,-0.673702,-0.410706,0.173343,0.021250,0.011250,0.013750,1.000000,2.253968,0.203091
55014.300000,-0.682540,-0.410019,0.174840,0.017500,0.010000,0.013750,1.000000,2.263590,0.204506
55014.400000,-0.689699,-0.397107,0.176331,0.006250,0.005000,0.020000,1.000000,2.265410,0.198566
55014.500000,-0.688581,-0.393403,0.179040,0.002500,0.010000,0.017500,1.000000,2.266099,0.196793
55014.600000,-0.685739,-0.398975,0.175079,-0.002500,-0.010000,0.015000,1.000000,2.264607,0.202626
55014.700000,-0.691577,-0.396751,0.178788,-0.005000,-0.006250,0.016250,1.000000,2.270120,0.199523
55014.800000,-0.695035,-0.402126,0.183462,-0.008750,-0.005000,0.017500,1.000000,2.277577,0.202774
55014.900000,-0.697131,-0.406757,0.187211,-0.011250,-0.006250,0.015000,1.000000,2.285909,0.205468
55015.000000,-0.695289,-0.400779,0.183837,-0.010000,0.003750,0.016250,1.000000,2.280975,0.199792
55015.100000,-0.696232,-0.391544,0.182791,-0.010000,0.003750,0.017500,1.000000,2.280148,0.194180
55015.200000,-0.696738,-0.396447,0.185818,-0.010000,0.013750,0.007500,1.000000,2.284934,0.197316
55015.300000,-0.693505,-0.406022,0.184552,-0.008750,0.006250,0.013750,1.000000,2.285723,0.204075
55015.400000,-0.694235,-0.396962,0.185443,-0.005000,0.030000,0.023750,1.000000,2.286170,0.198488
55015.500000,-0.704266,-0.394857,0.184577,-0.005000,0.031250,0.025000,1.000000,2.291753,0.196566
55015.600000,-0.709109,-0.385045,0.184033,-0.002500,0.036250,0.026250,1.000000,2.291946,0.189800
55015.700000,-0.715914,-0.384715,0.184078,0.002500,0.048750,0.030000,1.000000,2.293871,0.191183
55015.800000,-0.727911,-0.381019,0.188216,0.006250,0.057500,0.035000,1.000000,2.303347,0.190674
55015.900000,-0.737574,-0.377439,0.188878,0.010000,0.068750,0.038750,1.000000,2.304898,0.188105
55016.000000,-0.750561,-0.368035,0.185479,0.015000,0.086250,0.038750,1.000000,2.304489,0.181537
55016.100000,-0.771346,-0.347886,0.190199,0.017500,0.096250,0.038750,1.000000,2.312403,0.168079
55016.200000,-0.786397,-0.340235,0.191169,0.016250,0.098750,0.035000,1.000000,2.316865,0.163470
55016.300000,-0.792853,-0.320108,0.190885,0.017500,0.096250,0.036250,1.000000,2.315454,0.153978
55016.400000,-0.805515,-0.302220,0.188684,0.016250,0.096250,0.037500,1.000000,2.314768,0.143766
55016.500000,-0.820603,-0.284614,0.192514,0.013750,0.087500,0.038750,1.000000,2.320397,0.132513
55016.600000,-0.829209,-0.273844,0.194242,0.008750,0.076250,0.036250,1.000000,2.323918,0.126033
55016.700000,-0.842107,-0.266332,0.199539,0.005000,0.066250,0.030000,1.000000,2.335198,0.122312
55016.800000,-0.848875,-0.249763,0.201285,0.003750,0.042500,0.032500,1.000000,2.339024,0.113548
55016.900000,-0.846835,-0.244381,0.199555,0.001429,0.045714,0.028571,1.000000,2.336020,0.111377
55017.000000,-0.853188,-0.237115,0.201791,0.000000,0.033333,0.028333,1.000000,2.339603,0.107074
55017.100000,-0.865454,-0.238257,0.207144,0.000000,0.036000,0.024000,1.000000,2.351408,0.105772
55017.200000,-0.865663,-0.246812,0.210700,0.000000,0.025000,0.020000,1.000000,2.356769,0.111948
