Time,aclx,acly,aclz,gx,gy,gz,mr,mtheta,mphi56450.400000,0.741114,0.228894,1.451174,0.020000,-0.010000,-0.230000,1.000000,0.978179,2.284321
56450.500000,0.835633,0.187550,1.497515,-0.340000,-0.150000,0.230000,1.000000,0.921494,2.347625
56450.600000,0.691494,0.214805,1.488002,-0.080000,-0.050000,-0.100000,1.000000,0.994747,2.270555
56450.700000,0.687336,0.173054,1.528935,0.080000,-0.180000,-0.050000,1.000000,0.961721,2.306798
56450.800000,0.679170,0.159890,1.477800,0.240000,-0.180000,0.030000,1.000000,0.927409,2.307445
56450.900000,0.687058,0.167076,1.393574,0.320000,-0.230000,0.120000,1.000000,0.984028,2.219221
56451.000000,0.662798,0.227746,1.453243,0.260000,-0.210000,0.320000,1.000000,0.927528,2.246667
56451.100000,0.799665,0.216603,1.348484,0.280000,-0.020000,0.530000,1.000000,0.838525,2.275379
56451.200000,0.725810,0.261809,1.325614,0.200000,0.090000,0.370000,1.000000,0.683105,2.445134
56451.300000,0.863445,0.235754,1.380996,0.160000,0.120000,0.160000,1.000000,0.669897,2.479069
56451.400000,0.807486,0.250123,1.355691,0.060000,0.140000,-0.020000,1.000000,0.653084,2.490554
56451.500000,0.828587,0.251514,1.357456,0.090000,-0.180000,-0.200000,1.000000,0.653512,2.588445
56451.600000,0.870515,0.278445,1.398349,0.010000,-0.290000,-0.420000,1.000000,0.709828,2.468023
56451.700000,0.848146,0.288516,1.437394,0.110000,-0.080000,-0.500000,1.000000,0.784950,2.335660
56451.800000,0.740798,0.416523,1.319462,0.170000,0.160000,-0.400000,1.000000,0.969727,2.171180
56451.900000,0.801621,0.430908,1.347425,0.030000,-0.210000,-0.390000,1.000000,1.079303,2.130077
56452.000000,0.886564,0.512526,1.326233,-0.060000,-0.200000,0.250000,1.000000,1.304758,2.047826
56452.100000,0.919031,0.435312,1.327580,0.070000,-0.170000,0.290000,1.000000,1.070415,2.118552
56452.200000,0.902620,0.456275,1.270577,0.160000,-0.040000,0.180000,1.000000,1.080110,2.105957
56452.300000,0.942781,0.469258,1.299771,0.060000,0.120000,0.270000,1.000000,1.112337,2.069368
56452.400000,0.915097,0.409703,1.331837,-0.000000,0.220000,0.270000,1.000000,0.926391,2.161944
56452.500000,0.926481,0.311622,1.365016,-0.040000,0.220000,0.300000,1.000000,0.796579,2.260902
56452.600000,0.882728,0.316203,1.347179,0.000000,0.070000,0.250000,1.000000,0.807545,2.295906
56452.700000,0.864520,0.302286,1.342044,0.040000,0.230000,0.080000,1.000000,0.738105,2.369625
56452.800000,0.834713,0.294011,1.401105,-0.010000,-0.110000,-0.030000,1.000000,0.800839,2.329458
56452.900000,0.844854,0.271555,1.380752,0.080000,0.050000,-0.030000,1.000000,0.714434,2.442252
56453.000000,0.775155,0.325543,1.408886,-0.030000,0.140000,-0.180000,1.000000,0.779826,2.386879
56453.100000,0.833726,0.321189,1.445944,-0.110000,-0.180000,0.050000,1.000000,0.821801,2.342036
56453.200000,0.834736,0.258905,1.371641,-0.050000,-0.160000,0.100000,1.000000,0.708018,2.452987
56453.300000,0.904109,0.275674,1.363200,0.030000,-0.140000,-0.060000,1.000000,0.661874,2.442092
56453.400000,0.826678,0.301644,1.358634,0.030000,0.120000,0.030000,1.000000,0.735711,2.364394
56453.500000,0.878678,0.290875,1.355493,-0.000000,0.120000,0.160000,1.000000,0.733029,2.360082
56453.600000,0.912412,0.225740,1.363334,-0.110000,0.060000,0.130000,1.000000,0.604736,2.507303
56453.700000,0.889090,0.199798,1.395171,-0.160000,0.200000,0.070000,1.000000,0.600105,2.667733
56453.800000,0.685285,0.181473,1.377059,-0.260000,0.880000,0.060000,1.000000,0.668964,2.623383
56453.900000,0.658953,0.148273,1.497899,-0.340000,0.330000,0.150000,1.000000,0.659085,2.825165
56454.000000,0.691652,0.087190,1.592209,-0.290000,0.080000,0.200000,1.000000,0.662876,2.985662
56454.100000,0.776561,0.045148,1.589245,-0.040000,-0.260000,0.010000,1.000000,0.665102,-3.058860
56454.200000,0.595631,0.016725,1.510514,-0.040000,-0.030000,0.000000,1.000000,0.664649,-3.111521
56454.300000,0.622151,0.011812,1.524586,-0.020000,0.050000,0.080000,1.000000,0.670154,-3.134864
56454.400000,0.652572,-0.000963,1.534000,-0.010000,0.040000,0.020000,1.000000,0.670801,-3.077841
56454.500000,0.610248,-0.024594,1.547174,-0.010000,0.030000,-0.020000,1.000000,0.698627,-2.983056
56454.600000,0.628861,-0.022703,1.527509,0.000000,-0.030000,0.020000,1.000000,0.684182,-2.984779
56454.700000,0.643765,-0.000727,1.530735,-0.000000,0.010000,-0.000000,1.000000,0.652149,-3.074921
56454.800000,0.633440,0.001667,1.513086,-0.010000,0.000000,0.020000,1.000000,0.668022,-3.134099
56454.900000,0.650719,-0.006436,1.502294,-0.010000,0.020000,0.010000,1.000000,0.639588,-3.093019
56455.000000,0.651554,-0.021959,1.523086,-0.010000,0.010000,-0.010000,1.000000,0.659070,-3.023911
56455.100000,0.616771,-0.021383,1.540407,-0.010000,0.030000,-0.020000,1.000000,0.682958,-3.034729
56455.200000,0.645222,-0.014584,1.518887,-0.010000,0.030000,-0.020000,1.000000,0.650617,-3.056212
56455.300000,0.631253,-0.020610,1.525537,0.010000,0.000000,-0.040000,1.000000,0.672900,-3.079849
56455.400000,0.627677,-0.057308,1.537908,0.010000,0.040000,-0.040000,1.000000,0.694417,-2.924042
56455.500000,0.632069,-0.010623,1.534683,0.020000,0.090000,-0.040000,1.000000,0.670369,-3.124016
56455.600000,0.643217,0.005751,1.523321,0.050000,0.140000,-0.120000,1.000000,0.668436,3.130765
56455.700000,0.626331,-0.000652,1.539627,0.020000,0.090000,-0.150000,1.000000,0.663492,3.114448
56455.800000,0.600251,0.035444,1.568129,0.010000,-0.060000,-0.070000,1.000000,0.712208,3.010708
56455.900000,0.601373,0.036311,1.490383,0.010000,-0.080000,0.020000,1.000000,0.646368,2.983163
56456.000000,0.597660,0.036154,1.529968,-0.000000,-0.060000,0.020000,1.000000,0.700898,3.004148
56456.100000,0.628343,-0.006332,1.538950,0.030000,-0.060000,-0.010000,1.000000,0.677000,-3.099502
56456.200000,0.630603,0.027295,1.535233,0.020000,-0.090000,-0.020000,1.000000,0.680832,2.992123
56456.300000,0.647727,0.028016,1.517394,0.020000,0.010000,-0.020000,1.000000,0.665379,3.029428
56456.400000,0.656207,0.023448,1.507715,0.010000,-0.020000,-0.020000,1.000000,0.647383,3.094294
56456.500000,0.644419,0.029213,1.519317,0.020000,-0.020000,-0.000000,1.000000,0.654739,3.020742
56456.600000,0.633771,0.044490,1.531057,0.010000,-0.010000,-0.020000,1.000000,0.679538,2.958764
56456.700000,0.667372,0.037366,1.512780,0.030000,-0.000000,-0.030000,1.000000,0.636885,2.973688
56456.800000,0.646256,0.081300,1.515535,0.020000,-0.050000,0.000000,1.000000,0.696131,2.842156
56456.900000,0.656315,0.058628,1.495722,0.010000,-0.090000,0.030000,1.000000,0.662075,2.929916
56457.000000,0.639137,0.054756,1.513860,0.030000,0.040000,0.000000,1.000000,0.677816,2.909419
56457.100000,0.672472,0.054029,1.508480,0.020000,0.010000,0.010000,1.000000,0.649025,2.945704
56457.200000,0.651974,0.066436,1.496960,0.010000,-0.010000,0.000000,1.000000,0.667889,2.843100
56457.300000,0.655120,0.047348,1.508007,0.010000,0.020000,-0.000000,1.000000,0.657265,2.982620
56457.400000,0.646415,0.058573,1.515605,0.030000,-0.020000,-0.030000,1.000000,0.661878,2.930077
56457.500000,0.653778,0.078763,1.506801,0.030000,0.030000,-0.010000,1.000000,0.682529,2.843487
56457.600000,0.637733,0.116947,1.500134,0.030000,0.040000,-0.010000,1.000000,0.722473,2.737069
56457.700000,0.648119,0.072185,1.527000,0.020000,0.040000,0.000000,1.000000,0.693183,2.930436
56457.800000,0.668197,0.060623,1.514025,-0.000000,-0.010000,-0.010000,1.000000,0.653983,2.965197
56457.900000,0.688558,0.060858,1.501031,0.040000,-0.070000,-0.040000,1.000000,0.636940,2.955664
56458.000000,0.675550,0.077439,1.493429,0.040000,0.010000,-0.020000,1.000000,0.654101,2.879653
56458.100000,0.683797,0.096776,1.491953,0.000000,-0.000000,0.010000,1.000000,0.687928,2.751767
56458.200000,0.674723,0.085504,1.492380,-0.010000,-0.030000,0.030000,1.000000,0.673210,2.798943
56458.300000,0.658398,0.076173,1.501437,0.000000,-0.010000,0.030000,1.000000,0.673091,2.848904
56458.400000,0.658775,0.067555,1.514027,0.010000,0.010000,0.010000,1.000000,0.680497,2.897617
56458.500000,0.665322,0.065523,1.516323,0.010000,0.010000,-0.020000,1.000000,0.668693,2.899782
56458.600000,0.674673,0.072932,1.481105,0.020000,0.030000,-0.020000,1.000000,0.644797,2.841961
56458.700000,0.667138,0.113095,1.499301,0.020000,-0.010000,-0.020000,1.000000,0.705068,2.736845
56458.800000,0.693393,0.086436,1.469087,0.020000,-0.010000,-0.010000,1.000000,0.634865,2.811873
56458.900000,0.663533,0.097955,1.526530,0.010000,-0.020000,0.010000,1.000000,0.717328,2.778533
56459.000000,0.683895,0.090063,1.494117,0.020000,-0.000000,0.000000,1.000000,0.668604,2.824277
56459.100000,0.681669,0.061530,1.509666,0.010000,0.010000,-0.010000,1.000000,0.648797,2.958187
56459.200000,0.677928,0.108412,1.499055,0.030000,0.010000,-0.020000,1.000000,0.698074,2.754646
56459.300000,0.681042,0.081906,1.497469,0.010000,-0.020000,0.010000,1.000000,0.674787,2.820135
56459.400000,0.681151,0.110175,1.494763,0.010000,-0.010000,0.010000,1.000000,0.695890,2.742017
56459.500000,0.672587,0.081337,1.495605,0.000000,0.000000,0.010000,1.000000,0.671888,2.820461
56459.600000,0.681076,0.068656,1.518923,0.000000,0.010000,0.010000,1.000000,0.662198,2.879311
56459.700000,0.686241,0.017975,1.495424,0.020000,0.010000,-0.000000,1.000000,0.629547,-3.113325
56459.800000,0.689345,0.103604,1.493771,0.010000,-0.000000,-0.010000,1.000000,0.689467,2.713128
56459.900000,0.653737,0.095804,1.517955,0.010000,0.000000,0.000000,1.000000,0.704159,2.826810
56460.000000,0.680089,0.092680,1.498561,0.010000,0.020000,0.010000,1.000000,0.677012,2.818086
56460.100000,0.686222,0.073135,1.502994,0.000000,-0.000000,0.030000,1.000000,0.649466,2.899029
56460.200000,0.686772,0.062666,1.514813,0.020000,-0.010000,0.020000,1.000000,0.664225,2.911147
56460.300000,0.699759,0.095883,1.482758,0.020000,-0.010000,-0.010000,1.000000,0.651491,2.772796
56460.400000,0.671224,0.060934,1.500262,0.000000,-0.000000,-0.020000,1.000000,0.649178,2.961361
56460.500000,0.684968,0.096593,1.479016,-0.000000,0.020000,0.000000,1.000000,0.659414,2.777714
56460.600000,0.658259,0.079735,1.524428,0.000000,-0.000000,0.010000,1.000000,0.683014,2.888744
56460.700000,0.664338,0.062635,1.508597,0.020000,-0.000000,0.020000,1.000000,0.661461,2.958923
56460.800000,0.677144,0.078751,1.490156,-0.010000,0.000000,0.010000,1.000000,0.662334,2.825577
56460.900000,0.678368,0.072792,1.510294,0.010000,0.020000,0.000000,1.000000,0.645729,2.898262
56461.000000,0.672347,0.065113,1.485841,0.000000,0.010000,-0.000000,1.000000,0.633418,2.931283
56461.100000,0.660413,0.093191,1.519013,-0.010000,-0.010000,0.020000,1.000000,0.702388,2.787622
56461.200000,0.675321,0.082008,1.502073,0.020000,0.030000,-0.010000,1.000000,0.668507,2.813550
56461.300000,0.688858,0.091118,1.477672,-0.000000,-0.000000,0.020000,1.000000,0.662245,2.812334
56461.400000,0.699299,0.090108,1.508562,-0.020000,-0.040000,0.050000,1.000000,0.686275,2.787248
56461.500000,0.684633,0.111902,1.485403,0.020000,0.010000,-0.010000,1.000000,0.694907,2.668106
56461.600000,0.703251,0.061674,1.473101,0.040000,-0.040000,0.030000,1.000000,0.645795,2.849922
56461.700000,0.709262,0.071268,1.487133,0.010000,0.000000,0.020000,1.000000,0.661800,2.811046
56461.800000,0.695377,0.049683,1.488168,-0.000000,0.040000,-0.010000,1.000000,0.615161,2.893633
56461.900000,0.691141,0.037318,1.488925,-0.000000,-0.010000,0.020000,1.000000,0.622412,3.071924
56462.000000,0.707844,0.058919,1.489241,-0.010000,0.010000,0.000000,1.000000,0.661444,2.823812
56462.100000,0.697783,0.025449,1.489975,-0.020000,0.010000,0.000000,1.000000,0.613303,3.027186
56462.200000,0.683132,0.069640,1.493474,-0.010000,0.050000,-0.020000,1.000000,0.644045,2.859775
56462.300000,0.676243,0.048977,1.471222,0.030000,0.040000,-0.040000,1.000000,0.622800,2.958392
56462.400000,0.664167,0.067225,1.494113,0.010000,0.000000,0.000000,1.000000,0.665316,2.836622
56462.500000,0.682245,0.083028,1.507003,0.030000,0.030000,-0.010000,1.000000,0.664253,2.858073
56462.600000,0.681398,0.100688,1.473107,0.060000,0.050000,-0.010000,1.000000,0.669602,2.765299
56462.700000,0.683206,0.119858,1.488724,0.030000,-0.010000,0.010000,1.000000,0.721164,2.659363
56462.800000,0.681169,0.101036,1.506100,0.050000,0.010000,-0.040000,1.000000,0.684667,2.780419
56462.900000,0.675932,0.068796,1.483746,0.030000,0.010000,-0.070000,1.000000,0.646625,2.919863
56463.000000,0.677314,0.094005,1.500471,0.000000,-0.040000,-0.030000,1.000000,0.693607,2.773888
56463.100000,0.711140,0.106178,1.481006,-0.010000,-0.050000,0.010000,1.000000,0.690767,2.698916
56463.200000,0.694229,0.078164,1.491074,-0.010000,-0.000000,0.000000,1.000000,0.650907,2.817887
56463.300000,0.703275,0.096505,1.477935,0.010000,-0.010000,-0.010000,1.000000,0.647086,2.763626
56463.400000,0.687630,0.102765,1.463027,0.020000,0.070000,-0.000000,1.000000,0.677269,2.700739
56463.500000,0.697679,0.065269,1.499882,0.000000,-0.030000,0.010000,1.000000,0.657994,2.840732
56463.600000,0.714002,0.037072,1.471027,-0.000000,-0.020000,0.000000,1.000000,0.608261,2.961420
56463.700000,0.663279,0.068793,1.505046,0.010000,0.020000,-0.020000,1.000000,0.668236,2.830805
56463.800000,0.681860,0.087231,1.497011,0.020000,0.010000,0.020000,1.000000,0.668837,2.839699
56463.900000,0.681781,0.087620,1.505804,0.010000,-0.000000,0.020000,1.000000,0.679877,2.794158
56464.000000,0.713554,0.060719,1.449530,0.010000,0.040000,-0.020000,1.000000,0.628492,2.839892
56464.100000,0.691422,0.150967,1.479794,0.090000,0.080000,-0.020000,1.000000,0.697492,2.678486
56464.200000,0.713583,0.117148,1.494592,0.150000,-0.020000,0.060000,1.000000,0.702530,2.766729
56464.300000,0.682909,0.127670,1.481320,-0.010000,0.010000,-0.010000,1.000000,0.703595,2.708215
56464.400000,0.651663,0.067046,1.536029,-0.030000,-0.020000,0.100000,1.000000,0.679408,2.796820
56464.500000,0.665311,0.119748,1.484814,-0.020000,0.100000,0.020000,1.000000,0.681179,2.837273
56464.600000,0.674933,0.108544,1.472989,-0.020000,0.080000,0.020000,1.000000,0.665478,2.829627
56464.700000,0.620673,0.080983,1.490295,-0.100000,0.050000,0.030000,1.000000,0.689290,2.837964
56464.800000,0.623744,0.061949,1.537601,-0.050000,-0.060000,0.010000,1.000000,0.676409,2.873095
56464.900000,0.673917,0.088600,1.535981,-0.040000,-0.080000,0.080000,1.000000,0.717536,2.775443
56465.000000,0.671091,0.053385,1.519414,-0.000000,0.030000,-0.040000,1.000000,0.657889,2.903412
56465.100000,0.639815,0.041591,1.498552,0.010000,0.050000,-0.020000,1.000000,0.642425,2.902397
56465.200000,0.627829,0.060346,1.516577,0.020000,0.010000,0.010000,1.000000,0.699429,2.896780
56465.300000,0.645452,0.082551,1.525034,0.020000,0.030000,-0.020000,1.000000,0.708676,2.797268
56465.400000,0.634151,0.064980,1.528742,0.010000,0.000000,0.010000,1.000000,0.693604,2.870950
56465.500000,0.688744,0.053614,1.520591,0.020000,0.000000,-0.010000,1.000000,0.638392,2.942060
56465.600000,0.668881,0.061701,1.513107,0.090000,0.040000,-0.040000,1.000000,0.653487,2.959636
56465.700000,0.593485,0.082711,1.552462,0.160000,0.050000,-0.090000,1.000000,0.722705,2.900824
56465.800000,0.641004,0.091868,1.525354,0.000000,-0.110000,-0.030000,1.000000,0.724681,2.712658
56465.900000,0.731677,0.076954,1.514599,-0.010000,-0.100000,-0.100000,1.000000,0.691090,2.754556
56466.000000,0.803729,0.107089,1.592845,-0.000000,-0.090000,-0.340000,1.000000,0.714789,2.726638
56466.100000,0.819589,0.115940,1.616347,0.210000,1.000000,-0.690000,1.000000,0.732039,2.699591
56466.200000,0.650043,0.183541,1.645856,0.760000,-0.020000,-1.740000,1.000000,0.995348,2.408378
56466.300000,0.459385,0.423261,1.535016,1.080000,-0.160000,-2.150000,1.000000,1.453311,2.214977
56466.400000,0.201692,0.729097,1.303122,1.260000,-0.100000,-1.830000,1.000000,1.908940,2.119618
56466.500000,0.030400,0.931838,0.958464,1.190000,0.250000,-1.150000,1.000000,2.337848,2.091734
56466.600000,0.259959,1.232984,0.845663,0.550000,-0.510000,-0.890000,1.000000,2.550324,2.103387
56466.700000,0.061317,1.153930,0.794116,0.030000,0.550000,-0.560000,1.000000,2.800719,2.087066
56466.800000,0.234380,1.104640,0.793592,-0.110000,0.730000,-0.570000,1.000000,2.774719,2.081295
56466.900000,0.052955,0.948281,0.911189,-0.020000,1.160000,-0.420000,1.000000,2.603148,2.096602
56467.000000,-0.133415,0.867162,1.192048,0.030000,1.070000,-0.170000,1.000000,2.501360,2.097239
56467.100000,-0.301194,0.974838,1.143941,0.170000,1.560000,0.210000,1.000000,2.295112,2.126532
56467.200000,-0.489692,1.014645,1.068704,-0.100000,0.820000,0.690000,1.000000,2.255810,2.145096
56467.300000,-0.426170,1.095637,1.081613,0.270000,-0.150000,1.280000,1.000000,2.237286,2.123992
56467.400000,-0.068927,1.137952,0.924425,0.600000,-0.290000,1.630000,1.000000,2.410404,2.076093
56467.500000,0.095841,1.293464,0.801377,0.660000,-1.570000,1.710000,1.000000,2.568245,2.044407
56467.600000,0.520006,1.324032,0.628954,0.930000,-1.400000,1.560000,1.000000,2.870768,1.985581
56467.700000,0.818525,1.400952,0.491757,0.940000,-0.520000,1.130000,1.000000,3.123167,1.745888
56467.800000,0.955427,1.330996,0.254343,0.800000,-1.000000,0.780000,1.000000,2.942733,-1.201660
56467.900000,1.084567,1.305490,0.033956,0.430000,-0.450000,0.400000,1.000000,2.560276,-1.221652
56468.000000,1.027867,1.295101,0.129168,0.120000,-0.380000,0.160000,1.000000,2.478653,-1.210082
56468.100000,1.026359,1.318498,0.050973,0.170000,-0.450000,0.000000,1.000000,2.320201,-1.186163
56468.200000,1.065974,1.282783,-0.049493,0.080000,-0.210000,0.060000,1.000000,2.216058,-1.185406
56468.300000,1.102177,1.306427,-0.076848,-0.120000,0.180000,-0.120000,1.000000,2.145595,-1.163193
56468.400000,1.092891,1.317263,-0.070458,-0.530000,0.460000,-0.550000,1.000000,2.284776,-1.179358
56468.500000,0.956967,1.353146,0.084223,-0.970000,1.110000,-1.060000,1.000000,2.574400,-1.169548
56468.600000,0.717092,1.333778,0.323595,-0.900000,2.660000,-1.480000,1.000000,2.943741,-1.126542
56468.700000,0.166504,1.305037,0.572560,-0.530000,2.270000,-1.750000,1.000000,2.834690,2.024299
56468.800000,-0.003095,1.164736,0.628785,-0.860000,-0.310000,-1.630000,1.000000,2.656190,2.070227
56468.900000,-0.375112,1.154025,0.733751,-0.290000,2.070000,-1.080000,1.000000,2.522268,2.076317
56469.000000,-0.428170,1.155719,0.795482,-0.350000,0.220000,-0.430000,1.000000,2.280958,2.104985
56469.100000,-0.162239,1.054321,1.017337,-0.270000,0.000000,-0.370000,1.000000,2.133148,2.144921
56469.200000,-0.321780,0.951483,1.019367,-0.060000,0.170000,-0.410000,1.000000,2.043164,2.184255
56469.300000,-0.621721,0.914820,1.065507,0.190000,0.400000,-0.020000,1.000000,1.954122,2.204101
56469.400000,-0.367956,0.877074,1.028334,0.010000,0.010000,0.070000,1.000000,1.955765,2.208667
56469.500000,-0.360578,0.955435,0.926209,-0.110000,-0.860000,0.280000,1.000000,2.047907,2.167038
56469.600000,-0.207668,0.973465,1.064324,0.010000,-1.650000,0.690000,1.000000,2.069611,2.129597
56469.700000,0.022915,1.033056,0.954293,-0.010000,-2.050000,0.960000,1.000000,2.246677,2.101506
56469.800000,0.355897,1.209504,0.949630,0.240000,-1.870000,0.680000,1.000000,2.547121,2.024876
56469.900000,0.436578,1.125030,0.809898,-0.120000,-0.560000,1.030000,1.000000,2.693279,2.007008
56470.000000,0.492575,1.069528,0.843542,-0.740000,-0.210000,1.320000,1.000000,2.574118,2.010815
56470.100000,0.617682,0.819297,0.972835,-0.990000,0.070000,1.570000,1.000000,2.271650,1.958234
56470.200000,0.834254,0.666376,1.217209,-0.860000,0.150000,1.360000,1.000000,1.908220,1.973094
56470.300000,0.862961,0.387204,1.343394,-0.920000,0.700000,1.370000,1.000000,1.397447,2.025733
56470.400000,0.791479,0.197636,1.549319,-0.600000,0.650000,1.050000,1.000000,0.894602,2.331932
56470.500000,0.793382,0.096318,1.486330,-0.260000,0.010000,0.660000,1.000000,0.660176,2.717929
56470.600000,0.797418,-0.015592,1.563912,-0.230000,0.150000,0.490000,1.000000,0.627919,-3.095173
56470.700000,0.696172,-0.058298,1.579885,-0.090000,0.100000,0.110000,1.000000,0.663481,-3.134006
56470.800000,0.635448,-0.064939,1.517755,0.010000,0.080000,-0.030000,1.000000,0.658781,-2.961401
56470.900000,0.683595,-0.085874,1.498390,0.020000,-0.060000,0.010000,1.000000,0.676651,-2.869700
56471.000000,0.638731,-0.057009,1.548300,-0.000000,-0.020000,-0.060000,1.000000,0.678485,-3.052727
56471.100000,0.647351,-0.076795,1.515317,-0.000000,-0.030000,-0.020000,1.000000,0.656792,-2.951106
56471.200000,0.666090,-0.090649,1.514181,0.000000,-0.020000,-0.010000,1.000000,0.645164,-2.924032
56471.300000,0.642463,-0.080815,1.521599,0.040000,0.020000,-0.020000,1.000000,0.661422,-2.982770
56471.400000,0.651306,-0.053375,1.513640,0.050000,-0.010000,-0.030000,1.000000,0.656861,-3.063581
56471.500000,0.648452,-0.040595,1.515028,0.010000,0.030000,-0.030000,1.000000,0.644207,-3.073760
56471.600000,0.655491,-0.079777,1.494999,0.020000,0.030000,0.010000,1.000000,0.645530,-2.928840
56471.700000,0.649197,-0.081947,1.512699,0.030000,0.000000,-0.040000,1.000000,0.657155,-2.925501
56471.800000,0.646205,-0.082196,1.495550,0.020000,-0.020000,0.010000,1.000000,0.669583,-2.882606
56471.900000,0.635382,-0.061801,1.520420,-0.000000,0.010000,0.020000,1.000000,0.669143,-3.028236
56472.000000,0.644066,-0.072161,1.530880,0.010000,0.000000,0.000000,1.000000,0.681210,-2.939741
56472.100000,0.634536,-0.070089,1.531054,0.010000,-0.010000,-0.000000,1.000000,0.673888,-2.992012
56472.200000,0.623029,-0.056397,1.513344,0.000000,0.030000,-0.010000,1.000000,0.671313,-3.053500
56472.300000,0.616448,-0.101064,1.539768,0.020000,-0.020000,0.010000,1.000000,0.692413,-2.951268
56472.400000,0.648427,-0.051382,1.507114,0.020000,-0.000000,0.010000,1.000000,0.661206,-3.073872
56472.500000,0.638911,-0.077772,1.503338,-0.020000,-0.030000,0.030000,1.000000,0.654872,-2.945079
56472.600000,0.638380,-0.045702,1.527251,0.020000,-0.020000,0.010000,1.000000,0.660332,-3.099864
56472.700000,0.654172,-0.069058,1.486708,0.010000,0.040000,0.020000,1.000000,0.647183,-2.933673
56472.800000,0.629880,-0.061732,1.515097,-0.020000,0.100000,0.010000,1.000000,0.661746,-3.025947
56472.900000,0.642487,-0.050523,1.532017,0.020000,-0.010000,-0.020000,1.000000,0.657012,-3.029970
56473.000000,0.637668,-0.061250,1.482770,0.030000,-0.000000,-0.020000,1.000000,0.636620,-2.967729
56473.100000,0.618543,-0.083286,1.527213,-0.000000,0.000000,0.000000,1.000000,0.690500,-2.940072
56473.200000,0.627122,-0.079462,1.529668,-0.000000,0.000000,0.000000,1.000000,0.685460,-2.999869
56473.300000,0.703585,-0.001693,1.574013,-0.010000,0.030000,-0.060000,1.000000,0.688170,-3.035039
56473.400000,0.806047,-0.058928,1.588770,0.130000,-0.260000,-0.430000,1.000000,0.676132,-2.951971
56473.500000,0.866150,-0.043403,1.556798,0.140000,-0.480000,-0.920000,1.000000,0.655183,2.985398
56473.600000,0.866360,0.067923,1.508780,-0.070000,-0.720000,-1.420000,1.000000,0.771070,2.466208
56473.700000,0.932715,0.121629,1.433030,0.060000,-0.400000,-1.710000,1.000000,1.062805,2.114230
56473.800000,0.752024,0.292852,1.311467,0.470000,0.060000,-1.830000,1.000000,1.651461,1.969437
56473.900000,0.657368,0.459427,1.217360,0.630000,0.350000,-1.570000,1.000000,1.939296,1.954656
56474.000000,0.562257,0.729675,1.135688,0.830000,0.720000,-1.170000,1.000000,2.247518,1.982997
56474.100000,0.428308,0.956766,1.011392,0.720000,0.660000,-1.040000,1.000000,2.374506,1.999451
56474.200000,0.260207,1.085818,0.959767,0.450000,0.330000,-0.750000,1.000000,2.618438,2.037522
56474.300000,0.381329,1.184292,0.844074,-0.010000,0.460000,0.200000,1.000000,2.760581,2.033275
56474.400000,0.411433,1.088739,0.923556,-0.090000,0.870000,-0.130000,1.000000,2.657729,2.033806
56474.500000,0.198246,0.809651,1.060353,-0.400000,0.520000,-0.490000,1.000000,2.500753,2.034095
56474.600000,0.237434,0.840452,1.184967,0.070000,-0.550000,-0.170000,1.000000,2.359855,2.047766
56474.700000,0.228912,0.882880,1.242899,0.200000,0.440000,0.090000,1.000000,2.325973,2.027234
56474.800000,0.103294,0.942871,1.200913,0.230000,0.370000,0.350000,1.000000,2.337161,2.045732
56474.900000,0.123778,1.072401,1.244989,0.810000,-0.380000,0.580000,1.000000,2.435640,2.020856
56475.000000,0.227475,1.070194,1.014672,1.230000,-1.440000,1.100000,1.000000,2.751905,1.995569
56475.100000,0.412676,1.222706,0.680900,1.530000,-1.420000,1.340000,1.000000,3.127192,-0.812269
56475.200000,0.740170,1.254918,0.349046,1.440000,-1.020000,1.420000,1.000000,2.780143,-1.108710
56475.300000,0.967937,1.161692,0.125568,1.310000,-0.700000,1.100000,1.000000,2.569593,-1.153002
56475.400000,1.056631,1.194968,-0.084505,0.950000,-0.620000,0.670000,1.000000,2.295484,-1.137072
56475.500000,1.174525,1.186899,-0.249728,0.650000,-0.480000,0.500000,1.000000,1.948156,-1.115970
56475.600000,1.297475,1.212817,-0.291091,0.260000,-0.490000,0.190000,1.000000,1.750117,-1.045563
56475.700000,1.293725,1.189347,-0.311482,0.050000,-0.160000,0.020000,1.000000,1.643219,-1.048374
56475.800000,1.183111,1.131089,-0.300656,-0.010000,-0.270000,-0.020000,1.000000,1.601530,-1.010887
56475.900000,1.246023,1.154781,-0.383358,-0.120000,0.310000,-0.180000,1.000000,1.621640,-1.020555
56476.000000,1.208612,1.205629,-0.376384,-0.550000,0.680000,-0.380000,1.000000,1.805998,-1.060084
56476.100000,1.158427,1.190915,-0.243220,-1.090000,0.560000,-0.640000,1.000000,1.927709,-1.075016
56476.200000,1.000609,1.229926,0.060421,-1.440000,-0.010000,-0.850000,1.000000,2.241287,-1.116492
56476.300000,0.814333,1.236453,0.265366,-1.550000,0.700000,-0.760000,1.000000,2.490916,-1.095773
56476.400000,0.693309,1.202614,0.383071,-1.690000,1.180000,-0.800000,1.000000,2.825769,-1.096691
56476.500000,0.450866,1.038634,0.762976,-1.360000,1.950000,-0.830000,1.000000,2.976272,-1.102627
56476.600000,0.277696,0.987849,0.977486,-0.850000,1.120000,-0.540000,1.000000,2.928045,1.981771
56476.700000,0.278746,0.912991,1.115676,-0.360000,1.060000,-0.390000,1.000000,2.606692,1.974174
56476.800000,0.168889,0.859746,1.150992,-0.170000,0.430000,-0.220000,1.000000,2.274554,2.016656
56476.900000,0.305306,0.768895,1.410436,0.300000,0.630000,-0.250000,1.000000,2.154236,2.041876
56477.000000,0.153345,0.863514,1.153688,0.060000,-0.330000,0.030000,1.000000,2.119338,2.048180
56477.100000,0.226537,0.799747,1.116925,0.010000,-0.140000,0.080000,1.000000,2.203430,2.026489
56477.200000,0.201876,0.851446,1.089625,0.090000,-0.290000,0.110000,1.000000,2.331036,2.024410
56477.300000,0.140477,0.812767,1.089649,0.260000,-0.350000,0.330000,1.000000,2.332849,2.025320
56477.400000,0.227755,0.971382,0.944673,0.310000,0.110000,0.600000,1.000000,2.469845,2.022434
56477.500000,0.301573,1.078716,0.904443,-0.260000,-0.130000,0.760000,1.000000,2.512828,2.030704
56477.600000,0.279567,0.973483,1.133063,-0.700000,0.320000,1.030000,1.000000,2.307897,2.066744
56477.700000,0.339715,0.898684,1.325221,-0.850000,0.230000,1.410000,1.000000,2.172579,2.099412
56477.800000,0.211340,0.653197,1.339874,-0.950000,0.470000,1.860000,1.000000,1.725317,2.183485
56477.900000,0.431836,0.446792,1.558886,-0.860000,-0.060000,1.790000,1.000000,1.350039,2.285490
56478.000000,0.618754,0.201381,1.590120,-0.800000,-0.720000,1.560000,1.000000,0.958386,2.551983
56478.100000,0.714415,0.157022,1.535437,-0.430000,0.200000,0.850000,1.000000,0.813770,2.743619
56478.200000,0.575882,-0.072631,1.654263,-0.450000,0.370000,0.290000,1.000000,0.744820,3.087601
56478.300000,0.463802,-0.056033,1.713175,-0.190000,-0.230000,-0.060000,1.000000,0.812302,-3.019810
56478.400000,0.403078,-0.042609,1.616571,0.080000,-0.000000,-0.080000,1.000000,0.777980,-3.124271
56478.500000,0.423747,-0.057935,1.615142,0.050000,0.040000,-0.080000,1.000000,0.792032,-3.107589
56478.600000,0.416270,-0.055651,1.592859,0.020000,-0.040000,0.010000,1.000000,0.788164,-3.114805
56478.700000,0.457855,-0.024689,1.592058,0.050000,0.060000,-0.020000,1.000000,0.771020,-3.116582
56478.800000,0.433880,-0.012687,1.535925,0.020000,0.020000,0.050000,1.000000,0.749976,3.051612
56478.900000,0.430232,-0.055834,1.589785,0.010000,0.040000,0.010000,1.000000,0.767566,-3.112279
56479.000000,0.436776,-0.042032,1.583094,0.030000,0.060000,-0.020000,1.000000,0.772480,-3.125886
56479.100000,0.428773,-0.055933,1.619658,0.030000,-0.020000,-0.010000,1.000000,0.799093,-3.114830
56479.200000,0.443340,-0.024179,1.586305,0.030000,-0.050000,-0.010000,1.000000,0.777552,3.130187
56479.300000,0.437974,-0.033215,1.601309,0.020000,-0.030000,-0.010000,1.000000,0.785522,-3.122738
56479.400000,0.436066,-0.012495,1.583206,0.020000,0.020000,-0.020000,1.000000,0.776579,3.055724
56479.500000,0.443346,-0.017951,1.566455,0.010000,0.020000,0.010000,1.000000,0.764569,3.072986
56479.600000,0.444096,-0.032218,1.586050,0.010000,0.000000,0.000000,1.000000,0.761618,3.123263
56479.700000,0.443408,-0.030415,1.586199,0.030000,0.000000,-0.020000,1.000000,0.777655,3.117349
56479.800000,0.429947,-0.030457,1.589426,0.030000,-0.020000,-0.010000,1.000000,0.782757,3.117636
56479.900000,0.432958,0.001868,1.595165,0.030000,0.020000,-0.000000,1.000000,0.796815,3.044652
56480.000000,0.436085,-0.049680,1.602983,0.020000,-0.040000,-0.020000,1.000000,0.788796,-3.101432
56480.100000,0.451074,-0.023362,1.569066,0.020000,-0.010000,-0.030000,1.000000,0.752007,3.090981
56480.200000,0.443382,-0.022817,1.586074,0.020000,-0.020000,-0.020000,1.000000,0.778518,3.091461
56480.300000,0.439862,-0.022665,1.560244,-0.000000,-0.010000,0.010000,1.000000,0.753946,3.088635
56480.400000,0.450285,0.017639,1.578064,-0.020000,0.010000,0.020000,1.000000,0.777393,2.985323
56480.500000,0.440433,-0.022936,1.589401,0.000000,0.000000,0.010000,1.000000,0.768047,3.090933
56480.600000,0.451380,-0.018945,1.578380,0.010000,0.010000,0.010000,1.000000,0.767307,3.076850
56480.700000,0.436293,-0.015138,1.592409,-0.000000,0.010000,-0.020000,1.000000,0.790282,3.066879
56480.800000,0.467352,-0.009109,1.582602,0.010000,-0.010000,-0.020000,1.000000,0.758345,3.076306
56480.900000,0.459981,-0.009276,1.590029,0.020000,0.050000,-0.030000,1.000000,0.754357,3.076401
56481.000000,0.533879,-0.026907,1.646177,0.130000,-0.040000,-0.070000,1.000000,0.762384,3.104487
56481.100000,0.596493,0.005614,1.602066,0.230000,-0.170000,-0.240000,1.000000,0.737770,2.978599
56481.200000,0.680294,0.064229,1.615404,0.250000,-0.430000,-0.570000,1.000000,0.750702,2.869969
56481.300000,0.694241,0.142587,1.636976,0.360000,-0.530000,-1.080000,1.000000,0.840507,2.605747
56481.400000,0.716761,0.233111,1.481989,0.630000,-0.420000,-1.430000,1.000000,0.987042,2.332985
56481.500000,0.637620,0.416183,1.339501,0.910000,-0.080000,-1.590000,1.000000,1.438924,2.080251
56481.600000,0.588700,0.632501,1.218680,0.880000,-0.040000,-1.760000,1.000000,1.938574,2.005526
56481.700000,0.364578,0.881346,1.085567,0.930000,0.570000,-1.540000,1.000000,2.176196,2.014525
56481.800000,0.200497,0.992038,0.920577,0.710000,0.710000,-1.120000,1.000000,2.405047,2.048357
56481.900000,0.152469,1.032810,0.929615,0.330000,0.840000,-0.690000,1.000000,2.517153,2.043961
56482.000000,0.078997,1.084884,0.992444,0.050000,0.780000,-0.420000,1.000000,2.474489,2.078026
56482.100000,0.093777,1.041850,1.006387,-0.050000,1.340000,-0.230000,1.000000,2.373802,2.092233
56482.200000,-0.374066,0.929512,0.984662,0.060000,2.520000,-0.230000,1.000000,2.105486,2.173589
56482.300000,-0.359177,1.006620,1.134101,0.130000,0.430000,-0.020000,1.000000,2.064538,2.230003
56482.400000,-0.500836,0.965825,0.995289,-0.040000,0.540000,0.190000,1.000000,2.017863,2.257097
56482.500000,-0.654872,1.068258,0.947879,0.280000,1.020000,0.870000,1.000000,1.993963,2.266249
56482.600000,-0.451493,1.191664,0.842765,0.320000,-0.070000,1.270000,1.000000,2.105769,2.201010
56482.700000,-0.305081,1.283917,0.709505,0.330000,-0.250000,1.600000,1.000000,2.269039,2.153832
56482.800000,0.000645,1.382286,0.642126,0.390000,-0.370000,1.900000,1.000000,2.390847,2.113143
56482.900000,0.294924,1.403173,0.516961,0.150000,-0.910000,1.730000,1.000000,2.480521,2.052477
56483.000000,0.628919,1.382706,0.562300,-0.010000,-1.420000,1.470000,1.000000,2.524418,1.994808
56483.100000,0.558312,1.358492,0.460444,-0.160000,0.080000,0.260000,1.000000,2.670497,1.939439
56483.200000,0.760184,1.417013,0.578909,-0.160000,-0.470000,0.200000,1.000000,2.693988,1.928587
56483.300000,0.700758,1.423824,0.591873,-0.100000,-0.120000,0.130000,1.000000,2.673245,1.920804
56483.400000,0.787686,1.412437,0.625978,-0.090000,-0.390000,0.060000,1.000000,2.599717,1.927081
56483.500000,0.819692,1.405803,0.505064,-0.000000,-0.160000,-0.050000,1.000000,2.717876,1.911166
56483.600000,0.862935,1.359966,0.508250,-0.200000,0.140000,-0.390000,1.000000,2.726083,1.899398
56483.700000,0.659988,1.353026,0.587182,-0.370000,0.330000,-0.810000,1.000000,2.617369,1.940893
56483.800000,0.507007,1.372099,0.660429,-0.490000,0.340000,-0.990000,1.000000,2.503974,1.997764
56483.900000,0.372730,1.339747,0.722506,-0.540000,0.680000,-1.130000,1.000000,2.507112,2.023075
56484.000000,0.238911,1.267649,0.830739,-0.550000,1.270000,-1.420000,1.000000,2.391429,2.058157
56484.100000,-0.217551,1.077415,0.840199,-0.150000,1.550000,-1.360000,1.000000,2.194663,2.116660
56484.200000,-0.402554,1.019800,0.940817,-0.220000,0.410000,-1.050000,1.000000,2.075562,2.155525
56484.300000,-0.387485,1.006232,0.992451,-0.190000,0.510000,-0.640000,1.000000,1.930678,2.206400
56484.400000,-0.431692,0.906536,1.047291,-0.090000,0.110000,-0.450000,1.000000,1.827744,2.254723
56484.500000,-0.462069,0.875821,1.047530,-0.020000,0.310000,-0.310000,1.000000,1.811713,2.294205
56484.600000,-0.438857,0.772188,1.254940,-0.010000,0.010000,-0.280000,1.000000,1.753573,2.320826
56484.700000,-0.589666,0.880950,0.932613,0.100000,-0.240000,-0.090000,1.000000,1.795457,2.357770
56484.800000,-0.574201,0.886018,1.030672,0.150000,0.220000,0.240000,1.000000,1.851911,2.340562
56484.900000,-0.574825,0.868519,0.978111,0.120000,-0.360000,0.390000,1.000000,1.889227,2.288132
56485.000000,-0.384840,0.954310,0.945218,0.230000,-0.980000,0.750000,1.000000,1.972783,2.210023
56485.100000,-0.226532,1.083035,0.894519,0.110000,-1.070000,0.960000,1.000000,2.120846,2.150275
56485.200000,0.018314,1.213069,0.858995,0.120000,-1.970000,1.020000,1.000000,2.334775,2.107710
56485.300000,0.177761,1.115007,0.798757,-0.240000,-1.590000,1.180000,1.000000,2.412650,2.049614
56485.400000,0.450164,1.058713,0.848780,-0.820000,-0.820000,1.620000,1.000000,2.445154,2.015222
56485.500000,0.835555,0.834364,1.110105,-1.190000,-0.750000,1.650000,1.000000,2.026475,1.976699
56485.600000,0.975742,0.601609,1.146301,-1.020000,0.190000,1.390000,1.000000,1.778720,1.917787
56485.700000,0.980889,0.401983,1.368828,-0.930000,0.570000,1.040000,1.000000,1.201753,2.038522
56485.800000,0.848191,0.314883,1.541434,-0.630000,0.860000,0.470000,1.000000,0.953051,2.213864
56485.900000,0.733338,0.200757,1.477489,-0.270000,0.470000,0.300000,1.000000,0.736972,2.534869
56486.000000,0.596707,-0.003206,1.602839,-0.520000,-0.140000,0.420000,1.000000,0.761807,2.733169
56486.100000,0.580722,0.001567,1.543453,-0.320000,0.350000,0.350000,1.000000,0.719144,2.859052
56486.200000,0.628135,0.017655,1.599216,-0.190000,-0.190000,-0.030000,1.000000,0.676948,-3.116997
56486.300000,0.621318,-0.065186,1.555535,-0.010000,-0.270000,-0.090000,1.000000,0.671546,3.134912
56486.400000,0.646656,-0.032642,1.537066,0.030000,-0.020000,-0.070000,1.000000,0.647355,3.075635
56486.500000,0.643470,0.022237,1.510787,0.120000,-0.090000,-0.010000,1.000000,0.684889,2.925584
56486.600000,0.660758,-0.000143,1.491515,0.040000,-0.060000,0.050000,1.000000,0.644379,3.014361
56486.700000,0.658456,0.004862,1.514590,0.030000,0.010000,0.050000,1.000000,0.646382,3.039334
56486.800000,0.625901,0.022467,1.498701,0.060000,0.080000,-0.000000,1.000000,0.674987,2.966037
56486.900000,0.644887,0.011587,1.516728,0.030000,0.030000,0.020000,1.000000,0.634391,3.052611
56487.000000,0.605166,-0.004070,1.478039,0.000000,0.090000,0.090000,1.000000,0.656475,2.989140
56487.100000,0.644358,0.007043,1.528951,-0.050000,0.010000,0.050000,1.000000,0.658362,2.984539
56487.200000,0.631522,0.005190,1.534793,0.010000,0.010000,0.070000,1.000000,0.674621,3.044594
56487.300000,0.648467,-0.014890,1.526647,-0.000000,0.000000,0.030000,1.000000,0.663170,3.042286
56487.400000,0.629691,-0.016525,1.513443,0.020000,0.060000,0.010000,1.000000,0.641451,3.093587
56487.500000,0.588834,0.007722,1.504827,0.010000,0.040000,0.030000,1.000000,0.673445,2.940572
56487.600000,0.595815,-0.024589,1.531845,0.010000,0.000000,0.070000,1.000000,0.680606,3.132179
56487.700000,0.652458,-0.064592,1.489649,-0.030000,-0.000000,0.100000,1.000000,0.641999,-3.004298
56487.800000,0.628395,-0.060112,1.548590,0.000000,0.040000,0.050000,1.000000,0.679932,-3.039396
56487.900000,0.629577,-0.061234,1.547193,0.020000,0.030000,0.040000,1.000000,0.678381,-3.033907
56488.000000,0.607450,0.003471,1.498228,-0.010000,0.070000,0.110000,1.000000,0.662124,3.095568
56488.100000,0.587207,-0.074882,1.518482,-0.100000,0.090000,0.100000,1.000000,0.664043,-3.058442
56488.200000,0.580423,-0.071936,1.568829,-0.070000,-0.010000,0.090000,1.000000,0.706678,-3.080763
56488.300000,0.580959,-0.111713,1.545938,-0.040000,0.050000,0.050000,1.000000,0.701265,-2.953231
56488.400000,0.569072,-0.107659,1.538596,-0.000000,-0.000000,-0.020000,1.000000,0.722765,-2.939516
56488.500000,0.615132,-0.107229,1.592018,0.040000,-0.030000,-0.050000,1.000000,0.713411,-2.935982
56488.600000,0.675027,-0.066185,1.581696,0.200000,-0.010000,-0.280000,1.000000,0.691954,-2.972894
56488.700000,0.859874,-0.026957,1.689307,0.340000,-0.340000,-0.920000,1.000000,0.708592,-3.060664
56488.800000,0.925748,0.067100,1.591235,0.640000,-0.880000,-1.960000,1.000000,0.868482,2.374983
56488.900000,0.823324,0.271550,1.400130,0.840000,-0.060000,-2.410000,1.000000,1.287781,2.092447
56489.000000,0.555277,0.571287,1.225746,0.890000,0.350000,-2.080000,1.000000,1.859312,2.011330
56489.100000,0.499738,0.705551,1.158217,0.600000,-0.360000,-1.990000,1.000000,2.252420,2.018324
56489.200000,0.350871,0.971835,1.022409,0.620000,1.000000,-1.300000,1.000000,2.476939,2.041435
56489.300000,0.183177,1.062894,1.021486,0.310000,0.500000,-0.950000,1.000000,2.639790,2.060855
56489.400000,0.215883,1.098531,0.965096,0.120000,0.120000,-0.400000,1.000000,2.688360,2.068347
56489.500000,0.106324,1.022331,0.924559,0.000000,1.070000,-0.080000,1.000000,2.654158,2.057656
56489.600000,0.022100,0.985392,1.062243,-0.100000,0.980000,0.250000,1.000000,2.463564,2.070043
56489.700000,0.173662,0.980793,1.215429,0.070000,-0.130000,-0.010000,1.000000,2.294996,2.080041
56489.800000,-0.171156,0.985086,1.185334,0.270000,-0.620000,0.540000,1.000000,2.250229,2.089259
56489.900000,0.039330,1.179188,1.110388,0.860000,-0.790000,1.080000,1.000000,2.381006,2.051605
56490.000000,0.235449,1.264637,0.856504,0.950000,-0.670000,1.260000,1.000000,2.676939,2.008876
56490.100000,0.432405,1.305308,0.608838,0.850000,-0.860000,1.220000,1.000000,2.945804,1.969740
56490.200000,0.594722,1.315016,0.535043,0.730000,-1.110000,1.070000,1.000000,3.033970,1.943145
56490.300000,0.749068,1.325493,0.377445,0.760000,-0.590000,0.930000,1.000000,2.826371,-1.155411
56490.400000,0.869212,1.299209,0.156350,0.740000,-0.520000,0.790000,1.000000,2.565652,-1.179766
56490.500000,1.127614,1.295720,0.119772,0.510000,-0.770000,0.600000,1.000000,2.481407,-1.210022
56490.600000,1.102854,1.293932,0.020703,0.360000,-0.040000,0.320000,1.000000,2.278665,-1.198800
56490.700000,1.092774,1.262205,-0.084020,0.110000,0.050000,0.040000,1.000000,2.125911,-1.171710
56490.800000,1.091370,1.246794,-0.017183,0.020000,0.130000,-0.030000,1.000000,2.093898,-1.187764
56490.900000,1.131445,1.259219,-0.013440,-0.240000,0.140000,-0.190000,1.000000,2.109945,-1.189797
56491.000000,1.063946,1.296428,0.032235,-0.560000,0.410000,-0.490000,1.000000,2.351722,-1.177089
56491.100000,0.962498,1.282634,0.136725,-0.880000,0.630000,-0.830000,1.000000,2.548330,-1.190673
56491.200000,0.803210,1.249663,0.318306,-1.010000,1.120000,-0.980000,1.000000,2.813773,-1.175418
56491.300000,0.481410,1.237752,0.632723,-1.130000,2.150000,-1.450000,1.000000,2.986502,1.957550
56491.400000,0.199252,1.222096,0.879798,-0.920000,1.670000,-1.410000,1.000000,2.595523,2.018869
56491.500000,-0.178845,1.059030,1.033647,-0.710000,1.670000,-1.280000,1.000000,2.226184,2.090739
56491.600000,-0.211749,1.018017,1.156307,-0.340000,-0.450000,-0.640000,1.000000,2.047204,2.152587
56491.700000,-0.163187,0.986509,1.151201,-0.280000,0.020000,-0.430000,1.000000,2.025409,2.165835
56491.800000,-0.213234,0.899208,1.050755,0.130000,-0.360000,-0.230000,1.000000,2.012527,2.160636
56491.900000,-0.312308,0.761453,1.120001,-0.210000,-0.560000,0.020000,1.000000,2.075581,2.139939
56492.000000,-0.012198,0.891864,1.122282,0.410000,-1.950000,0.580000,1.000000,2.182686,2.099389
56492.100000,0.276964,1.099366,1.064566,0.400000,-1.220000,1.020000,1.000000,2.491147,2.035827
56492.200000,0.236670,1.121207,0.841297,0.220000,0.070000,1.380000,1.000000,2.567987,2.022736
56492.300000,0.450852,1.062592,0.877662,-0.430000,0.070000,1.770000,1.000000,2.350828,2.030970
56492.400000,0.631573,0.882526,1.062064,-0.790000,-0.020000,1.880000,1.000000,1.972088,2.017253
56492.500000,0.886962,0.642528,1.269863,-0.900000,0.380000,1.590000,1.000000,1.609487,2.023228
56492.600000,0.853178,0.392123,1.426829,-0.900000,0.730000,1.090000,1.000000,0.987720,2.272079
56492.700000,0.638308,0.172343,1.568531,-0.740000,0.300000,0.780000,1.000000,0.728756,2.715414
56492.800000,0.653950,0.059562,1.562417,-0.410000,0.290000,0.530000,1.000000,0.667472,3.113645
56492.900000,0.644946,-0.001656,1.580676,-0.220000,0.370000,0.260000,1.000000,0.701556,-2.908832
56493.000000,0.536656,-0.062224,1.609450,-0.050000,0.340000,0.040000,1.000000,0.758165,-2.860290
56493.100000,0.482706,-0.066773,1.611911,-0.070000,0.270000,0.130000,1.000000,0.789474,-2.825828
56493.200000,0.452737,-0.044179,1.582818,-0.090000,0.160000,0.140000,1.000000,0.805869,-2.886463
56493.300000,0.433346,-0.083368,1.596779,-0.020000,0.050000,0.030000,1.000000,0.854191,-2.816534
56493.400000,0.417161,-0.100976,1.571250,0.010000,0.060000,0.010000,1.000000,0.854946,-2.750896
56493.500000,0.394388,-0.110182,1.603626,-0.000000,0.040000,0.000000,1.000000,0.871175,-2.806316
56493.600000,0.425058,-0.082956,1.586199,0.010000,-0.010000,-0.020000,1.000000,0.839395,-2.805615
56493.700000,0.393817,-0.090200,1.615635,0.030000,-0.020000,-0.020000,1.000000,0.863238,-2.834702
56493.800000,0.400606,-0.078863,1.589876,0.050000,0.000000,-0.010000,1.000000,0.853697,-2.832120
56493.900000,0.375584,-0.078628,1.601443,0.030000,0.030000,0.020000,1.000000,0.880413,-2.819104
56494.000000,0.394605,-0.068031,1.617787,0.030000,-0.060000,0.020000,1.000000,0.845762,-2.897629
56494.100000,0.368297,-0.082511,1.618023,0.030000,-0.080000,0.040000,1.000000,0.889148,-2.877177
56494.200000,0.380150,-0.068086,1.607562,0.010000,0.020000,0.010000,1.000000,0.878478,-2.852648
56494.300000,0.393668,-0.058438,1.597357,0.000000,0.060000,0.010000,1.000000,0.854231,-2.868245
56494.400000,0.406431,-0.094460,1.591146,0.010000,0.000000,0.020000,1.000000,0.872681,-2.792431
56494.500000,0.380810,-0.083978,1.598944,-0.010000,0.060000,0.030000,1.000000,0.857844,-2.817318
56494.600000,0.390723,-0.057059,1.598526,0.040000,0.030000,-0.020000,1.000000,0.869729,-2.882552
56494.700000,0.363043,-0.103268,1.605858,0.030000,-0.040000,-0.090000,1.000000,0.866760,-2.826828
56494.800000,0.392653,-0.051980,1.589990,0.000000,0.060000,-0.030000,1.000000,0.832786,-2.840732
56494.900000,0.360647,-0.069770,1.609791,-0.030000,0.150000,0.070000,1.000000,0.859057,-2.866975
56495.000000,0.363421,-0.076430,1.616346,0.060000,-0.010000,-0.010000,1.000000,0.865862,-2.882220
56495.100000,0.356697,-0.112425,1.614826,0.060000,-0.010000,-0.060000,1.000000,0.914849,-2.800607
56495.200000,0.410506,-0.097789,1.608626,0.060000,-0.060000,-0.100000,1.000000,0.861619,-2.806837
56495.300000,0.370241,-0.014661,1.585098,0.110000,-0.010000,-0.160000,1.000000,0.824851,-2.963752
56495.400000,0.372606,0.018389,1.575165,0.070000,-0.010000,-0.080000,1.000000,0.807774,-3.129348
56495.500000,0.372014,-0.010516,1.602546,0.030000,0.010000,-0.060000,1.000000,0.834218,-2.980872
56495.600000,0.371187,-0.003486,1.614674,-0.010000,-0.040000,-0.010000,1.000000,0.826681,-3.063122
56495.700000,0.512331,-0.016182,1.655221,-0.010000,-0.340000,-0.020000,1.000000,0.809540,-3.083062
56495.800000,0.657087,-0.004773,1.741683,0.290000,-0.990000,-0.520000,1.000000,0.790042,-3.051086
56495.900000,0.817696,0.043442,1.599576,0.350000,-1.070000,-1.070000,1.000000,0.678240,3.097116
56496.000000,0.929915,0.192499,1.447757,0.470000,-0.370000,-1.660000,1.000000,0.774227,2.412731
56496.100000,0.653011,0.320408,1.298634,0.660000,-0.110000,-2.020000,1.000000,1.228124,2.098951
56496.200000,0.601241,0.579059,1.187238,1.000000,0.490000,-1.830000,1.000000,1.804261,1.992385
56496.300000,0.447631,0.744922,1.109077,0.730000,0.830000,-1.880000,1.000000,2.140751,2.007411
56496.400000,0.167528,0.904842,0.999601,0.510000,1.050000,-1.620000,1.000000,2.349773,2.033621
56496.500000,-0.038723,1.063890,1.054545,0.050000,0.870000,-0.770000,1.000000,2.297461,2.096049
56496.600000,-0.060337,1.021333,1.016840,-0.110000,0.970000,-0.210000,1.000000,2.206348,2.116980
56496.700000,-0.189530,0.864395,1.130192,-0.040000,1.390000,0.050000,1.000000,2.098022,2.149078
56496.800000,-0.305880,0.868776,1.047652,-0.190000,1.210000,0.080000,1.000000,1.893948,2.230858
56496.900000,-0.254438,0.822436,1.318369,-0.090000,0.290000,0.180000,1.000000,1.797759,2.249086
56497.000000,-0.486772,0.790512,1.152276,0.020000,0.050000,0.310000,1.000000,1.777215,2.292805
56497.100000,-0.397457,0.898615,1.232344,0.240000,-0.540000,0.600000,1.000000,1.808252,2.257112
56497.200000,-0.199880,1.006654,1.171686,0.610000,-1.070000,1.130000,1.000000,1.894475,2.167369
56497.300000,0.095875,1.183370,0.978385,0.810000,-1.220000,1.430000,1.000000,2.233284,2.055578
56497.400000,0.241223,1.267506,0.753571,0.820000,-0.660000,1.600000,1.000000,2.479562,2.026436
56497.500000,0.561958,1.222081,0.627235,0.830000,-1.660000,1.530000,1.000000,2.626182,1.946932
56497.600000,0.910150,1.306879,0.344422,0.760000,-0.820000,1.220000,1.000000,3.050601,1.892944
56497.700000,1.089330,1.268219,0.264166,0.320000,-0.630000,0.480000,1.000000,2.960622,-1.233069
56497.800000,0.976043,1.312352,0.332145,-0.000000,-0.390000,0.240000,1.000000,2.819090,-1.262505
56497.900000,1.159558,1.238719,0.222781,0.010000,-0.080000,0.310000,1.000000,2.635486,-1.271858
56498.000000,1.134937,1.196140,0.201477,-0.080000,-0.280000,0.030000,1.000000,2.638697,-1.266931
56498.100000,1.145090,1.194278,0.265973,-0.360000,0.390000,-0.450000,1.000000,2.855440,-1.283469
56498.200000,1.001003,1.184430,0.311774,-0.650000,0.560000,-0.840000,1.000000,2.900980,-1.257247
56498.300000,0.787727,1.209130,0.489074,-0.750000,0.980000,-0.860000,1.000000,3.121209,-1.092491
56498.400000,0.632670,1.229842,0.691108,-0.880000,1.010000,-1.140000,1.000000,2.764513,1.939091
56498.500000,0.476240,1.170220,0.705942,-0.800000,1.770000,-1.550000,1.000000,2.562238,1.986601
56498.600000,0.045189,1.010122,0.997469,-0.640000,2.370000,-1.690000,1.000000,2.249886,2.046286
56498.700000,-0.137912,0.897641,1.268361,-0.340000,1.910000,-1.130000,1.000000,1.892544,2.148968
56498.800000,-0.461535,0.890307,1.107805,-0.160000,0.410000,-0.440000,1.000000,1.714435,2.274222
56498.900000,-0.527531,0.776718,1.051448,-0.100000,0.670000,-0.250000,1.000000,1.632094,2.370909
56499.000000,-0.461023,0.736994,1.160967,-0.160000,0.110000,-0.220000,1.000000,1.612889,2.383671
56499.100000,-0.495853,0.748797,1.142785,0.030000,0.120000,0.230000,1.000000,1.526727,2.446790
56499.200000,-0.560900,0.678738,1.271210,0.080000,-0.940000,0.220000,1.000000,1.594604,2.382527
56499.300000,-0.458475,0.743865,1.140438,0.380000,-1.080000,0.830000,1.000000,1.674310,2.286130
56499.400000,-0.300286,0.941284,1.097024,0.380000,-0.990000,1.240000,1.000000,1.897614,2.175447
56499.500000,0.048748,1.045840,0.983440,0.040000,-1.490000,0.990000,1.000000,1.988119,2.115044
56499.600000,0.283110,1.092223,0.917981,-0.150000,-1.090000,1.240000,1.000000,2.278199,2.028937
56499.700000,0.418773,1.066185,0.898345,-0.490000,-0.160000,1.370000,1.000000,2.178304,2.019216
56499.800000,0.502857,0.866502,0.982870,-1.150000,-0.510000,1.540000,1.000000,1.898990,2.027535
56499.900000,0.796852,0.484383,1.318530,-1.220000,-0.300000,1.520000,1.000000,1.423168,2.043000
56500.000000,0.887859,0.248874,1.518941,-0.960000,0.280000,1.160000,1.000000,0.902638,2.253248
56500.100000,0.807248,0.074931,1.562071,-0.430000,0.880000,0.640000,1.000000,0.590869,2.904270
56500.200000,0.707779,0.024710,1.539128,-0.450000,0.200000,0.460000,1.000000,0.680577,3.048049
56500.300000,0.711959,-0.095642,1.609363,-0.300000,0.290000,0.230000,1.000000,0.688036,-2.829998
56500.400000,0.627990,-0.081153,1.586563,-0.010000,0.150000,-0.060000,1.000000,0.727508,-2.839640
56500.500000,0.571432,-0.049880,1.564987,0.050000,0.230000,-0.120000,1.000000,0.727541,-2.890209
56500.600000,0.529937,-0.028839,1.588568,0.080000,0.190000,-0.070000,1.000000,0.751681,-2.950272
56500.700000,0.528186,-0.017959,1.550804,0.010000,0.020000,-0.000000,1.000000,0.733961,-2.984725
56500.800000,0.502271,-0.032916,1.575864,-0.020000,0.020000,0.110000,1.000000,0.750645,-2.933710
56500.900000,0.491532,-0.065742,1.585325,0.010000,0.000000,0.080000,1.000000,0.788095,-2.906370
56501.000000,0.519670,-0.049735,1.569461,0.130000,0.030000,0.060000,1.000000,0.747477,-2.983546
56501.100000,0.477339,-0.057700,1.598060,0.040000,0.010000,0.030000,1.000000,0.802292,-2.871066
56501.200000,0.491529,-0.047461,1.556236,0.060000,0.100000,0.010000,1.000000,0.754557,-2.917948
56501.300000,0.471078,-0.043452,1.585985,0.000000,0.030000,-0.000000,1.000000,0.787230,-2.914346
56501.400000,0.462546,-0.013732,1.596157,0.000000,0.020000,-0.000000,1.000000,0.774326,-2.979924
56501.500000,0.469774,-0.039542,1.546887,-0.010000,0.060000,0.020000,1.000000,0.779377,-2.886395
56501.600000,0.463105,-0.013068,1.566232,0.010000,0.090000,-0.030000,1.000000,0.769197,-3.016426
56501.700000,0.479356,-0.010961,1.579394,-0.000000,0.070000,-0.010000,1.000000,0.777710,-2.991236
56501.800000,0.402315,-0.026797,1.586289,0.000000,0.270000,-0.040000,1.000000,0.786208,-3.008939
56501.900000,0.394600,-0.026365,1.611852,-0.020000,0.080000,0.000000,1.000000,0.815074,-2.986997
56502.000000,0.417446,-0.026107,1.599332,-0.020000,-0.010000,0.030000,1.000000,0.810995,-2.986305
56502.100000,0.395219,-0.049898,1.619046,-0.000000,-0.090000,0.030000,1.000000,0.834301,-2.950905
56502.200000,0.410686,-0.030193,1.615694,0.020000,-0.120000,0.030000,1.000000,0.818120,-3.008162
56502.300000,0.428573,-0.034985,1.579137,0.040000,-0.060000,0.030000,1.000000,0.785676,-2.944451
56502.400000,0.475457,-0.027722,1.582652,0.010000,-0.170000,0.020000,1.000000,0.786339,-2.970748
56502.500000,0.459307,-0.038565,1.588349,-0.020000,-0.110000,0.010000,1.000000,0.795444,-2.971706
56502.600000,0.493984,-0.032221,1.554309,-0.040000,-0.060000,0.010000,1.000000,0.762199,-2.942668
56502.700000,0.475506,-0.035062,1.552445,0.030000,0.020000,-0.010000,1.000000,0.775927,-2.939163
56502.800000,0.467375,-0.038043,1.590021,0.010000,0.030000,0.020000,1.000000,0.789089,-2.935149
56502.900000,0.514157,-0.030505,1.572419,0.060000,-0.010000,0.010000,1.000000,0.774057,-2.878981
56503.000000,0.464260,-0.071669,1.581012,0.090000,0.020000,0.010000,1.000000,0.782923,-2.841080
56503.100000,0.469331,-0.038443,1.568119,0.030000,-0.020000,0.060000,1.000000,0.786586,-2.932372
56503.200000,0.502358,-0.045115,1.575694,-0.030000,-0.050000,0.030000,1.000000,0.766214,-2.933765
56503.300000,0.516230,-0.044822,1.571758,-0.050000,-0.030000,-0.000000,1.000000,0.774762,-2.939447
56503.400000,0.594687,-0.053128,1.611598,-0.020000,-0.110000,-0.160000,1.000000,0.775340,-2.869502
56503.500000,0.747147,0.016439,1.641441,0.220000,-0.380000,-0.680000,1.000000,0.696311,-3.071944
56503.600000,0.775996,0.059955,1.577092,0.470000,-0.320000,-1.390000,1.000000,0.686666,2.890177
56503.700000,0.699383,0.179701,1.595094,0.690000,-0.550000,-1.800000,1.000000,0.884270,2.431619
56503.800000,0.616922,0.418083,1.584591,1.130000,0.070000,-2.150000,1.000000,1.341060,2.143768
56503.900000,0.412892,0.694596,1.244684,1.590000,0.450000,-1.810000,1.000000,1.726215,2.112757
56504.000000,0.349007,1.021040,1.029574,1.230000,0.410000,-1.600000,1.000000,2.187276,2.082477
56504.100000,0.102796,1.125720,0.852513,0.430000,1.460000,-1.170000,1.000000,2.455786,2.084125
56504.200000,-0.247203,1.001748,0.833602,0.100000,3.280000,-0.470000,1.000000,2.320628,2.141029
56504.300000,-0.648044,0.984528,0.745137,0.090000,2.080000,-0.290000,1.000000,2.070442,2.249696
56504.400000,-0.610136,0.999873,1.014526,0.060000,-0.570000,0.050000,1.000000,1.983967,2.303088
56504.500000,-0.543153,1.102844,0.970701,-0.010000,-0.750000,0.200000,1.000000,1.996305,2.286888
56504.600000,-0.558529,1.004840,0.970127,-0.100000,-0.400000,0.400000,1.000000,1.958783,2.270853
56504.700000,-0.397145,1.051084,1.086025,0.280000,-0.660000,0.880000,1.000000,1.946361,2.202305
56504.800000,-0.281256,1.151072,0.953800,0.480000,-0.850000,1.340000,1.000000,2.113678,2.117041
56504.900000,-0.015542,1.271817,0.787062,0.620000,-0.920000,1.740000,1.000000,2.326368,2.083002
56505.000000,0.254726,1.282435,0.652802,0.640000,-1.520000,1.870000,1.000000,2.565797,2.024290
56505.100000,0.692027,1.266793,0.397649,0.660000,-1.220000,1.580000,1.000000,2.929732,1.936428
56505.200000,0.880511,1.259938,0.331786,0.430000,-0.410000,1.050000,1.000000,3.051559,1.870856
56505.300000,0.888363,1.286513,0.202909,0.150000,-0.250000,0.610000,1.000000,3.134743,-0.879386
56505.400000,1.207423,1.392435,0.306118,0.020000,0.090000,0.170000,1.000000,2.896412,-1.286047
56505.500000,1.074224,1.331377,0.268005,0.080000,-0.080000,0.070000,1.000000,2.779600,-1.281516
56505.600000,1.083606,1.272582,0.210070,0.120000,-0.000000,0.110000,1.000000,2.730062,-1.290943
56505.700000,1.193431,1.269529,0.185282,-0.110000,-0.030000,-0.240000,1.000000,2.842826,-1.292879
56505.800000,1.166589,1.230806,0.152079,-0.560000,0.530000,-0.850000,1.000000,2.837068,-1.285027
56505.900000,0.919529,1.277008,0.332810,-0.930000,1.180000,-1.360000,1.000000,3.133712,-0.852304
56506.000000,0.458798,1.277616,0.598544,-1.090000,1.030000,-1.480000,1.000000,2.841096,1.945459
56506.100000,0.315458,1.084544,0.660395,-0.880000,0.970000,-1.700000,1.000000,2.615623,1.991177
56506.200000,0.010229,1.036897,0.927713,-0.860000,1.000000,-1.740000,1.000000,2.349332,2.046764
56506.300000,-0.451843,0.907221,0.992840,-0.530000,1.720000,-1.310000,1.000000,2.107424,2.070744
56506.400000,-0.258308,0.911926,1.082115,-0.290000,0.760000,-0.530000,1.000000,1.902190,2.129803
56506.500000,-0.315486,0.871096,1.159201,0.270000,0.580000,0.020000,1.000000,1.733517,2.197077
56506.600000,-0.260725,0.830744,1.112909,-0.140000,-0.240000,-0.130000,1.000000,1.800586,2.200905
56506.700000,-0.352337,0.642328,1.203488,-0.080000,-0.140000,0.040000,1.000000,1.774147,2.209917
56506.800000,-0.265201,0.712956,1.099551,0.240000,-1.050000,0.530000,1.000000,1.909225,2.168427
56506.900000,-0.024428,0.971689,0.920112,0.270000,-1.440000,0.770000,1.000000,2.153098,2.113156
56507.000000,0.141957,1.108457,0.928734,-0.330000,-1.480000,0.980000,1.000000,2.300040,2.087989
56507.100000,0.236657,1.029160,1.027648,-0.980000,-0.580000,1.680000,1.000000,2.273750,2.072978
56507.200000,0.530973,0.767996,1.243922,-1.170000,-1.030000,1.970000,1.000000,1.942207,2.050879
56507.300000,0.691985,0.499920,1.360071,-1.130000,0.420000,2.040000,1.000000,1.511862,2.092364
56507.400000,0.820910,0.246177,1.560462,-1.020000,0.060000,1.650000,1.000000,0.943739,2.338388
56507.500000,0.696890,0.034246,1.621581,-0.610000,0.480000,0.830000,1.000000,0.720216,2.748888
56507.600000,0.590340,-0.011068,1.646265,-0.120000,0.320000,0.260000,1.000000,0.724721,2.918203
56507.700000,0.532836,-0.051244,1.597448,-0.030000,0.200000,0.200000,1.000000,0.733004,-3.126132
56507.800000,0.503869,-0.047269,1.596091,-0.070000,0.050000,0.130000,1.000000,0.763721,-3.071400
56508.000000,0.439581,-0.069760,1.559551,0.050000,0.020000,0.010000,1.000000,0.762343,-2.989564
56508.100000,0.466392,-0.056455,1.572866,0.050000,-0.050000,0.020000,1.000000,0.765645,-3.002955
56508.200000,0.457766,-0.036415,1.562569,0.060000,0.020000,0.040000,1.000000,0.741149,-3.107420
56508.300000,0.480465,-0.026828,1.569842,0.020000,-0.020000,0.050000,1.000000,0.752290,-3.107151
56508.400000,0.473187,-0.032514,1.606358,-0.020000,-0.030000,0.030000,1.000000,0.778738,-3.090535
56508.500000,0.458712,-0.051678,1.599358,0.030000,0.010000,-0.030000,1.000000,0.793260,-2.994601
56508.600000,0.435002,-0.078711,1.592212,0.050000,0.030000,0.040000,1.000000,0.792786,-2.934683
56508.700000,0.458085,-0.058416,1.590757,0.050000,-0.010000,0.070000,1.000000,0.778505,-3.000575
56508.800000,0.482603,-0.059043,1.546603,0.040000,0.020000,0.060000,1.000000,0.757600,-2.990339
56508.900000,0.466561,-0.060315,1.552569,0.020000,0.070000,-0.010000,1.000000,0.752338,-2.983381
56509.000000,0.473711,-0.091260,1.572784,0.000000,0.030000,0.020000,1.000000,0.775241,-2.876834
56509.100000,0.471964,-0.056823,1.615997,0.020000,-0.010000,-0.010000,1.000000,0.790875,-2.975841
56509.200000,0.456429,-0.083176,1.597652,-0.000000,0.010000,0.010000,1.000000,0.820885,-2.863927
56509.300000,0.454544,-0.031960,1.584338,-0.020000,-0.040000,0.030000,1.000000,0.770641,-2.984836
56509.400000,0.415202,-0.050691,1.600208,-0.000000,-0.040000,0.080000,1.000000,0.821169,-2.942131
56509.500000,0.444487,-0.062907,1.592466,-0.000000,-0.060000,0.120000,1.000000,0.804310,-2.960614
56509.600000,0.497958,-0.083787,1.558220,0.010000,-0.060000,0.080000,1.000000,0.771387,-2.863942
56509.700000,0.466864,-0.115169,1.587603,0.020000,-0.060000,0.060000,1.000000,0.808824,-2.847740
56509.800000,0.485199,-0.069692,1.562452,0.020000,-0.050000,0.050000,1.000000,0.765020,-2.915456
56509.900000,0.495874,-0.094537,1.571230,0.000000,-0.030000,0.030000,1.000000,0.781285,-2.906739
56510.000000,0.493873,-0.097185,1.580582,-0.010000,-0.030000,0.020000,1.000000,0.801377,-2.834115
56510.100000,0.520803,-0.092020,1.564326,-0.000000,-0.020000,0.040000,1.000000,0.774508,-2.832650
56510.200000,0.513521,-0.097522,1.560881,-0.010000,-0.020000,0.030000,1.000000,0.802130,-2.833407
56510.300000,0.582617,-0.091090,1.592578,0.040000,-0.060000,-0.080000,1.000000,0.771251,-2.833778
56510.400000,0.698499,-0.136942,1.600854,0.120000,-0.230000,-0.430000,1.000000,0.802573,-2.706938
56510.500000,0.814303,-0.069812,1.655423,0.280000,-0.330000,-1.380000,1.000000,0.715963,-3.090933
56510.600000,0.726341,0.166652,1.638866,0.750000,0.050000,-1.870000,1.000000,0.818775,2.532716
56510.700000,0.590096,0.417133,1.547528,1.230000,-0.040000,-1.930000,1.000000,1.216004,2.194549
56510.800000,0.356191,0.555944,1.354775,1.640000,0.320000,-2.010000,1.000000,1.756489,2.092069
56510.900000,0.235639,0.977794,0.989831,1.670000,0.470000,-1.960000,1.000000,2.202481,2.059636
56511.000000,0.104168,1.052774,0.881632,0.650000,0.820000,-0.950000,1.000000,2.389667,2.076098
56511.100000,0.216398,1.089394,0.905790,-0.230000,0.540000,-0.890000,1.000000,2.485135,2.092301
56511.200000,-0.164448,0.884886,0.963149,-0.010000,2.280000,-0.450000,1.000000,2.365531,2.098942
56511.300000,-0.380515,0.893939,0.958403,0.080000,2.580000,-0.340000,1.000000,2.008111,2.198516
56511.400000,-0.716103,0.914017,1.065606,0.010000,0.810000,-0.190000,1.000000,1.898247,2.302385
56511.500000,-0.547517,1.052510,1.071910,0.080000,-0.340000,0.450000,1.000000,1.896272,2.296144
56511.600000,-0.565710,0.961507,1.130706,0.110000,-0.460000,0.690000,1.000000,1.925027,2.230555
56511.700000,-0.452391,1.058873,1.020299,0.510000,-0.510000,1.440000,1.000000,2.012481,2.159978
56511.800000,-0.182509,1.222964,0.862571,0.690000,-0.880000,1.980000,1.000000,2.232448,2.107456
56511.900000,0.172747,1.319623,0.605689,0.670000,-1.140000,2.110000,1.000000,2.576857,2.038933
56512.000000,0.532278,1.338391,0.479641,0.610000,-1.240000,1.940000,1.000000,2.748966,1.977988
56512.100000,0.757811,1.309345,0.367334,0.450000,-0.680000,1.450000,1.000000,2.980166,1.911511
56512.200000,0.972105,1.338644,0.297620,0.360000,-0.410000,1.020000,1.000000,3.080026,-1.207966
56512.300000,1.148147,1.251922,0.189817,0.190000,-0.530000,0.640000,1.000000,2.911591,-1.286709
56512.400000,1.262102,1.233046,0.170072,-0.020000,-0.220000,0.240000,1.000000,2.791635,-1.314520
56512.500000,1.183671,1.252611,0.200700,-0.080000,-0.010000,-0.100000,1.000000,2.840786,-1.317219
56512.600000,1.182667,1.251963,0.192652,-0.220000,-0.040000,-0.370000,1.000000,2.818693,-1.303459
56512.700000,1.109974,1.279350,0.196458,-0.470000,0.330000,-0.740000,1.000000,2.872506,-1.266950
56512.800000,0.991791,1.252479,0.217660,-0.860000,0.540000,-1.120000,1.000000,3.004573,-1.241978
56512.900000,0.725627,1.182844,0.422904,-1.260000,1.000000,-1.560000,1.000000,2.967879,1.922221
56513.000000,0.349735,1.133975,0.767252,-1.270000,1.150000,-1.920000,1.000000,2.629690,1.972014
56513.100000,0.134051,1.017726,0.990266,-1.030000,1.390000,-2.050000,1.000000,2.352324,2.036016
56513.200000,-0.243687,0.854720,1.209508,-0.330000,0.350000,-1.560000,1.000000,1.919982,2.104488
56513.300000,-0.219221,0.962511,1.220627,0.130000,1.530000,-0.250000,1.000000,1.701938,2.181199
56513.400000,-0.409495,0.709068,1.112148,-0.140000,-0.080000,-0.290000,1.000000,1.698322,2.249889
56513.500000,-0.434071,0.678552,1.116260,0.040000,-0.300000,0.170000,1.000000,1.647164,2.262991
56513.600000,-0.358993,0.788898,1.143230,0.110000,-0.770000,0.620000,1.000000,1.796514,2.200497
56513.700000,-0.101812,0.900225,0.927845,0.080000,-3.220000,0.950000,1.000000,2.004536,2.112453
56513.800000,0.600772,0.988704,1.089630,0.280000,-3.470000,1.090000,1.000000,2.502010,1.995033
56513.900000,0.586698,0.990384,0.705505,0.150000,-1.030000,0.980000,1.000000,2.856907,1.953441
56514.000000,0.637091,0.961559,0.684978,-0.250000,0.450000,1.250000,1.000000,2.935356,1.932147
56514.100000,0.754435,0.860365,0.877405,-0.740000,0.180000,1.520000,1.000000,2.662708,1.926613
56514.200000,0.809587,0.538898,1.036273,-1.230000,0.200000,1.720000,1.000000,2.255789,1.899833
56514.300000,1.086233,0.345135,1.399981,-1.220000,0.660000,1.820000,1.000000,1.479387,1.984507
56514.400000,0.842468,0.057732,1.565578,-0.680000,1.200000,1.040000,1.000000,0.839904,2.326630
56514.500000,0.733221,-0.088632,1.561993,-0.570000,0.750000,0.980000,1.000000,0.655948,2.804538
56514.600000,0.750293,-0.172684,1.560229,-0.220000,0.340000,0.370000,1.000000,0.622379,3.123080
56514.700000,0.617246,-0.189821,1.568938,0.010000,0.060000,0.170000,1.000000,0.690458,-2.955806
56514.800000,0.581436,-0.197293,1.514147,0.050000,0.030000,0.150000,1.000000,0.710942,-2.889755
56514.900000,0.601667,-0.216838,1.521749,0.000000,0.090000,0.140000,1.000000,0.727796,-2.813179
56515.000000,0.570994,-0.228749,1.542024,-0.020000,0.040000,0.120000,1.000000,0.754367,-2.783831
56515.100000,0.557402,-0.240354,1.556359,0.050000,0.020000,0.120000,1.000000,0.773723,-2.796259
56515.200000,0.571719,-0.253017,1.507829,0.140000,0.120000,0.090000,1.000000,0.757511,-2.716875
56515.300000,0.535968,-0.214659,1.537236,0.050000,0.050000,-0.000000,1.000000,0.779971,-2.783520
56515.400000,0.566921,-0.230552,1.525210,0.070000,-0.040000,-0.020000,1.000000,0.748615,-2.768920
56515.500000,0.560709,-0.199740,1.543554,0.040000,-0.100000,-0.010000,1.000000,0.745610,-2.816746
56515.600000,0.531468,-0.171155,1.565959,0.060000,0.000000,0.050000,1.000000,0.757107,-2.904796
56515.700000,0.560374,-0.191955,1.533633,0.020000,-0.030000,0.060000,1.000000,0.748225,-2.809116
56515.800000,0.588962,-0.203935,1.520976,0.020000,0.000000,0.060000,1.000000,0.737129,-2.737869
56515.900000,0.578622,-0.208836,1.513555,0.070000,0.070000,-0.070000,1.000000,0.744493,-2.772668
56516.000000,0.548187,-0.184425,1.547598,0.050000,-0.020000,-0.050000,1.000000,0.757894,-2.850807
56516.100000,0.548133,-0.186496,1.537899,0.060000,0.010000,-0.020000,1.000000,0.737433,-2.868712
56516.200000,0.538110,-0.172911,1.537212,0.030000,0.070000,-0.000000,1.000000,0.742880,-2.844967
56516.300000,0.545405,-0.117892,1.564206,0.010000,0.050000,0.010000,1.000000,0.734143,-3.024333
56516.400000,0.558057,-0.170644,1.567527,0.050000,0.020000,-0.000000,1.000000,0.740989,-2.853390
56516.500000,0.545683,-0.145930,1.553013,0.050000,0.030000,-0.030000,1.000000,0.721692,-2.987641
56516.600000,0.551620,-0.152314,1.555285,0.000000,-0.000000,-0.060000,1.000000,0.743473,-2.890990
56516.700000,0.548339,-0.136621,1.549464,0.040000,-0.050000,-0.050000,1.000000,0.723245,-2.944150
56516.800000,0.548044,-0.146625,1.548962,0.080000,-0.020000,-0.070000,1.000000,0.730114,-2.906002
56516.900000,0.555218,-0.115031,1.553559,0.040000,-0.080000,-0.030000,1.000000,0.721997,-2.991439
56517.000000,0.564067,-0.089504,1.586117,0.010000,-0.120000,-0.030000,1.000000,0.731828,-3.094558
56517.100000,0.640565,-0.083547,1.568643,0.050000,-0.120000,-0.190000,1.000000,0.706758,-3.074196
56517.200000,0.670319,-0.078253,1.608061,0.180000,-0.270000,-0.450000,1.000000,0.689508,-3.135560
56517.300000,0.725308,0.002726,1.495614,0.190000,-0.390000,-0.660000,1.000000,0.674680,2.867869
56517.400000,0.801260,0.083947,1.481953,0.250000,-0.430000,-0.810000,1.000000,0.725615,2.565537
56517.500000,0.855467,0.228805,1.433127,0.070000,-0.850000,-1.330000,1.000000,0.897697,2.318160
56517.600000,1.027690,0.300329,1.301464,0.420000,-0.230000,-1.510000,1.000000,1.611112,1.955362
56517.700000,0.788166,0.420064,1.260214,0.750000,0.450000,-1.910000,1.000000,1.888780,1.949205
56517.800000,0.613091,0.666885,1.179048,0.920000,0.750000,-1.660000,1.000000,2.215502,2.019660
56517.900000,0.341399,1.017483,1.075973,1.140000,1.520000,-1.270000,1.000000,2.400925,2.055392
56518.000000,0.110128,1.105821,0.939137,0.800000,1.230000,-1.080000,1.000000,2.505375,2.094491
56518.100000,0.115848,1.044254,0.941878,0.200000,0.600000,-0.420000,1.000000,2.479351,2.099941
56518.200000,-0.016855,0.973532,1.027996,0.160000,1.040000,-0.300000,1.000000,2.436110,2.099565
56518.300000,-0.198247,0.978853,1.035316,0.020000,0.460000,0.080000,1.000000,2.298839,2.130946
56518.400000,-0.019620,1.069222,1.183246,-0.010000,-0.520000,0.170000,1.000000,2.271605,2.128683
56518.500000,-0.177550,1.049311,1.159796,0.160000,-0.230000,0.330000,1.000000,2.230115,2.133234
56518.600000,-0.097740,1.119074,1.121581,0.650000,-0.620000,0.760000,1.000000,2.328274,2.091550
56518.700000,0.024183,1.215411,0.940229,0.960000,-0.750000,1.210000,1.000000,2.604490,2.049541
56518.800000,0.222579,1.307472,0.733282,1.060000,-0.940000,1.480000,1.000000,2.781088,2.024334
56518.900000,0.495143,1.342872,0.511646,1.070000,-0.850000,1.480000,1.000000,3.073345,1.931825
56519.000000,0.737726,1.358970,0.226461,1.000000,-0.340000,1.370000,1.000000,2.858882,-1.146166
56519.100000,0.931343,1.288499,0.131118,0.770000,-0.380000,1.160000,1.000000,2.678965,-1.187415
56519.200000,1.158410,1.212151,0.007485,0.410000,-0.060000,0.690000,1.000000,2.446721,-1.238932
56519.300000,1.261422,1.283502,0.020128,0.320000,-0.580000,0.420000,1.000000,2.302883,-1.253984
56519.400000,1.232286,1.245639,-0.061691,0.120000,-0.020000,0.020000,1.000000,2.139003,-1.228220
56519.500000,1.181131,1.187076,-0.026642,-0.050000,0.130000,-0.180000,1.000000,2.079370,-1.258254
56519.600000,1.165402,1.224463,-0.057714,-0.310000,0.010000,-0.380000,1.000000,2.137973,-1.220033
56519.700000,1.078949,1.257823,-0.021110,-0.710000,0.370000,-0.910000,1.000000,2.473981,-1.230857
56519.800000,0.851665,1.267795,0.246885,-0.960000,0.670000,-1.050000,1.000000,2.710507,-1.206854
56519.900000,0.685641,1.350710,0.449604,-1.010000,0.690000,-1.160000,1.000000,3.036221,-1.143158
56520.000000,0.435516,1.314216,0.549764,-0.760000,1.050000,-1.370000,1.000000,3.020854,1.946912
56520.100000,0.255577,1.252758,0.769809,-0.840000,0.470000,-1.270000,1.000000,2.797597,2.000853
56520.200000,0.025904,1.171032,0.890913,-0.620000,0.920000,-1.040000,1.000000,2.611315,2.034120
56520.300000,-0.022459,1.173075,1.027896,-0.240000,0.350000,-0.680000,1.000000,2.429663,2.076581
56520.400000,-0.147706,1.176769,0.967549,-0.030000,0.700000,-0.500000,1.000000,2.339557,2.125162
56520.500000,-0.268958,1.260088,1.093709,0.380000,-0.010000,-0.370000,1.000000,2.303267,2.130835
56520.600000,-0.118653,1.147374,0.923329,-0.040000,-0.340000,0.050000,1.000000,2.345213,2.138710
56520.700000,-0.151424,1.025752,1.111736,-0.060000,-0.220000,-0.040000,1.000000,2.359741,2.145387
56520.800000,-0.216232,0.972633,1.110421,0.330000,-1.010000,0.320000,1.000000,2.326979,2.139502
56520.900000,-0.068237,1.121737,0.944952,0.390000,-1.480000,0.600000,1.000000,2.589164,2.092171
56521.000000,0.245933,1.242655,0.904679,0.410000,-0.870000,0.490000,1.000000,2.735272,2.064660
56521.100000,0.169674,1.270531,0.700371,-0.130000,0.180000,1.110000,1.000000,2.831389,2.048236
56521.200000,0.300465,1.235283,0.859479,-0.570000,0.120000,1.440000,1.000000,2.646247,2.062139
56521.300000,0.475713,1.121209,0.932812,-0.870000,0.540000,1.730000,1.000000,2.519887,2.012536
56521.400000,0.599411,0.909258,1.128227,-0.940000,0.790000,1.700000,1.000000,2.128700,2.016099
56521.500000,0.683116,0.617731,1.369095,-1.280000,0.380000,1.690000,1.000000,1.472242,2.128707
56521.600000,0.774197,0.274364,1.585357,-1.280000,0.210000,1.440000,1.000000,0.881397,2.478563
56521.700000,0.813541,0.169761,1.621533,-0.700000,0.190000,0.710000,1.000000,0.705486,2.903275
56521.800000,0.590916,-0.011874,1.555625,-0.420000,0.140000,0.280000,1.000000,0.676430,-3.030397
56521.900000,0.626362,-0.078761,1.567452,-0.130000,0.200000,0.120000,1.000000,0.736968,-2.813012
56522.000000,0.542629,-0.105329,1.568505,-0.040000,0.040000,0.140000,1.000000,0.783514,-2.738583
56522.100000,0.588792,-0.092271,1.512858,0.040000,0.070000,0.100000,1.000000,0.748144,-2.759923
56522.200000,0.574594,-0.094408,1.539556,-0.020000,-0.040000,0.020000,1.000000,0.758368,-2.807768
56522.300000,0.587339,-0.130267,1.549626,-0.070000,-0.060000,0.090000,1.000000,0.785857,-2.665415
56522.400000,0.563115,-0.118137,1.514769,-0.030000,0.030000,0.090000,1.000000,0.787569,-2.679676
56522.500000,0.561647,-0.115554,1.558290,-0.030000,-0.040000,-0.010000,1.000000,0.808772,-2.721494
56522.600000,0.594842,-0.174672,1.548224,0.000000,-0.050000,-0.080000,1.000000,0.834887,-2.611295
56522.700000,0.577973,-0.161484,1.551664,-0.080000,-0.080000,-0.100000,1.000000,0.784680,-2.710016
56522.800000,0.550040,-0.127509,1.550897,-0.050000,0.020000,-0.120000,1.000000,0.789217,-2.735155
56522.900000,0.571093,-0.151299,1.544342,0.030000,0.060000,-0.130000,1.000000,0.808474,-2.640914
56523.000000,0.539645,-0.132154,1.540508,0.030000,0.080000,-0.080000,1.000000,0.795287,-2.720585
56523.100000,0.524837,-0.075957,1.562016,0.010000,0.160000,0.020000,1.000000,0.755789,-2.884479
56523.200000,0.513923,-0.120536,1.570178,0.030000,0.110000,0.090000,1.000000,0.791360,-2.812063
56523.300000,0.519087,-0.148687,1.562133,0.010000,0.020000,0.070000,1.000000,0.803752,-2.746818
56523.400000,0.495144,-0.132483,1.558619,0.020000,0.040000,0.050000,1.000000,0.804474,-2.815782
56523.500000,0.508462,-0.146474,1.553143,-0.040000,0.010000,0.000000,1.000000,0.802023,-2.754723
56523.600000,0.487101,-0.148913,1.582428,-0.010000,0.040000,-0.000000,1.000000,0.829598,-2.731470
56523.700000,0.466910,-0.139897,1.585515,0.010000,-0.010000,0.040000,1.000000,0.821824,-2.801837
56523.800000,0.489305,-0.130906,1.573061,-0.010000,0.010000,0.050000,1.000000,0.819809,-2.796015
56523.900000,0.524640,-0.158497,1.574941,-0.010000,-0.050000,0.020000,1.000000,0.820416,-2.722355
56524.000000,0.523807,-0.136540,1.598963,0.030000,-0.100000,-0.070000,1.000000,0.822598,-2.815530
56524.100000,0.575790,-0.133012,1.606419,0.090000,0.010000,-0.250000,1.000000,0.813864,-2.781839
56524.200000,0.669158,-0.081100,1.629186,0.150000,-0.060000,-0.420000,1.000000,0.754088,-2.942717
56524.300000,0.704599,-0.016594,1.635042,0.350000,-0.220000,-1.130000,1.000000,0.715280,3.100197
56524.400000,0.633963,0.126216,1.560067,0.730000,0.030000,-1.570000,1.000000,0.805406,2.639121
56524.500000,0.555637,0.297440,1.563277,0.790000,-0.240000,-1.700000,1.000000,1.143691,2.313105
56524.600000,0.425874,0.481231,1.423765,0.810000,-0.200000,-1.800000,1.000000,1.480403,2.159981
56524.700000,0.352979,0.674292,1.345980,0.910000,0.280000,-1.480000,1.000000,1.779998,2.109747
56524.800000,0.180089,0.827203,1.176490,0.970000,0.910000,-1.230000,1.000000,2.037447,2.121253
56524.900000,0.089322,0.994371,1.086157,0.550000,0.930000,-1.010000,1.000000,2.196346,2.111297
56525.000000,-0.075299,1.066042,1.003063,0.290000,0.770000,-0.690000,1.000000,2.297289,2.142968
56525.100000,-0.255726,1.019196,1.034845,0.190000,0.980000,-0.110000,1.000000,2.285192,2.172340
56525.200000,-0.239314,1.014345,1.053782,0.160000,1.190000,0.010000,1.000000,2.179784,2.192434
56525.300000,-0.366538,0.969017,1.008359,0.180000,0.860000,0.000000,1.000000,2.142063,2.211743
56525.400000,-0.478558,1.001423,0.928100,0.110000,0.160000,0.250000,1.000000,2.098348,2.236550
56525.500000,-0.370354,1.007032,1.050360,-0.010000,-0.100000,0.130000,1.000000,2.040422,2.228968
56525.600000,-0.467853,1.002551,1.127504,0.140000,-0.120000,0.190000,1.000000,2.044161,2.211316
56525.700000,-0.374538,1.132758,1.013744,0.600000,-0.790000,0.840000,1.000000,2.155653,2.164780
56525.800000,-0.120178,1.144910,0.925191,0.720000,-1.380000,1.290000,1.000000,2.339262,2.070355
56525.900000,0.088587,1.305991,0.690453,0.850000,-1.390000,1.350000,1.000000,2.709815,2.051953
56526.000000,0.330932,1.333652,0.486554,0.980000,-0.890000,1.510000,1.000000,3.038256,1.968756
56526.100000,0.604944,1.362599,0.344763,0.900000,-0.360000,1.380000,1.000000,3.110946,-1.008820
56526.200000,0.777608,1.362278,0.225690,0.750000,-0.300000,1.420000,1.000000,2.905829,-1.161474
56526.300000,1.013659,1.351701,0.108976,0.430000,-0.590000,1.090000,1.000000,2.728898,-1.228087
56526.400000,1.163295,1.305316,-0.019502,0.330000,-0.230000,0.610000,1.000000,2.273843,-1.230875
56526.500000,1.258629,1.249618,0.013976,0.230000,-0.010000,0.300000,1.000000,2.236521,-1.245128
56526.600000,1.186141,1.195843,-0.090790,0.200000,0.160000,0.120000,1.000000,2.132867,-1.244400
56526.700000,1.205973,1.214521,-0.112606,-0.160000,0.050000,-0.080000,1.000000,2.167601,-1.235512
56526.800000,1.190968,1.177466,-0.072680,-0.620000,0.210000,-0.510000,1.000000,2.139635,-1.226727
56526.900000,1.121778,1.260766,0.076821,-1.080000,0.650000,-0.910000,1.000000,2.477860,-1.244515
56527.000000,0.826923,1.292716,0.420035,-1.040000,0.790000,-0.990000,1.000000,2.917102,-1.222867
56527.100000,0.644104,1.261718,0.609362,-1.020000,0.740000,-1.110000,1.000000,3.091915,-1.131990
56527.200000,0.468489,1.278203,0.659886,-0.860000,0.870000,-1.170000,1.000000,2.886648,1.971465
56527.300000,0.225397,1.224894,0.807762,-0.550000,1.300000,-1.110000,1.000000,2.706400,2.013955
56527.400000,0.140871,1.197483,0.939297,-0.430000,0.730000,-0.940000,1.000000,2.423106,2.039026
56527.500000,-0.020371,1.150100,0.997855,-0.160000,0.570000,-0.600000,1.000000,2.393523,2.071805
56527.600000,-0.163911,1.077420,1.090494,-0.050000,0.300000,-0.390000,1.000000,2.277370,2.095120
56527.700000,-0.070062,1.168801,1.035894,-0.040000,0.130000,-0.130000,1.000000,2.316674,2.108842
56527.800000,-0.131149,1.094628,1.020216,-0.070000,0.040000,-0.070000,1.000000,2.222070,2.129830
56527.900000,-0.075574,1.083916,1.024098,0.010000,0.020000,-0.110000,1.000000,2.230619,2.124534
56528.000000,-0.083692,1.084256,1.080874,0.140000,0.090000,-0.150000,1.000000,2.236323,2.122342
56528.100000,-0.205520,1.035363,0.984557,0.070000,0.100000,-0.170000,1.000000,2.216493,2.133829
56528.200000,-0.327563,0.969438,1.029993,0.060000,-1.180000,0.410000,1.000000,2.277181,2.126449
56528.300000,-0.044091,1.005460,1.008389,0.570000,-1.270000,0.650000,1.000000,2.494865,2.084949
56528.400000,0.084542,1.142403,0.720740,0.630000,-1.380000,0.640000,1.000000,2.722070,2.066577
56528.500000,0.372612,1.307066,0.718457,0.040000,-0.580000,0.940000,1.000000,2.893845,2.064968
56528.600000,0.341347,1.281767,0.779527,-0.610000,0.710000,1.250000,1.000000,2.767513,2.058695
56528.700000,0.438670,1.102738,1.026658,-1.100000,0.580000,1.590000,1.000000,2.380187,2.044785
56528.800000,0.596537,0.745909,1.334319,-1.500000,0.590000,1.850000,1.000000,1.757071,2.091585
56528.900000,0.513638,0.444068,1.495367,-1.510000,0.800000,1.770000,1.000000,1.405124,2.178365
56529.000000,0.608039,0.259270,1.559980,-0.940000,0.780000,1.400000,1.000000,0.882057,2.585945
56529.100000,0.392874,0.047645,1.623296,-0.520000,1.010000,0.810000,1.000000,0.816483,2.997776
56529.200000,0.294305,-0.004367,1.733195,-0.190000,0.250000,0.240000,1.000000,0.932506,-3.053379
56529.300000,0.230097,-0.051615,1.716579,0.060000,0.340000,-0.120000,1.000000,0.937717,-2.959845
56529.400000,0.138627,-0.013386,1.664709,0.150000,-0.100000,-0.050000,1.000000,0.985999,-2.996104
56529.500000,0.148286,-0.025520,1.616055,0.070000,-0.100000,0.020000,1.000000,0.946190,-3.003729
56529.600000,0.123037,0.037267,1.601246,0.010000,0.200000,0.100000,1.000000,0.944961,-3.084049
56529.700000,0.190922,0.013671,1.651593,-0.080000,-0.110000,0.170000,1.000000,0.952665,-3.028092
56529.800000,0.140986,-0.028228,1.641434,0.090000,0.060000,0.020000,1.000000,0.953128,-3.023567
56529.900000,0.119217,-0.017654,1.670137,0.060000,-0.020000,0.100000,1.000000,0.999085,-2.990030
56530.000000,0.140343,0.000792,1.638318,0.030000,0.010000,0.060000,1.000000,0.966851,-3.024501
56530.100000,0.139422,-0.026534,1.643953,-0.030000,0.030000,0.010000,1.000000,0.986165,-2.988789
56530.200000,0.129168,0.027873,1.646273,0.010000,-0.120000,0.010000,1.000000,0.976912,-3.066422
56530.300000,0.145743,0.003847,1.635008,0.000000,-0.030000,-0.020000,1.000000,0.959180,-3.030028
56530.400000,0.158504,0.029860,1.640467,-0.000000,-0.020000,0.020000,1.000000,0.964743,-3.069157
56530.500000,0.147181,-0.049407,1.654150,-0.030000,-0.010000,0.040000,1.000000,0.994133,-2.961152
56530.600000,0.162753,-0.060024,1.646501,-0.040000,0.020000,0.060000,1.000000,0.968294,-2.925017
56530.700000,0.163760,-0.040878,1.643452,-0.020000,0.010000,0.050000,1.000000,0.974630,-2.950455
56530.800000,0.100247,-0.041585,1.632014,0.020000,0.310000,0.030000,1.000000,0.991394,-2.955016
56530.900000,0.122153,-0.019464,1.664223,0.030000,-0.060000,0.000000,1.000000,1.008352,-2.988634
56531.000000,0.108850,-0.041090,1.653910,-0.010000,-0.050000,0.000000,1.000000,0.988621,-2.978859
56531.100000,0.143505,-0.027664,1.644886,-0.110000,-0.090000,0.040000,1.000000,0.969212,-2.980814
56531.200000,0.156151,-0.092686,1.645779,-0.050000,-0.140000,0.020000,1.000000,0.995239,-2.905597
56531.300000,0.169550,-0.058263,1.662116,0.090000,-0.000000,-0.040000,1.000000,0.959078,-2.925449
56531.400000,0.192537,-0.053865,1.627343,0.080000,-0.030000,0.000000,1.000000,0.965356,-2.939346
56531.500000,0.174787,-0.063886,1.660026,0.000000,0.070000,-0.000000,1.000000,0.985735,-2.898050
56531.600000,0.210751,-0.047806,1.664649,0.010000,-0.040000,-0.040000,1.000000,0.981669,-2.936228
56531.700000,0.318311,-0.036129,1.725195,0.140000,-0.080000,-0.340000,1.000000,0.950138,-2.978342
56531.800000,0.378019,-0.000490,1.750328,0.470000,0.030000,-0.730000,1.000000,0.929176,-3.037245
56531.900000,0.312056,0.138173,1.652211,0.820000,0.170000,-1.560000,1.000000,0.948426,2.900743
56532.000000,0.080374,0.250111,1.621967,1.090000,0.670000,-1.580000,1.000000,1.118416,2.629766
56532.100000,-0.157203,0.433994,1.615317,1.280000,0.220000,-1.520000,1.000000,1.384457,2.498812
56532.200000,-0.072637,0.640612,1.627396,1.200000,0.210000,-1.590000,1.000000,1.706063,2.315346
56532.300000,-0.194394,0.778740,1.285738,0.900000,-0.360000,-1.210000,1.000000,1.843865,2.285614
56532.400000,-0.320298,0.903382,1.149555,0.680000,-0.350000,-0.400000,1.000000,2.053397,2.233355
56532.500000,-0.112788,1.050748,1.133456,0.470000,-0.130000,-0.280000,1.000000,2.173966,2.188892
56532.600000,-0.000275,1.056699,1.123696,0.480000,-0.170000,-0.250000,1.000000,2.282897,2.168997
56532.700000,0.048256,0.981357,1.134852,0.220000,1.330000,-0.150000,1.000000,2.303303,2.132763
56532.800000,-0.335782,0.986094,0.984281,0.170000,0.300000,0.080000,1.000000,2.164902,2.185573
56532.900000,-0.069308,0.995343,1.168973,0.020000,-0.550000,0.250000,1.000000,2.170290,2.179994
56533.000000,-0.366516,1.047873,1.163941,0.180000,-0.320000,0.540000,1.000000,2.133810,2.170128
56533.100000,-0.119635,1.184640,1.134475,0.700000,-1.390000,1.400000,1.000000,2.247326,2.117838
56533.200000,0.219231,1.215632,0.885666,0.990000,-1.440000,1.420000,1.000000,2.632053,2.016302
56533.300000,0.445599,1.257937,0.569524,0.950000,-1.020000,1.430000,1.000000,2.840155,1.984026
56533.400000,0.751271,1.288784,0.533515,0.770000,-1.490000,0.960000,1.000000,3.064537,1.923593
56533.500000,0.809194,1.306192,0.343169,0.760000,-0.200000,0.810000,1.000000,2.856405,-1.180656
56533.600000,1.049214,1.304353,0.226991,0.590000,-0.690000,0.750000,1.000000,2.690539,-1.222544
56533.700000,1.083018,1.291281,0.147529,0.350000,-0.890000,0.460000,1.000000,2.481544,-1.205580
56533.800000,1.113422,1.248775,-0.003456,0.330000,-0.370000,0.380000,1.000000,2.178307,-1.189051
56533.900000,1.116236,1.251670,-0.079623,0.300000,-0.060000,0.290000,1.000000,2.082295,-1.159245
56534.000000,1.227602,1.201580,-0.116883,0.110000,-0.050000,0.160000,1.000000,1.981403,-1.179957
56534.100000,1.243668,1.201748,-0.075100,-0.100000,-0.090000,-0.040000,1.000000,1.955045,-1.160000
56534.200000,1.188644,1.221208,-0.104864,-0.200000,0.020000,-0.150000,1.000000,1.981335,-1.169612
56534.300000,1.169776,1.201151,-0.079007,-0.500000,0.260000,-0.360000,1.000000,2.047720,-1.180106
56534.400000,1.120387,1.197192,-0.024005,-0.730000,0.580000,-0.470000,1.000000,2.154146,-1.193791
56534.500000,1.020320,1.192665,0.221973,-1.070000,0.820000,-0.650000,1.000000,2.465883,-1.201899
56534.600000,0.807915,1.223864,0.431536,-1.050000,0.940000,-0.790000,1.000000,2.839168,-1.197059
56534.700000,0.712572,1.194135,0.546261,-1.090000,0.950000,-0.890000,1.000000,3.054714,-1.141999
56534.800000,0.528397,1.158157,0.890351,-1.020000,0.550000,-0.950000,1.000000,2.842106,1.953160
56534.900000,0.372189,1.106672,0.982139,-0.730000,1.060000,-0.760000,1.000000,2.707048,1.973155
56535.000000,0.231775,1.094392,1.113975,-0.390000,1.620000,-0.520000,1.000000,2.520713,2.015376
56535.100000,0.072350,1.012004,1.087088,-0.160000,0.580000,-0.300000,1.000000,2.268579,2.054078
56535.200000,0.096688,0.996327,1.129116,-0.130000,0.070000,-0.120000,1.000000,2.112090,2.095393
56535.300000,0.068398,0.967932,1.164357,-0.120000,0.100000,-0.190000,1.000000,2.057049,2.111084
56535.400000,0.016539,0.986824,1.108571,0.160000,0.260000,-0.060000,1.000000,2.048626,2.114053
56535.500000,-0.005618,0.973475,1.119252,0.000000,0.050000,-0.020000,1.000000,2.012271,2.130550
56535.600000,-0.017318,0.875787,1.245246,0.060000,-0.230000,-0.020000,1.000000,2.036739,2.119288
56535.700000,0.071751,0.760142,1.161749,0.310000,-0.880000,0.180000,1.000000,2.031799,2.112807
56535.800000,0.077645,1.046502,1.024404,0.420000,-0.940000,0.080000,1.000000,2.254038,2.089650
56535.900000,0.050826,1.073245,1.017489,-0.560000,-0.110000,0.410000,1.000000,2.369157,2.108734
56536.000000,0.073176,1.011138,1.027287,-1.270000,0.290000,1.360000,1.000000,2.285902,2.110539
56536.100000,0.209065,0.803345,1.322996,-1.280000,0.310000,1.780000,1.000000,1.925553,2.177754
56536.200000,0.373703,0.547412,1.523614,-1.210000,0.310000,1.790000,1.000000,1.492637,2.252623
56536.300000,0.391656,0.350208,1.539942,-1.160000,0.440000,1.600000,1.000000,1.184828,2.425239
56536.400000,0.293756,0.162900,1.732661,-0.870000,0.320000,1.280000,1.000000,0.939908,2.826752
56536.500000,0.247887,0.058235,1.646258,-0.380000,0.330000,0.940000,1.000000,0.902046,3.044851
56536.600000,0.200959,-0.024450,1.616117,-0.060000,0.220000,0.420000,1.000000,0.933712,-3.103073
56536.700000,0.109663,-0.047516,1.649822,0.020000,-0.060000,0.220000,1.000000,0.962823,-3.075045
56536.800000,0.185564,-0.053395,1.653905,0.170000,0.150000,0.020000,1.000000,0.965007,-2.989872
56536.900000,0.140413,-0.028588,1.635653,0.060000,0.040000,0.030000,1.000000,0.938504,-3.044029
56537.000000,0.167675,-0.033377,1.619772,0.010000,0.070000,0.070000,1.000000,0.933505,-3.005529
56537.100000,0.142377,-0.034527,1.652269,-0.070000,-0.030000,0.030000,1.000000,0.981784,-2.992202
56537.200000,0.191950,-0.049389,1.663272,0.070000,-0.080000,-0.120000,1.000000,0.942931,-2.993038
56537.300000,0.159119,-0.005167,1.619829,0.020000,-0.070000,-0.050000,1.000000,0.926445,-3.050183
56537.400000,0.198608,-0.035097,1.628208,-0.070000,-0.110000,0.030000,1.000000,0.936750,-2.976429
56537.500000,0.216809,-0.038640,1.653666,-0.020000,-0.130000,-0.010000,1.000000,0.920186,-3.014046
56537.600000,0.222997,-0.057246,1.629310,0.030000,-0.110000,-0.030000,1.000000,0.911709,-3.015402
56537.700000,0.292942,-0.060525,1.593469,-0.050000,-0.170000,-0.050000,1.000000,0.890730,-2.972284
56537.800000,0.258598,-0.023642,1.608498,-0.040000,-0.040000,-0.100000,1.000000,0.887285,-3.046104
56537.900000,0.274867,-0.059327,1.622085,-0.060000,0.030000,-0.090000,1.000000,0.887694,-2.974554
56538.000000,0.261768,-0.089471,1.595808,-0.030000,-0.000000,-0.010000,1.000000,0.883518,-2.943540
56538.100000,0.291378,-0.056341,1.608525,0.030000,0.020000,0.010000,1.000000,0.870849,-3.034765
56538.200000,0.281904,-0.062653,1.600322,0.030000,0.020000,0.010000,1.000000,0.855566,-3.041755
56538.300000,0.289401,-0.074414,1.628947,0.020000,-0.040000,0.000000,1.000000,0.879673,-2.985716
56538.400000,0.286170,-0.058508,1.611144,0.070000,0.010000,-0.030000,1.000000,0.885635,-2.976129
56538.500000,0.279265,-0.033046,1.618644,0.050000,-0.010000,-0.020000,1.000000,0.882815,-3.101693
56538.600000,0.306308,-0.037370,1.650483,0.050000,-0.090000,-0.110000,1.000000,0.888950,-3.063566
56538.700000,0.353137,-0.026369,1.612903,0.090000,-0.090000,-0.200000,1.000000,0.824582,-3.053729
56538.800000,0.346465,0.013182,1.665298,0.160000,-0.330000,-0.260000,1.000000,0.859109,3.109136
56538.900000,0.500583,0.034713,1.629019,0.250000,-0.730000,-0.370000,1.000000,0.769246,3.064264
56539.000000,0.604128,0.087393,1.571265,0.310000,-0.690000,-0.510000,1.000000,0.725317,2.882089
56539.100000,0.687893,0.166252,1.556443,0.320000,-0.710000,-0.760000,1.000000,0.748919,2.664507
56539.200000,0.796996,0.274103,1.460309,0.580000,-0.790000,-1.110000,1.000000,1.006151,2.204503
56539.300000,0.841832,0.481501,1.320319,0.680000,-0.260000,-1.420000,1.000000,1.383997,2.046894
56539.400000,0.709505,0.663091,1.297958,0.860000,-0.020000,-1.430000,1.000000,1.809846,1.982121
56539.500000,0.599491,0.879181,1.095444,1.010000,0.430000,-1.420000,1.000000,2.214700,1.970942
56539.600000,0.396466,0.966376,1.027204,0.980000,0.490000,-1.370000,1.000000,2.374084,2.008873
56539.700000,0.232331,1.189129,0.871083,0.710000,-0.060000,-1.190000,1.000000,2.627986,2.048976
56539.800000,0.217495,1.232630,0.704864,0.100000,0.230000,-0.750000,1.000000,2.804239,2.026005
56539.900000,0.093253,1.143428,0.800572,-0.170000,1.150000,-0.250000,1.000000,2.768080,2.031460
56540.000000,0.003999,1.177335,0.702506,-0.250000,1.560000,0.340000,1.000000,2.591606,2.043837
56540.100000,-0.088885,1.089122,0.947429,-0.280000,1.030000,0.110000,1.000000,2.393080,2.070792
56540.200000,-0.257497,1.138375,1.058133,0.280000,0.480000,0.460000,1.000000,2.200136,2.100875
56540.300000,-0.093392,1.170771,1.230920,0.610000,-1.000000,0.730000,1.000000,2.200448,2.090156
56540.400000,0.131516,1.253072,0.975097,0.860000,-0.820000,0.980000,1.000000,2.527698,2.022328
56540.500000,0.234201,1.288187,0.637742,1.100000,-0.750000,1.250000,1.000000,2.819077,1.986469
56540.600000,0.434565,1.341835,0.468284,1.080000,-0.400000,1.200000,1.000000,3.109430,1.862854
56540.700000,0.616017,1.396663,0.306341,0.970000,-0.440000,1.200000,1.000000,2.979073,-1.122059
56540.800000,0.816567,1.413672,0.079173,0.830000,-0.540000,1.090000,1.000000,2.782786,-1.177819
56540.900000,1.013424,1.332679,0.015333,0.560000,-0.660000,0.830000,1.000000,2.471747,-1.186395
56541.000000,1.043574,1.291910,-0.030066,0.410000,-0.320000,0.670000,1.000000,2.259983,-1.187517
56541.100000,1.182480,1.297705,-0.159184,0.410000,-0.170000,0.460000,1.000000,2.000769,-1.200238
56541.200000,1.277326,1.229712,-0.231639,0.270000,-0.100000,0.280000,1.000000,1.915290,-1.181897
56541.300000,1.212195,1.201521,-0.156660,0.000000,0.040000,0.010000,1.000000,1.859214,-1.205418
56541.400000,1.220611,1.242340,-0.180945,-0.170000,-0.020000,-0.060000,1.000000,1.902187,-1.196587
56541.500000,1.204029,1.204070,-0.162693,-0.340000,0.090000,-0.330000,1.000000,1.927023,-1.191919
56541.600000,1.103879,1.199806,-0.145927,-0.570000,0.420000,-0.630000,1.000000,1.961359,-1.196612
56541.700000,1.053092,1.287442,0.028117,-0.790000,0.180000,-0.790000,1.000000,2.322406,-1.213362
56541.800000,0.859279,1.352178,0.181450,-0.900000,0.650000,-0.930000,1.000000,2.603540,-1.190916
56541.900000,0.711969,1.323392,0.308807,-0.860000,1.010000,-1.160000,1.000000,2.847138,-1.174511
56542.000000,0.455483,1.333568,0.573017,-0.830000,0.920000,-1.320000,1.000000,3.068269,1.930260
56542.100000,0.157561,1.370298,0.725516,-0.560000,0.830000,-1.160000,1.000000,2.921290,2.008939
56542.200000,-0.032928,1.264700,0.830084,-0.250000,1.180000,-0.690000,1.000000,2.630105,2.024984
56542.300000,-0.059804,1.338529,0.749676,-0.120000,0.800000,-0.500000,1.000000,2.608700,2.051913
56542.400000,-0.049520,1.278544,0.837091,-0.210000,0.110000,-0.380000,1.000000,2.438066,2.080632
56542.500000,-0.109185,1.228551,0.874715,-0.160000,0.270000,-0.370000,1.000000,2.399100,2.105249
56542.600000,-0.175366,1.200023,0.871229,-0.080000,0.280000,-0.340000,1.000000,2.389404,2.110593
56542.700000,-0.238886,1.193521,0.866320,-0.040000,0.310000,-0.210000,1.000000,2.320350,2.128486
56542.800000,-0.264696,1.199157,0.843339,0.150000,0.190000,0.060000,1.000000,2.286490,2.137152
56542.900000,-0.244047,1.162832,0.930382,-0.100000,-0.250000,-0.050000,1.000000,2.266051,2.153566
56543.000000,-0.246562,1.132824,0.871195,-0.060000,-0.350000,-0.040000,1.000000,2.279866,2.146338
56543.100000,-0.174710,1.150720,0.937098,-0.100000,-0.320000,-0.000000,1.000000,2.267743,2.132822
56543.200000,-0.187158,1.042363,0.948414,-0.030000,-0.270000,0.030000,1.000000,2.397519,2.110870
56543.300000,-0.166183,1.015782,1.007539,0.480000,-1.120000,0.210000,1.000000,2.338168,2.124293
56543.400000,-0.022086,1.250098,0.835748,0.400000,-0.550000,0.490000,1.000000,2.596079,2.100463
56543.500000,0.024631,1.341527,0.689947,0.030000,0.150000,0.630000,1.000000,2.738432,2.084147
56543.600000,0.057753,1.324483,0.784560,-0.730000,0.310000,0.930000,1.000000,2.682179,2.086803
56543.700000,0.020019,1.282370,0.809127,-0.990000,0.540000,1.050000,1.000000,2.512903,2.100439
56543.800000,0.163853,1.131530,1.069933,-1.140000,0.240000,1.090000,1.000000,2.155952,2.143952
56543.900000,0.124381,0.911571,1.262194,-1.210000,0.030000,1.010000,1.000000,1.892610,2.181154
56544.000000,0.239739,0.736465,1.434185,-1.260000,0.010000,1.170000,1.000000,1.578636,2.254786
56544.100000,0.376132,0.528410,1.542827,-0.950000,0.250000,1.040000,1.000000,1.238750,2.361002
56544.200000,0.359795,0.389993,1.593118,-0.800000,0.060000,0.770000,1.000000,1.049842,2.525665
56544.300000,0.378815,0.234215,1.648588,-0.710000,0.030000,0.560000,1.000000,0.935042,2.819618
56544.400000,0.402091,0.095920,1.680016,-0.480000,0.100000,0.170000,1.000000,0.855362,3.043076
56544.500000,0.315946,0.028073,1.667779,-0.250000,-0.030000,0.010000,1.000000,0.845502,-3.130285
56544.600000,0.261794,0.047451,1.656631,-0.040000,0.000000,-0.090000,1.000000,0.879585,3.098296
56544.700000,0.271139,0.082939,1.628354,0.000000,0.110000,-0.040000,1.000000,0.872267,3.026210
56544.800000,0.273657,0.044931,1.615397,0.020000,0.090000,0.040000,1.000000,0.876174,3.132604
56544.900000,0.284322,-0.021859,1.626417,-0.020000,0.000000,0.090000,1.000000,0.865688,-3.046372
56545.000000,0.268648,0.011802,1.619224,-0.030000,-0.010000,0.100000,1.000000,0.882923,3.141077
56545.100000,0.267433,-0.004365,1.647431,-0.030000,-0.010000,0.070000,1.000000,0.898827,-3.099818
56545.200000,0.263313,-0.018110,1.649601,-0.020000,-0.040000,0.050000,1.000000,0.908640,-3.038801
56545.300000,0.292445,0.002768,1.616140,-0.010000,-0.040000,0.040000,1.000000,0.879008,-3.089777
56545.400000,0.303906,-0.024944,1.616604,-0.010000,-0.020000,0.040000,1.000000,0.867052,-3.037839
56545.500000,0.315501,-0.025557,1.624054,-0.040000,0.000000,0.020000,1.000000,0.872073,-2.979685
56545.600000,0.288392,-0.009867,1.624039,-0.040000,0.010000,0.030000,1.000000,0.852464,-2.989580
56545.700000,0.312359,-0.007465,1.630177,0.030000,-0.160000,0.180000,1.000000,0.850432,-2.965562
56545.800000,0.331176,-0.039735,1.649011,-0.010000,-0.380000,0.340000,1.000000,0.864301,-2.902690
56545.900000,0.437573,-0.071503,1.570627,-0.110000,-0.750000,0.550000,1.000000,0.868559,-2.799436
56546.000000,0.575292,-0.111390,1.556906,-0.180000,-0.610000,0.680000,1.000000,0.854207,-2.608506
56546.100000,0.549911,-0.177846,1.468886,-0.030000,-0.470000,0.840000,1.000000,0.964115,-2.390829
56546.200000,0.657278,-0.348393,1.449523,-0.020000,-0.550000,0.740000,1.000000,1.190934,-2.226749
56546.300000,0.700531,-0.420143,1.415478,0.040000,-0.110000,0.570000,1.000000,1.336045,-2.167502
56546.400000,0.734440,-0.457476,1.395562,-0.080000,-0.140000,0.520000,1.000000,1.443675,-2.108355
56546.500000,0.672483,-0.500138,1.323863,-0.030000,0.270000,0.370000,1.000000,1.501040,-2.106006
56546.600000,0.716541,-0.559895,1.394637,-0.040000,0.020000,0.100000,1.000000,1.664356,-2.092059
