Time,aclx,acly,aclz,gx,gy,gz,mr,mtheta,mphi56450.400000,0.028033,-0.018218,0.021033,-0.007579,-0.011026,-0.002962,0.000000,-0.022208,0.028186
56450.500000,0.026882,-0.018716,0.020840,-0.001819,-0.012435,-0.002258,0.000000,-0.022515,0.028202
56450.600000,0.026242,-0.018976,0.019717,0.003221,-0.014087,-0.001007,0.000000,-0.022324,0.027986
56450.700000,0.025450,-0.018637,0.019519,0.006050,-0.015023,0.001376,0.000000,-0.022526,0.027892
56450.800000,0.026505,-0.018468,0.018442,0.008396,-0.013696,0.004533,0.000000,-0.023144,0.027877
56450.900000,0.026321,-0.018219,0.017331,0.010421,-0.012628,0.008443,0.000000,-0.024688,0.028186
56451.000000,0.026656,-0.017855,0.016299,0.016046,-0.009744,0.007987,0.000000,-0.026006,0.028440
56451.100000,0.028053,-0.017588,0.015127,0.017621,-0.007715,0.008508,0.000000,-0.027794,0.028863
56451.200000,0.029754,-0.016995,0.013609,0.017734,-0.007715,0.007531,0.000000,-0.029408,0.029406
56451.300000,0.032059,-0.016100,0.012905,0.015146,-0.008890,0.004598,0.000000,-0.030547,0.029715
56451.400000,0.033999,-0.015182,0.013293,0.012784,-0.007288,0.000557,0.000000,-0.031589,0.029939
56451.500000,0.034938,-0.013756,0.012108,0.011771,-0.003336,-0.004135,0.000000,-0.031368,0.029794
56451.600000,0.034962,-0.012137,0.012099,0.008959,-0.005365,-0.010131,0.000000,-0.030108,0.029514
56451.700000,0.036898,-0.010243,0.012104,0.006034,-0.008463,-0.010914,0.000000,-0.026853,0.028749
56451.800000,0.037567,-0.008736,0.011631,0.005021,-0.011560,-0.010066,0.000000,-0.024756,0.028055
56451.900000,0.038713,-0.007178,0.010878,0.006146,-0.013482,-0.008763,0.000000,-0.022521,0.027314
56452.000000,0.040088,-0.005533,0.010367,0.005809,-0.010278,-0.005700,0.000000,-0.020119,0.026314
56452.100000,0.040625,-0.004542,0.009778,0.005696,-0.004831,-0.001203,0.000000,-0.018985,0.025725
56452.200000,0.041569,-0.004367,0.009137,0.004009,-0.001627,0.004011,0.000000,-0.018924,0.025581
56452.300000,0.043278,-0.005125,0.009382,0.002096,-0.002589,0.008248,0.000000,-0.019773,0.025821
56452.400000,0.044036,-0.006097,0.009335,0.002209,0.002110,0.011311,0.000000,-0.021559,0.026282
56452.500000,0.043411,-0.007747,0.009998,0.002771,0.003072,0.009486,0.000000,-0.024198,0.026825
56452.600000,0.042518,-0.008985,0.010469,0.002884,0.005421,0.007400,0.000000,-0.026061,0.027448
56452.700000,0.040983,-0.009972,0.011693,0.000746,0.007344,0.005054,0.000000,-0.027633,0.027989
56452.800000,0.039669,-0.011091,0.012988,-0.001166,0.004140,0.003620,0.000000,-0.029154,0.028514
56452.900000,0.038701,-0.012230,0.013340,-0.001729,0.000081,0.002512,0.000000,-0.030298,0.029075
56453.000000,0.038432,-0.012502,0.013324,-0.000941,-0.003763,0.000166,0.000000,-0.031003,0.029424
56453.100000,0.037757,-0.012612,0.013426,-0.000604,-0.003229,-0.001268,0.000000,-0.031379,0.029555
56453.200000,0.037927,-0.012698,0.013545,-0.001054,-0.004404,-0.000746,0.000000,-0.031406,0.029537
56453.300000,0.038863,-0.013213,0.013210,-0.002179,-0.002589,0.000296,0.000000,-0.032432,0.029880
56453.400000,0.039396,-0.013756,0.013338,-0.004879,-0.000987,0.000948,0.000000,-0.033031,0.030314
56453.500000,0.038314,-0.014844,0.013056,-0.007466,0.006916,0.002512,0.000000,-0.033611,0.030769
56453.600000,0.036209,-0.016150,0.013516,-0.010054,0.012363,0.003164,0.000000,-0.034463,0.031700
56453.700000,0.034485,-0.017447,0.015469,-0.012754,0.014926,0.003816,0.000000,-0.034699,0.032725
56453.800000,0.032949,-0.019189,0.017471,-0.013541,0.013645,0.004272,0.000000,-0.034682,0.022132
56453.900000,0.030166,-0.021341,0.018816,-0.014329,0.012043,0.004077,0.000000,-0.035054,0.011587
56454.000000,0.027077,-0.023450,0.020313,-0.014554,0.011295,0.003555,0.000000,-0.035384,0.001006
56454.100000,0.023947,-0.025162,0.021825,-0.013429,0.011081,0.002838,0.000000,-0.035038,-0.009750
56454.200000,0.020589,-0.026857,0.023171,-0.011741,0.009266,0.002252,0.000000,-0.034522,-0.020631
56454.300000,0.019909,-0.028400,0.024503,-0.008816,-0.000453,0.001991,0.000000,-0.034442,-0.031431
56454.400000,0.019726,-0.029525,0.024794,-0.004991,-0.003870,0.001013,0.000000,-0.034479,-0.042793
56454.500000,0.019025,-0.030171,0.024093,-0.001841,-0.004725,-0.000160,0.000000,-0.034452,-0.054578
56454.600000,0.017510,-0.030561,0.023323,-0.001504,-0.001734,-0.000160,0.000000,-0.034585,-0.054643
56454.700000,0.018183,-0.030853,0.023435,-0.001166,-0.001307,-0.000225,0.000000,-0.034614,-0.054475
56454.800000,0.018118,-0.031104,0.023575,-0.001054,-0.001521,-0.000877,0.000000,-0.034547,-0.054282
56454.900000,0.018030,-0.031207,0.023441,-0.001054,-0.001627,-0.001137,0.000000,-0.034653,-0.054240
56455.000000,0.018283,-0.031177,0.023249,-0.000829,-0.001948,-0.001268,0.000000,-0.034788,-0.054427
56455.100000,0.018269,-0.031438,0.023341,-0.000716,-0.001200,-0.001659,0.000000,-0.034734,-0.054310
56455.200000,0.018128,-0.031513,0.023376,-0.000491,-0.000346,-0.001919,0.000000,-0.034639,-0.054404
56455.300000,0.018246,-0.031482,0.023467,0.000184,0.001149,-0.002832,0.000000,-0.034637,-0.042340
56455.400000,0.017952,-0.031439,0.023797,0.000521,0.001897,-0.003875,0.000000,-0.034512,-0.030386
56455.500000,0.017334,-0.031005,0.024196,0.000746,0.001149,-0.004266,0.000000,-0.034233,-0.018765
56455.600000,0.017149,-0.030569,0.023753,0.000971,-0.000026,-0.004005,0.000000,-0.034425,-0.007177
56455.700000,0.016576,-0.030186,0.023852,0.001084,-0.000987,-0.003744,0.000000,-0.034162,0.004494
56455.800000,0.016541,-0.030078,0.023970,0.001309,-0.001627,-0.003549,0.000000,-0.034140,0.004456
56455.900000,0.016576,-0.029439,0.023947,0.001421,-0.003016,-0.003418,0.000000,-0.034211,0.015849
56456.000000,0.016764,-0.029147,0.023794,0.001421,-0.003870,-0.003288,0.000000,-0.034237,0.027698
56456.100000,0.016921,-0.029013,0.023655,0.000971,-0.005579,-0.002636,0.000000,-0.034348,0.027628
56456.200000,0.017139,-0.028788,0.023475,0.000971,-0.006754,-0.001659,0.000000,-0.034393,0.027448
56456.300000,0.017542,-0.028719,0.023147,0.000971,-0.006220,-0.001333,0.000000,-0.034565,0.027348
56456.400000,0.018337,-0.028711,0.023346,0.001196,-0.005365,-0.001659,0.000000,-0.034614,0.027329
56456.500000,0.018923,-0.028370,0.023218,0.001421,-0.005259,-0.001789,0.000000,-0.034639,0.027017
56456.600000,0.019260,-0.027880,0.022835,0.001196,-0.005579,-0.001528,0.000000,-0.034717,0.038628
56456.700000,0.019362,-0.027672,0.022646,0.001309,-0.004191,-0.001398,0.000000,-0.034733,0.038469
56456.800000,0.019660,-0.027476,0.022567,0.001309,-0.004191,-0.001203,0.000000,-0.034819,0.038308
56456.900000,0.019609,-0.027151,0.022471,0.001309,-0.004084,-0.001072,0.000000,-0.034711,0.037824
56457.000000,0.019738,-0.027014,0.022371,0.001196,-0.003657,-0.001072,0.000000,-0.034698,0.037751
56457.100000,0.019891,-0.026907,0.022234,0.001421,-0.003763,-0.001137,0.000000,-0.034791,0.037695
56457.200000,0.019727,-0.026595,0.022182,0.001421,-0.003443,-0.001007,0.000000,-0.034552,0.037445
56457.300000,0.019624,-0.026325,0.022045,0.001534,-0.002482,-0.001072,0.000000,-0.034414,0.037242
56457.400000,0.019525,-0.026223,0.022322,0.001646,-0.001093,-0.001268,0.000000,-0.034251,0.037243
56457.500000,0.019875,-0.026179,0.022324,0.001309,-0.001627,-0.001333,0.000000,-0.034376,0.037351
56457.600000,0.020069,-0.026127,0.022258,0.001534,-0.002482,-0.001659,0.000000,-0.034439,0.037370
56457.700000,0.020353,-0.026044,0.022226,0.001871,-0.002268,-0.001789,0.000000,-0.034511,0.037440
56457.800000,0.020699,-0.025671,0.022084,0.001759,-0.002482,-0.001724,0.000000,-0.034351,0.036996
56457.900000,0.021039,-0.025467,0.021879,0.001309,-0.002589,-0.001333,0.000000,-0.034291,0.036743
56458.000000,0.021095,-0.025487,0.021831,0.000971,-0.003016,-0.001072,0.000000,-0.034341,0.036754
56458.100000,0.021349,-0.025860,0.021954,0.000746,-0.003336,-0.000942,0.000000,-0.034560,0.037063
56458.200000,0.021556,-0.025910,0.021860,0.000634,-0.003657,-0.001072,0.000000,-0.034689,0.037004
56458.300000,0.021634,-0.025817,0.021568,0.000859,-0.003229,-0.001137,0.000000,-0.034737,0.036766
56458.400000,0.021376,-0.025422,0.021553,0.000634,-0.002589,-0.001007,0.000000,-0.034380,0.036345
56458.500000,0.021591,-0.025355,0.021337,0.000409,-0.002802,-0.000942,0.000000,-0.034481,0.036214
56458.600000,0.021347,-0.025346,0.021643,0.000521,-0.003016,-0.000942,0.000000,-0.034327,0.036266
56458.700000,0.021457,-0.025311,0.021659,0.000859,-0.002695,-0.001137,0.000000,-0.034351,0.036315
56458.800000,0.021737,-0.025422,0.021732,0.000971,-0.002482,-0.001398,0.000000,-0.034478,0.036525
56458.900000,0.021968,-0.025113,0.021599,0.001196,-0.002482,-0.001594,0.000000,-0.034386,0.036250
56459.000000,0.022157,-0.024989,0.021432,0.001196,-0.002802,-0.001398,0.000000,-0.034354,0.036097
56459.100000,0.022235,-0.024708,0.021553,0.001084,-0.003229,-0.001203,0.000000,-0.034087,0.035904
56459.200000,0.022301,-0.024948,0.021520,0.000859,-0.003123,-0.001007,0.000000,-0.034260,0.036065
56459.300000,0.022153,-0.025082,0.021962,0.000634,-0.002909,-0.000877,0.000000,-0.034117,0.036195
56459.400000,0.022426,-0.025686,0.021686,0.000746,-0.002589,-0.000942,0.000000,-0.034577,0.024849
56459.500000,0.022492,-0.025584,0.021683,0.000634,-0.002589,-0.001007,0.000000,-0.034468,0.024635
56459.600000,0.022155,-0.025325,0.021756,0.000634,-0.002695,-0.000942,0.000000,-0.034178,0.024382
56459.700000,0.022181,-0.025444,0.021752,0.000409,-0.002589,-0.000746,0.000000,-0.034288,0.024504
56459.800000,0.022244,-0.025510,0.021801,0.000296,-0.002375,-0.000616,0.000000,-0.034421,0.024656
56459.900000,0.022311,-0.025869,0.021979,0.000409,-0.002375,-0.000551,0.000000,-0.034586,0.024982
56460.000000,0.022639,-0.025759,0.021865,0.000634,-0.002482,-0.000681,0.000000,-0.034693,0.024890
56460.100000,0.022520,-0.025818,0.021700,0.000634,-0.002589,-0.000877,0.000000,-0.034761,0.025048
56460.200000,0.022505,-0.025224,0.021554,0.000409,-0.002482,-0.000877,0.000000,-0.034605,0.036392
56460.300000,0.022130,-0.025404,0.021826,0.000296,-0.002482,-0.000746,0.000000,-0.034639,0.036731
56460.400000,0.022258,-0.025655,0.021743,0.000409,-0.002482,-0.000616,0.000000,-0.034862,0.036985
56460.500000,0.022223,-0.025760,0.021668,0.000184,-0.002695,-0.000616,0.000000,-0.034939,0.036999
56460.600000,0.022128,-0.025762,0.021733,0.000296,-0.002482,-0.000812,0.000000,-0.034959,0.036998
56460.700000,0.021954,-0.025744,0.021476,0.000071,-0.002268,-0.000942,0.000000,-0.035120,0.037037
56460.800000,0.021480,-0.025764,0.021798,-0.000266,-0.002268,-0.000746,0.000000,-0.034854,0.037065
56460.900000,0.021530,-0.025605,0.021814,-0.000041,-0.001948,-0.000681,0.000000,-0.034752,0.036781
56461.000000,0.021577,-0.025646,0.021802,-0.000041,-0.002161,-0.000551,0.000000,-0.034738,0.036847
56461.100000,0.022071,-0.025568,0.021661,-0.000266,-0.002589,-0.000290,0.000000,-0.034720,0.036652
56461.200000,0.022315,-0.025196,0.021456,-0.000266,-0.002482,-0.000486,0.000000,-0.034545,0.036092
56461.300000,0.022630,-0.025325,0.021305,0.000296,-0.002909,-0.000355,0.000000,-0.034632,0.036139
56461.400000,0.023002,-0.025336,0.021100,0.000296,-0.003123,-0.000225,0.000000,-0.034548,0.035971
56461.500000,0.023279,-0.025453,0.021120,0.000296,-0.002802,-0.000290,0.000000,-0.034643,0.035898
56461.600000,0.023649,-0.025875,0.020854,0.000409,-0.002802,-0.000290,0.000000,-0.035062,0.036446
56461.700000,0.024041,-0.026050,0.020740,0.000071,-0.003016,-0.000225,0.000000,-0.035099,0.036465
56461.800000,0.024148,-0.026546,0.020849,-0.000154,-0.002909,-0.000355,0.000000,-0.035355,0.036879
56461.900000,0.023954,-0.026700,0.020716,-0.000041,-0.001948,-0.000812,0.000000,-0.035576,0.037019
56462.000000,0.023853,-0.027176,0.020590,0.000071,-0.001627,-0.001007,0.000000,-0.035954,0.037578
56462.100000,0.023382,-0.027134,0.020776,-0.000266,-0.001200,-0.001203,0.000000,-0.035852,0.037552
56462.200000,0.023057,-0.027045,0.020952,-0.000041,-0.000880,-0.001398,0.000000,-0.035839,0.037643
56462.300000,0.022888,-0.026660,0.020819,0.000634,-0.000773,-0.001398,0.000000,-0.035554,0.037396
56462.400000,0.022793,-0.026036,0.020817,0.000971,-0.000773,-0.001463,0.000000,-0.035037,0.036601
56462.500000,0.022471,-0.025718,0.020966,0.001646,-0.000773,-0.001724,0.000000,-0.034915,0.036518
56462.600000,0.022208,-0.025390,0.020911,0.002209,-0.000773,-0.002180,0.000000,-0.034741,0.036311
56462.700000,0.022138,-0.025206,0.020973,0.002321,-0.001734,-0.002245,0.000000,-0.034481,0.036146
56462.800000,0.022558,-0.024774,0.021060,0.001871,-0.002695,-0.001919,0.000000,-0.034125,0.035646
56462.900000,0.022920,-0.024692,0.021033,0.001646,-0.002695,-0.001919,0.000000,-0.034201,0.035610
56463.000000,0.023174,-0.024590,0.020775,0.001421,-0.003123,-0.001919,0.000000,-0.034291,0.035428
56463.100000,0.023249,-0.024574,0.020686,0.000971,-0.002909,-0.001854,0.000000,-0.034251,0.035304
56463.200000,0.023423,-0.024986,0.020785,0.000634,-0.003123,-0.001854,0.000000,-0.034581,0.035653
56463.300000,0.023819,-0.025470,0.020474,0.000071,-0.003443,-0.001594,0.000000,-0.034981,0.036001
56463.400000,0.023666,-0.025470,0.020663,-0.000154,-0.003336,-0.001268,0.000000,-0.034868,0.035830
56463.500000,0.023721,-0.025521,0.020632,0.000071,-0.002802,-0.000942,0.000000,-0.034998,0.035957
56463.600000,0.023367,-0.025661,0.020852,0.000296,-0.002268,-0.000877,0.000000,-0.035055,0.036140
56463.700000,0.023600,-0.025793,0.020484,0.000521,-0.001841,-0.001007,0.000000,-0.035172,0.036182
56463.800000,0.023457,-0.025381,0.020500,0.001421,-0.000880,-0.001072,0.000000,-0.034908,0.036019
56463.900000,0.023770,-0.025273,0.020780,0.002884,-0.001841,-0.000681,0.000000,-0.034776,0.036146
56464.000000,0.023592,-0.024801,0.020615,0.002771,-0.001414,-0.000812,0.000000,-0.034537,0.035890
56464.100000,0.022841,-0.024575,0.021191,0.002434,-0.001414,-0.000160,0.000000,-0.034165,0.035573
56464.200000,0.022866,-0.024190,0.021012,0.002096,-0.000559,0.000101,0.000000,-0.034097,0.035586
56464.300000,0.022782,-0.024029,0.020799,0.001646,0.000188,0.000101,0.000000,-0.034115,0.035566
56464.400000,0.022046,-0.024079,0.020662,0.000409,0.000722,0.000166,0.000000,-0.034065,0.035651
56464.500000,0.020965,-0.024070,0.021442,-0.000266,-0.000346,0.000362,0.000000,-0.033815,0.035715
56464.600000,0.020754,-0.024541,0.021939,-0.001729,-0.002055,0.001013,0.000000,-0.033710,0.035902
56464.700000,0.020242,-0.025023,0.022159,-0.003416,-0.001521,0.000362,0.000000,-0.033943,0.036165
56464.800000,0.019723,-0.025673,0.022312,-0.003191,-0.001093,0.000296,0.000000,-0.034264,0.036539
56464.900000,0.019436,-0.025724,0.022140,-0.002629,-0.000773,-0.000290,0.000000,-0.034159,0.036731
56465.000000,0.019197,-0.026005,0.022496,-0.002179,-0.001521,-0.000551,0.000000,-0.034015,0.036654
56465.100000,0.018706,-0.026334,0.022989,-0.001841,-0.002375,-0.000616,0.000000,-0.033868,0.036734
56465.200000,0.019525,-0.026540,0.023258,-0.000491,-0.002909,-0.000877,0.000000,-0.034134,0.036934
56465.300000,0.020069,-0.026542,0.023041,0.001084,-0.001841,-0.001203,0.000000,-0.034254,0.037101
56465.400000,0.019100,-0.026587,0.023187,0.003334,-0.000453,-0.002311,0.000000,-0.034227,0.037342
56465.500000,0.018738,-0.026296,0.023239,0.003334,-0.001948,-0.002245,0.000000,-0.033877,0.036975
56465.600000,0.019844,-0.026029,0.023381,0.003109,-0.003550,-0.002767,0.000000,-0.033623,0.036690
56465.700000,0.021963,-0.025676,0.024057,0.002884,-0.004618,-0.005048,0.000000,-0.033542,0.036363
56465.800000,0.024060,-0.025424,0.024865,0.005021,0.005742,-0.009415,0.000000,-0.033420,0.036174
56465.900000,0.024252,-0.024528,0.025902,0.013459,0.005528,-0.020820,0.000000,-0.031840,0.035284
56466.000000,0.021489,-0.021735,0.026030,0.025384,0.003819,-0.034767,0.000000,-0.027574,0.033884
56466.100000,0.015862,-0.016694,0.024171,0.038546,0.002324,-0.046433,0.000000,-0.021001,0.032266
56466.200000,0.009081,-0.010279,0.018911,0.050134,0.004460,-0.053342,0.000000,-0.012545,0.030708
56466.300000,0.004491,-0.001658,0.012892,0.056321,0.000188,-0.058947,0.000000,-0.002987,0.029535
56466.400000,-0.003583,0.006478,0.006512,0.056771,0.007130,-0.061945,0.000000,0.008058,0.028249
56466.500000,-0.010440,0.014014,-0.000566,0.055534,0.015887,-0.063444,0.000000,0.018842,0.027006
56466.600000,-0.019673,0.020302,-0.006810,0.052946,0.017596,-0.061684,0.000000,0.028638,0.025845
56466.700000,-0.029109,0.025466,-0.010829,0.044734,0.029237,-0.051452,0.000000,0.036523,0.025246
56466.800000,-0.038269,0.029633,-0.014292,0.034496,0.047606,-0.036071,0.000000,0.040930,0.025076
56466.900000,-0.046596,0.031790,-0.016368,0.019196,0.057432,-0.019647,0.000000,0.042746,0.025125
56467.000000,-0.052095,0.033027,-0.015277,0.008846,0.053160,-0.003810,0.000000,0.042219,0.025187
56467.100000,-0.056056,0.032309,-0.014580,0.009409,0.055509,0.012614,0.000000,0.041487,0.025134
56467.200000,-0.055641,0.033364,-0.014516,0.016496,0.032868,0.027409,0.000000,0.040270,0.025052
56467.300000,-0.052201,0.035021,-0.015974,0.028196,0.010120,0.041291,0.000000,0.040773,0.024868
56467.400000,-0.042980,0.038441,-0.019688,0.038996,-0.007822,0.051393,0.000000,0.043495,0.024193
56467.500000,-0.029866,0.041945,-0.027991,0.047659,-0.029929,0.057585,0.000000,0.045806,0.017840
56467.600000,-0.013176,0.044443,-0.037821,0.050584,-0.051395,0.058823,0.000000,0.047194,0.011392
56467.700000,0.005101,0.046561,-0.046141,0.053059,-0.064211,0.055369,0.000000,0.048361,0.004931
56467.800000,0.022596,0.048245,-0.055267,0.051934,-0.067415,0.047026,0.000000,0.048795,-0.001443
56467.900000,0.036264,0.049339,-0.063892,0.046084,-0.066560,0.036794,0.000000,0.047777,-0.007724
56468.000000,0.048385,0.049437,-0.071669,0.037309,-0.047871,0.024867,0.000000,0.045565,-0.013901
56468.100000,0.055284,0.049386,-0.077862,0.020884,-0.028006,0.011115,0.000000,0.042497,-0.019995
56468.200000,0.056952,0.049025,-0.081471,-0.000604,-0.010598,-0.003158,0.000000,0.039624,-0.025610
56468.300000,0.054081,0.049046,-0.080858,-0.019729,0.028489,-0.017887,0.000000,0.039629,-0.025465
56468.400000,0.043024,0.049042,-0.076088,-0.030529,0.057538,-0.031900,0.000000,0.041066,-0.019214
56468.500000,0.030607,0.048057,-0.071664,-0.041554,0.058286,-0.043566,0.000000,0.041995,-0.012897
56468.600000,0.013728,0.046815,-0.065618,-0.046729,0.085199,-0.050605,0.000000,0.043053,-0.006615
56468.700000,-0.004267,0.045855,-0.058135,-0.051566,0.089791,-0.053798,0.000000,0.043393,-0.000278
56468.800000,-0.019496,0.043950,-0.048446,-0.053254,0.087869,-0.055428,0.000000,0.043328,0.006092
56468.900000,-0.036534,0.041187,-0.038795,-0.047966,0.084772,-0.054515,0.000000,0.042063,0.012569
56469.000000,-0.055548,0.037876,-0.030105,-0.034916,0.077189,-0.047737,0.000000,0.038815,0.019066
56469.100000,-0.068616,0.034426,-0.023865,-0.024679,0.048888,-0.037635,0.000000,0.033643,0.025488
56469.200000,-0.074964,0.031785,-0.020733,-0.019954,0.015460,-0.024405,0.000000,0.029524,0.025763
56469.300000,-0.077428,0.030340,-0.016876,-0.010166,0.001149,-0.009284,0.000000,0.026453,0.025878
56469.400000,-0.072634,0.029426,-0.014923,-0.007016,-0.042851,0.004011,0.000000,0.025010,0.025926
56469.500000,-0.063191,0.029832,-0.013558,-0.000379,-0.065172,0.011246,0.000000,0.026403,0.025772
56469.600000,-0.055979,0.030366,-0.015395,0.001309,-0.071153,0.020370,0.000000,0.029336,0.025506
56469.700000,-0.046171,0.031258,-0.016952,-0.006341,-0.075211,0.031645,0.000000,0.032116,0.025172
56469.800000,-0.031244,0.030536,-0.017773,-0.019616,-0.078735,0.042008,0.000000,0.033778,0.024699
56469.900000,-0.016764,0.028945,-0.016100,-0.029404,-0.077240,0.050415,0.000000,0.033529,0.024245
56470.000000,-0.002028,0.024652,-0.012406,-0.038516,-0.060580,0.057519,0.000000,0.030124,0.023973
56470.100000,0.010006,0.018791,-0.008111,-0.045379,-0.036016,0.059866,0.000000,0.023972,0.024363
56470.200000,0.019285,0.011715,-0.003400,-0.048191,-0.014016,0.057910,0.000000,0.015666,0.025550
56470.300000,0.024603,0.002460,0.002040,-0.053479,0.007557,0.056672,0.000000,0.005618,0.015690
56470.400000,0.027729,-0.006480,0.008858,-0.053141,0.014606,0.050676,0.000000,-0.005008,0.005790
56470.500000,0.029450,-0.015050,0.014829,-0.044704,0.017703,0.041878,0.000000,-0.015036,-0.003785
56470.600000,0.030244,-0.021888,0.019483,-0.033341,0.016315,0.031710,0.000000,-0.023386,-0.013082
56470.700000,0.027889,-0.027353,0.022415,-0.023666,0.014499,0.022456,0.000000,-0.029824,-0.022760
56470.800000,0.025292,-0.030858,0.023937,-0.013316,0.006703,0.013396,0.000000,-0.033702,-0.032344
56470.900000,0.023782,-0.033036,0.023626,-0.006566,-0.000453,0.006488,0.000000,-0.035008,-0.042466
56471.000000,0.021965,-0.034374,0.023938,-0.003191,-0.000346,0.002056,0.000000,-0.035001,-0.053443
56471.100000,0.020205,-0.034660,0.023493,-0.000041,-0.002055,-0.001333,0.000000,-0.034850,-0.053383
56471.200000,0.019630,-0.034526,0.022919,0.001084,-0.002802,-0.002245,0.000000,-0.034951,-0.053267
56471.300000,0.019871,-0.034638,0.022717,0.001196,-0.003336,-0.001985,0.000000,-0.035020,-0.053204
56471.400000,0.019457,-0.034608,0.022844,0.001309,-0.002695,-0.002311,0.000000,-0.035122,-0.053311
56471.500000,0.019547,-0.034799,0.022377,0.001534,-0.002695,-0.001854,0.000000,-0.035169,-0.052984
56471.600000,0.019403,-0.034685,0.022422,0.001534,-0.002268,-0.001594,0.000000,-0.035104,-0.053132
56471.700000,0.019138,-0.034546,0.022570,0.001646,-0.002055,-0.001528,0.000000,-0.034915,-0.053162
56471.800000,0.019042,-0.034465,0.022654,0.001309,-0.002375,-0.001398,0.000000,-0.034850,-0.053180
56471.900000,0.018702,-0.034488,0.022651,0.000746,-0.001948,-0.001268,0.000000,-0.034774,-0.053161
56472.000000,0.018316,-0.034944,0.022870,0.000859,-0.002482,-0.001007,0.000000,-0.034522,-0.052925
56472.100000,0.018231,-0.034730,0.022977,0.000859,-0.002802,-0.001007,0.000000,-0.034440,-0.053204
56472.200000,0.018107,-0.034698,0.022894,0.000296,-0.003123,-0.000551,0.000000,-0.034452,-0.053242
56472.300000,0.018013,-0.034423,0.023175,0.000296,-0.003123,-0.000551,0.000000,-0.034500,-0.053660
56472.400000,0.018239,-0.034477,0.022877,0.000409,-0.002802,-0.000551,0.000000,-0.034615,-0.053478
56472.500000,0.018069,-0.034399,0.022737,0.000071,-0.001734,-0.000486,0.000000,-0.034717,-0.053644
56472.600000,0.018164,-0.034251,0.022745,0.000184,-0.001734,-0.000616,0.000000,-0.034806,-0.053717
56472.700000,0.018341,-0.034288,0.022475,0.000521,-0.002055,-0.000681,0.000000,-0.034987,-0.053552
56472.800000,0.018366,-0.034153,0.022363,0.000296,-0.001841,-0.000746,0.000000,-0.034997,-0.053531
56472.900000,0.018109,-0.034365,0.022563,0.000071,-0.001841,-0.000812,0.000000,-0.034870,-0.053388
56473.000000,0.018888,-0.033791,0.023189,0.000184,-0.001200,-0.001398,0.000000,-0.034696,-0.053561
56473.100000,0.020908,-0.033891,0.023734,0.001421,-0.003763,-0.004266,0.000000,-0.034613,-0.053277
56473.200000,0.023461,-0.033697,0.024354,0.002884,-0.009317,-0.010392,0.000000,-0.034571,-0.041878
56473.300000,0.026309,-0.032717,0.024298,0.002321,-0.018074,-0.019712,0.000000,-0.033999,-0.031302
56473.400000,0.029804,-0.031417,0.023422,0.002771,-0.022239,-0.030726,0.000000,-0.031875,-0.021396
56473.500000,0.031182,-0.028742,0.021905,0.007721,-0.021599,-0.042523,0.000000,-0.026561,-0.011888
56473.600000,0.031649,-0.024642,0.019161,0.014809,-0.017861,-0.052755,0.000000,-0.020024,-0.002462
56473.700000,0.030868,-0.018529,0.015672,0.024146,-0.010171,-0.060381,0.000000,-0.011846,0.007133
56473.800000,0.027553,-0.011288,0.010690,0.032359,-0.003443,-0.066768,0.000000,-0.003017,0.016828
56473.900000,0.020978,-0.002641,0.005120,0.035959,0.002858,-0.068853,0.000000,0.007152,0.026436
56474.000000,0.015139,0.006634,-0.001191,0.034271,0.012897,-0.061554,0.000000,0.018174,0.024603
56474.100000,0.009660,0.014346,-0.006374,0.034046,0.029878,-0.053146,0.000000,0.028052,0.023770
56474.200000,0.000814,0.019543,-0.009674,0.028871,0.039703,-0.045195,0.000000,0.035580,0.023616
56474.300000,-0.005383,0.023680,-0.010794,0.024371,0.033189,-0.034376,0.000000,0.039289,0.023767
56474.400000,-0.010544,0.026879,-0.010568,0.019534,0.034150,-0.023557,0.000000,0.041313,0.023906
56474.500000,-0.016072,0.028490,-0.009990,0.012784,0.030412,-0.013651,0.000000,0.041782,0.024027
56474.600000,-0.019739,0.029363,-0.007922,0.013796,0.019305,-0.003093,0.000000,0.042102,0.024068
56474.700000,-0.020133,0.029245,-0.007435,0.022571,0.000402,0.008965,0.000000,0.042801,0.023988
56474.800000,-0.019756,0.029536,-0.008880,0.039896,-0.019676,0.016394,0.000000,0.044720,0.018508
56474.900000,-0.015797,0.030791,-0.013968,0.057109,-0.039861,0.026497,0.000000,0.045361,0.012456
56475.000000,-0.006527,0.033450,-0.022246,0.076347,-0.052890,0.036859,0.000000,0.045722,0.006319
56475.100000,0.003340,0.036129,-0.033487,0.086247,-0.053638,0.042334,0.000000,0.045385,0.000186
56475.200000,0.014729,0.038425,-0.046705,0.091309,-0.063463,0.045006,0.000000,0.043407,-0.005867
56475.300000,0.029111,0.040465,-0.059917,0.091647,-0.072648,0.043963,0.000000,0.040333,-0.011820
56475.400000,0.043202,0.041348,-0.073700,0.083097,-0.070298,0.040313,0.000000,0.036185,-0.017730
56475.500000,0.054712,0.041808,-0.085348,0.069147,-0.057803,0.033014,0.000000,0.030162,-0.023520
56475.600000,0.064749,0.041295,-0.094772,0.050584,-0.039327,0.023107,0.000000,0.022280,-0.023921
56475.700000,0.070391,0.040923,-0.101196,0.028196,-0.021171,0.011376,0.000000,0.017180,-0.023827
56475.800000,0.072685,0.041143,-0.104462,0.001196,-0.007715,0.000036,0.000000,0.013819,-0.023677
56475.900000,0.072010,0.041407,-0.103179,-0.025691,-0.001200,-0.009871,0.000000,0.013536,-0.023637
56476.000000,0.067672,0.041782,-0.098617,-0.050441,0.011402,-0.018083,0.000000,0.016377,-0.023599
56476.100000,0.060395,0.041705,-0.092647,-0.072379,0.029237,-0.024535,0.000000,0.022009,-0.023697
56476.200000,0.050244,0.040566,-0.083133,-0.088242,0.051771,-0.030075,0.000000,0.028988,-0.023801
56476.300000,0.039339,0.039484,-0.071814,-0.097692,0.066616,-0.033464,0.000000,0.035932,-0.018039
56476.400000,0.027689,0.037657,-0.058540,-0.100392,0.074626,-0.034832,0.000000,0.041090,-0.012272
56476.500000,0.015167,0.035045,-0.045014,-0.096117,0.071956,-0.033790,0.000000,0.043543,-0.006347
56476.600000,0.004892,0.031856,-0.030371,-0.080479,0.072704,-0.031248,0.000000,0.044729,-0.000345
56476.700000,-0.005312,0.029088,-0.020690,-0.063604,0.069286,-0.025513,0.000000,0.044090,0.005750
56476.800000,-0.012392,0.025789,-0.013149,-0.046054,0.060315,-0.020038,0.000000,0.042585,0.011762
56476.900000,-0.018311,0.023136,-0.006892,-0.026029,0.044616,-0.014107,0.000000,0.039995,0.017773
56477.000000,-0.022049,0.021430,-0.003999,-0.007804,0.020052,-0.006547,0.000000,0.036626,0.023796
56477.100000,-0.022650,0.021306,-0.004290,0.005246,0.009266,0.000883,0.000000,0.034227,0.023874
56477.200000,-0.022375,0.022558,-0.006160,0.006371,-0.003443,0.008378,0.000000,0.033736,0.023983
56477.300000,-0.021042,0.023417,-0.006319,0.000409,-0.004618,0.016525,0.000000,0.033911,0.024080
56477.400000,-0.020628,0.024397,-0.007074,-0.012529,-0.008890,0.027344,0.000000,0.034007,0.024190
56477.500000,-0.019929,0.022808,-0.005425,-0.023891,-0.000346,0.039271,0.000000,0.031944,0.024451
56477.600000,-0.017457,0.020142,-0.001511,-0.033679,0.000508,0.050415,0.000000,0.027476,0.024950
56477.700000,-0.012436,0.015231,0.002921,-0.043691,-0.004084,0.059866,0.000000,0.020290,0.025966
56477.800000,-0.005523,0.010277,0.006868,-0.051454,0.001790,0.063255,0.000000,0.012337,0.027349
56477.900000,-0.001331,0.002390,0.013152,-0.060004,0.004567,0.061234,0.000000,0.003306,0.029400
56478.000000,0.000623,-0.006182,0.020314,-0.059217,0.003499,0.055890,0.000000,-0.005597,0.019674
56478.100000,0.002111,-0.013858,0.024595,-0.050441,0.000081,0.048656,0.000000,-0.013607,0.009678
56478.200000,0.003123,-0.021085,0.027163,-0.040316,-0.001948,0.038945,0.000000,-0.020835,-0.000349
56478.300000,0.005591,-0.026440,0.029403,-0.029404,-0.007395,0.026888,0.000000,-0.025741,-0.010552
56478.400000,0.005904,-0.030002,0.029697,-0.019166,-0.006113,0.015091,0.000000,-0.028772,-0.020955
56478.500000,0.003678,-0.031619,0.029217,-0.009941,0.001790,0.005250,0.000000,-0.029864,-0.019993
56478.600000,0.000255,-0.033227,0.029698,-0.004991,0.000081,-0.000225,0.000000,-0.030105,-0.031269
56478.700000,-0.001420,-0.032996,0.029068,0.000409,-0.003229,-0.002245,0.000000,-0.029961,-0.043235
56478.800000,-0.001842,-0.032995,0.028240,0.002884,-0.000987,-0.001919,0.000000,-0.030030,-0.043418
56478.900000,-0.001357,-0.032856,0.027972,0.002321,-0.001521,-0.001463,0.000000,-0.030032,-0.031373
56479.000000,-0.001186,-0.032669,0.027849,0.001984,-0.002268,-0.001007,0.000000,-0.030066,-0.031403
56479.100000,-0.000948,-0.032343,0.027764,0.001984,-0.001627,-0.001203,0.000000,-0.030127,-0.019520
56479.200000,-0.001122,-0.032292,0.027537,0.001534,-0.002055,-0.001007,0.000000,-0.030161,-0.007601
56479.300000,-0.000999,-0.032439,0.027981,0.001421,-0.002268,-0.001333,0.000000,-0.030100,-0.007463
56479.400000,-0.000841,-0.032247,0.027949,0.001646,-0.002695,-0.001528,0.000000,-0.030047,0.004534
56479.500000,-0.000923,-0.032160,0.028005,0.001646,-0.003550,-0.001463,0.000000,-0.029993,0.016557
56479.600000,-0.000872,-0.031723,0.027788,0.001646,-0.003123,-0.001398,0.000000,-0.030005,0.028418
56479.700000,-0.000960,-0.031916,0.027936,0.001534,-0.003016,-0.001463,0.000000,-0.029946,0.016418
56479.800000,-0.000802,-0.031842,0.027650,0.001534,-0.002802,-0.001594,0.000000,-0.030121,0.028384
56479.900000,-0.000714,-0.031920,0.027676,0.001534,-0.003229,-0.001594,0.000000,-0.030111,0.028452
56480.000000,-0.000756,-0.031955,0.027621,0.001421,-0.003550,-0.001594,0.000000,-0.030167,0.028483
56480.100000,-0.000681,-0.031579,0.027550,0.001084,-0.003443,-0.001463,0.000000,-0.030084,0.028217
56480.200000,-0.000717,-0.031522,0.027578,0.000746,-0.003443,-0.001268,0.000000,-0.030135,0.028166
56480.300000,-0.000459,-0.031435,0.027481,0.000521,-0.003123,-0.001137,0.000000,-0.030216,0.028087
56480.400000,-0.000419,-0.031564,0.027456,0.000184,-0.003229,-0.001268,0.000000,-0.030250,0.028130
56480.500000,-0.000042,-0.031257,0.027276,0.000071,-0.002909,-0.001268,0.000000,-0.030409,0.040027
56480.600000,0.000065,-0.031151,0.027461,0.000071,-0.002268,-0.001268,0.000000,-0.030397,0.039999
56480.700000,0.001155,-0.031182,0.027994,0.001309,-0.002482,-0.001594,0.000000,-0.030481,0.040024
56480.800000,0.003041,-0.030968,0.028364,0.003896,-0.004191,-0.003223,0.000000,-0.030566,0.039812
56480.900000,0.005812,-0.030616,0.028695,0.006934,-0.008890,-0.007068,0.000000,-0.030706,0.039590
56481.000000,0.008869,-0.029365,0.029116,0.010984,-0.014550,-0.014172,0.000000,-0.030326,0.038655
56481.100000,0.012065,-0.027461,0.028262,0.017959,-0.019142,-0.023557,0.000000,-0.029176,0.037223
56481.200000,0.014490,-0.024203,0.026023,0.028196,-0.020103,-0.033790,0.000000,-0.025780,0.035323
56481.300000,0.015951,-0.019356,0.022800,0.037984,-0.020424,-0.045130,0.000000,-0.019601,0.033261
56481.400000,0.014802,-0.012628,0.018333,0.048221,-0.014870,-0.054971,0.000000,-0.012157,0.031216
56481.500000,0.010787,-0.004930,0.011908,0.054746,-0.006861,-0.061815,0.000000,-0.003557,0.029182
56481.600000,0.005439,0.002830,0.005953,0.055871,0.003926,-0.064747,0.000000,0.005758,0.027383
56481.700000,-0.001803,0.010540,0.000436,0.053621,0.016849,-0.063770,0.000000,0.014783,0.025857
56481.800000,-0.009035,0.017334,-0.005148,0.049009,0.036820,-0.058230,0.000000,0.022810,0.024869
56481.900000,-0.022173,0.022595,-0.009552,0.042596,0.068218,-0.050409,0.000000,0.028666,0.024562
56482.000000,-0.034178,0.027055,-0.011371,0.033821,0.073665,-0.040177,0.000000,0.031941,0.024850
56482.100000,-0.047301,0.029573,-0.013349,0.023471,0.079859,-0.027468,0.000000,0.032356,0.025334
56482.200000,-0.059579,0.030985,-0.014568,0.016159,0.084665,-0.011761,0.000000,0.031402,0.025819
56482.300000,-0.067431,0.032493,-0.015257,0.011771,0.076335,0.003816,0.000000,0.029835,0.026113
56482.400000,-0.072942,0.034390,-0.017206,0.011771,0.064694,0.018741,0.000000,0.028536,0.026325
56482.500000,-0.073886,0.036637,-0.020309,0.015596,0.052412,0.033861,0.000000,0.028099,0.026392
56482.600000,-0.071463,0.039367,-0.024643,0.017846,0.028383,0.046635,0.000000,0.028657,0.026316
56482.700000,-0.059383,0.042790,-0.028383,0.017059,-0.013696,0.057715,0.000000,0.030851,0.025972
56482.800000,-0.048333,0.045448,-0.034348,0.013796,-0.017434,0.059540,0.000000,0.034023,0.025412
56482.900000,-0.033145,0.048857,-0.038035,0.012446,-0.028220,0.059605,0.000000,0.037563,0.024779
56483.000000,-0.016818,0.051543,-0.041188,0.008171,-0.040395,0.054782,0.000000,0.041119,0.024114
56483.100000,-0.001894,0.053211,-0.043108,0.003559,-0.043813,0.046896,0.000000,0.043705,0.023587
56483.200000,0.011653,0.054132,-0.044918,-0.000154,-0.042851,0.036142,0.000000,0.046055,0.023119
56483.300000,0.022039,0.053963,-0.046104,-0.006791,-0.037405,0.021217,0.000000,0.047810,0.022708
56483.400000,0.026435,0.053584,-0.045482,-0.012641,-0.024162,0.004663,0.000000,0.048526,0.022493
56483.500000,0.024967,0.053504,-0.044613,-0.018041,-0.005365,-0.011370,0.000000,0.048419,0.022499
56483.600000,0.022732,0.053363,-0.042292,-0.022316,0.001042,-0.020429,0.000000,0.047564,0.022660
56483.700000,0.016454,0.052234,-0.040062,-0.026704,0.019625,-0.030987,0.000000,0.045980,0.022909
56483.800000,0.005394,0.049617,-0.037863,-0.027266,0.037460,-0.040698,0.000000,0.043474,0.023286
56483.900000,-0.008942,0.046651,-0.035075,-0.028729,0.046004,-0.047932,0.000000,0.040730,0.023726
56484.000000,-0.023481,0.043632,-0.030759,-0.030866,0.053160,-0.051778,0.000000,0.036609,0.024295
56484.100000,-0.039073,0.040207,-0.025986,-0.029629,0.052839,-0.052169,0.000000,0.031906,0.024979
56484.200000,-0.052587,0.036602,-0.021909,-0.025691,0.052626,-0.048910,0.000000,0.027688,0.025659
56484.300000,-0.063979,0.032070,-0.016645,-0.020291,0.049101,-0.044283,0.000000,0.023759,0.026281
56484.400000,-0.075570,0.028604,-0.014784,-0.013091,0.039276,-0.037505,0.000000,0.020034,0.026926
56484.500000,-0.085363,0.025721,-0.013014,-0.005216,0.028062,-0.026686,0.000000,0.017209,0.027470
56484.600000,-0.089666,0.024143,-0.011792,-0.002179,0.007664,-0.015280,0.000000,0.015610,0.027800
56484.700000,-0.089453,0.023648,-0.011753,0.002884,-0.007181,-0.003549,0.000000,0.015072,0.027905
56484.800000,-0.087514,0.024228,-0.012621,0.006259,-0.024055,0.006879,0.000000,0.016067,0.027797
56484.900000,-0.082095,0.026544,-0.014288,0.008621,-0.046269,0.016460,0.000000,0.018722,0.027514
56485.000000,-0.074388,0.028351,-0.016491,0.006146,-0.066560,0.026171,0.000000,0.021868,0.027043
56485.100000,-0.063681,0.030516,-0.020088,-0.002966,-0.075425,0.038554,0.000000,0.025489,0.026454
56485.200000,-0.046516,0.030164,-0.018516,-0.017479,-0.080871,0.049894,0.000000,0.026698,0.025720
56485.300000,-0.027848,0.028015,-0.017492,-0.030641,-0.081192,0.057389,0.000000,0.026315,0.024906
56485.400000,-0.009111,0.024491,-0.014032,-0.042454,-0.071260,0.061625,0.000000,0.022716,0.024426
56485.500000,0.005739,0.019660,-0.008752,-0.052129,-0.051609,0.059801,0.000000,0.017377,0.024433
56485.600000,0.017300,0.012995,-0.003590,-0.056404,-0.035162,0.055499,0.000000,0.010132,0.025174
56485.700000,0.024266,0.003807,0.002997,-0.063604,-0.015618,0.051589,0.000000,0.001897,0.026378
56485.800000,0.029119,-0.004605,0.009592,-0.064504,0.005101,0.046179,0.000000,-0.006969,0.027937
56485.900000,0.031263,-0.012469,0.016237,-0.057416,0.011829,0.035425,0.000000,-0.016226,0.018054
56486.000000,0.028682,-0.019265,0.020181,-0.044141,0.016955,0.024085,0.000000,-0.023320,0.020284
56486.100000,0.024719,-0.024057,0.023642,-0.032329,0.014713,0.014570,0.000000,-0.029243,0.022514
56486.200000,0.020655,-0.026925,0.024899,-0.020516,0.007664,0.007726,0.000000,-0.031949,0.024222
56486.300000,0.018398,-0.029305,0.024457,-0.012979,-0.002161,0.004989,0.000000,-0.033565,0.025764
56486.400000,0.017496,-0.030785,0.024785,-0.009604,-0.007074,0.003360,0.000000,-0.034039,0.026735
56486.500000,0.017847,-0.030591,0.023863,-0.003079,-0.004725,0.000622,0.000000,-0.034494,0.027183
56486.600000,0.018620,-0.030515,0.023626,0.000859,-0.008142,-0.001528,0.000000,-0.034938,0.027556
56486.700000,0.018344,-0.030680,0.022553,0.002996,-0.005152,-0.000746,0.000000,-0.035045,0.039315
56486.800000,0.018621,-0.030134,0.022318,0.002546,-0.002161,0.000166,0.000000,-0.035114,0.039025
56486.900000,0.018439,-0.029848,0.022298,0.002321,-0.001841,0.001079,0.000000,-0.034971,0.038965
56487.000000,0.018499,-0.030129,0.022438,0.000971,-0.000880,0.001339,0.000000,-0.035085,0.039190
56487.100000,0.018125,-0.030252,0.022632,0.000746,0.000402,0.001079,0.000000,-0.035100,0.039343
56487.200000,0.017286,-0.030231,0.022546,0.000521,0.000722,0.000948,0.000000,-0.034958,0.039152
56487.300000,0.016924,-0.030586,0.022839,-0.000041,-0.000132,0.001404,0.000000,-0.034929,0.039472
56487.400000,0.017015,-0.031162,0.022600,-0.000716,-0.000453,0.001926,0.000000,-0.034889,0.027809
56487.500000,0.017295,-0.031585,0.023224,-0.000716,-0.000987,0.001665,0.000000,-0.034766,0.016199
56487.600000,0.017117,-0.032101,0.023386,0.000071,-0.000773,0.001600,0.000000,-0.034662,0.004610
56487.700000,0.016827,-0.032114,0.023062,-0.000154,-0.000132,0.001861,0.000000,-0.034727,0.004708
56487.800000,0.016089,-0.032567,0.022990,-0.001279,0.000829,0.002317,0.000000,-0.034722,-0.007040
56487.900000,0.015496,-0.032986,0.023480,-0.002291,0.000081,0.002838,0.000000,-0.034381,-0.018930
56488.000000,0.015401,-0.033888,0.023844,-0.002854,0.000188,0.002969,0.000000,-0.034235,-0.030280
56488.100000,0.015079,-0.034515,0.023904,-0.002966,0.000188,0.002382,0.000000,-0.034015,-0.041972
56488.200000,0.014629,-0.034838,0.024811,-0.002179,-0.000132,0.001404,0.000000,-0.033641,-0.041841
56488.300000,0.015191,-0.034883,0.025104,0.000071,-0.000666,-0.000746,0.000000,-0.033578,-0.041712
56488.400000,0.017964,-0.034624,0.026362,0.003671,-0.004618,-0.007003,0.000000,-0.033420,-0.041764
56488.500000,0.021798,-0.034144,0.027186,0.010984,-0.014764,-0.020494,0.000000,-0.032339,-0.043152
56488.600000,0.024642,-0.031527,0.026138,0.021559,-0.016366,-0.036853,0.000000,-0.029074,-0.033233
56488.700000,0.024339,-0.026667,0.023100,0.032359,-0.012521,-0.050996,0.000000,-0.023039,-0.023427
56488.800000,0.023361,-0.020493,0.019666,0.039559,-0.016900,-0.064291,0.000000,-0.014918,-0.013853
56488.900000,0.020733,-0.012338,0.015095,0.046534,-0.006220,-0.072634,0.000000,-0.005735,-0.004261
56489.000000,0.015530,-0.003499,0.010043,0.049571,-0.000559,-0.078499,0.000000,0.004351,0.005361
56489.100000,0.010000,0.005300,0.004583,0.048671,0.000829,-0.079281,0.000000,0.014803,0.015069
56489.200000,0.000925,0.013227,-0.002189,0.044846,0.015887,-0.073807,0.000000,0.024988,0.024925
56489.300000,-0.009959,0.020164,-0.006874,0.036521,0.035752,-0.059403,0.000000,0.033339,0.024338
56489.400000,-0.017783,0.025522,-0.008509,0.027859,0.035004,-0.043761,0.000000,0.038612,0.024314
56489.500000,-0.026532,0.028648,-0.008867,0.020884,0.024645,-0.026686,0.000000,0.040659,0.024464
56489.600000,-0.032078,0.032226,-0.009291,0.023809,0.020052,-0.006677,0.000000,0.041332,0.024528
56489.700000,-0.033468,0.034438,-0.010760,0.027521,0.002217,0.010007,0.000000,0.042379,0.024466
56489.800000,-0.030466,0.036269,-0.014414,0.033596,-0.012307,0.024150,0.000000,0.043981,0.024290
56489.900000,-0.025903,0.037905,-0.018222,0.040459,-0.025443,0.033731,0.000000,0.045791,0.024049
56490.000000,-0.018162,0.040195,-0.023067,0.049009,-0.043172,0.040313,0.000000,0.046692,0.017862
56490.100000,-0.007960,0.042566,-0.031089,0.058459,-0.059191,0.043833,0.000000,0.047227,0.011604
56490.200000,0.003530,0.044945,-0.040791,0.063409,-0.066026,0.047808,0.000000,0.048203,0.005268
56490.300000,0.018874,0.047278,-0.051104,0.064422,-0.059832,0.046375,0.000000,0.048352,-0.001064
56490.400000,0.031562,0.047905,-0.061681,0.055984,-0.050861,0.039597,0.000000,0.047016,-0.007271
56490.500000,0.041870,0.047770,-0.069418,0.045521,-0.042317,0.031189,0.000000,0.043964,-0.013427
56490.600000,0.050289,0.047422,-0.074929,0.033259,-0.031638,0.021999,0.000000,0.039588,-0.019511
56490.700000,0.055941,0.047282,-0.079381,0.018746,-0.015404,0.011832,0.000000,0.036016,-0.025520
56490.800000,0.058511,0.046958,-0.081513,0.000296,-0.002375,0.000362,0.000000,0.034560,-0.025588
56490.900000,0.057716,0.046584,-0.080079,-0.019391,0.015140,-0.011174,0.000000,0.035859,-0.025579
56491.000000,0.049934,0.046146,-0.075536,-0.037841,0.046325,-0.024535,0.000000,0.038504,-0.019479
56491.100000,0.039051,0.045603,-0.067929,-0.052241,0.064587,-0.035810,0.000000,0.040162,-0.013283
56491.200000,0.023735,0.044068,-0.058031,-0.061467,0.081888,-0.044413,0.000000,0.040687,-0.007001
56491.300000,0.008041,0.042340,-0.047640,-0.065517,0.075694,-0.048389,0.000000,0.040443,-0.000568
56491.400000,-0.007552,0.040280,-0.037326,-0.065967,0.074412,-0.049953,0.000000,0.040000,0.005894
56491.500000,-0.022934,0.037279,-0.028307,-0.058204,0.066189,-0.048258,0.000000,0.038225,0.012321
56491.600000,-0.038288,0.033342,-0.019600,-0.050666,0.053480,-0.042719,0.000000,0.035750,0.018735
56491.700000,-0.048109,0.030639,-0.012480,-0.034691,0.020693,-0.032551,0.000000,0.032446,0.025041
56491.800000,-0.050571,0.029593,-0.008656,-0.017479,-0.015298,-0.016453,0.000000,0.029852,0.025192
56491.900000,-0.050120,0.028831,-0.008997,-0.004654,-0.032385,0.001730,0.000000,0.029708,0.025199
56492.000000,-0.042536,0.028858,-0.010379,-0.001504,-0.049473,0.021608,0.000000,0.030361,0.025084
56492.100000,-0.032379,0.027834,-0.011213,-0.006566,-0.044880,0.038032,0.000000,0.029967,0.024824
56492.200000,-0.019731,0.025236,-0.010162,-0.013541,-0.041036,0.051198,0.000000,0.027790,0.024549
56492.300000,-0.006888,0.021405,-0.006832,-0.025129,-0.029395,0.059801,0.000000,0.022425,0.024764
56492.400000,0.004562,0.016955,-0.002860,-0.031091,-0.020210,0.064754,0.000000,0.015373,0.025872
56492.500000,0.012585,0.010667,0.001037,-0.040316,0.003712,0.064428,0.000000,0.007441,0.027825
56492.600000,0.017017,0.002349,0.005608,-0.047291,0.020693,0.059475,0.000000,-0.001928,0.018303
56492.700000,0.020630,-0.006591,0.012410,-0.050329,0.023577,0.050741,0.000000,-0.011404,0.008900
56492.800000,0.021013,-0.015122,0.018912,-0.046279,0.025713,0.040053,0.000000,-0.019578,-0.000453
56492.900000,0.018859,-0.022123,0.023523,-0.038404,0.027635,0.028712,0.000000,-0.025683,-0.009896
56493.000000,0.013396,-0.027607,0.026418,-0.028504,0.024111,0.018545,0.000000,-0.029638,-0.019216
56493.100000,0.008145,-0.031332,0.027697,-0.018266,0.016955,0.011506,0.000000,-0.030333,-0.028889
56493.200000,0.005207,-0.033466,0.028008,-0.009941,0.014179,0.006423,0.000000,-0.029587,-0.039522
56493.300000,0.002450,-0.034543,0.028219,-0.005216,0.010975,0.002838,0.000000,-0.028687,-0.050920
56493.400000,-0.000574,-0.035212,0.028528,-0.002404,0.006810,0.001013,0.000000,-0.027841,-0.050778
56493.500000,-0.002213,-0.035338,0.028355,-0.001279,0.003178,0.000688,0.000000,-0.027340,-0.050723
56493.600000,-0.003503,-0.035427,0.028262,-0.000154,0.000615,-0.000029,0.000000,-0.026864,-0.050710
56493.700000,-0.004203,-0.035607,0.028572,0.001196,-0.001734,-0.000812,0.000000,-0.026656,-0.050732
56493.800000,-0.004987,-0.035601,0.028760,0.001759,-0.003123,-0.000746,0.000000,-0.026473,-0.050849
56493.900000,-0.005433,-0.035352,0.029081,0.001759,-0.003550,-0.000746,0.000000,-0.026349,-0.051045
56494.000000,-0.005441,-0.034962,0.029026,0.001759,-0.003336,-0.000681,0.000000,-0.026438,-0.051164
56494.100000,-0.005666,-0.035049,0.029070,0.001759,-0.003229,-0.000420,0.000000,-0.026264,-0.051139
56494.200000,-0.005822,-0.035002,0.028922,0.001309,-0.002375,-0.000095,0.000000,-0.026292,-0.051105
56494.300000,-0.005941,-0.034837,0.028999,0.001196,-0.002055,-0.000160,0.000000,-0.026208,-0.051202
56494.400000,-0.006092,-0.035023,0.029038,0.001196,-0.002802,-0.000877,0.000000,-0.026280,-0.051217
56494.500000,-0.006116,-0.034902,0.028791,0.000859,-0.001521,-0.001203,0.000000,-0.026347,-0.051108
56494.600000,-0.006208,-0.034805,0.028719,0.000184,0.000936,-0.001007,0.000000,-0.026505,-0.051088
56494.700000,-0.006409,-0.034868,0.028796,0.000746,0.000615,-0.001137,0.000000,-0.026571,-0.051145
56494.800000,-0.006855,-0.035276,0.028951,0.001421,-0.000132,-0.001594,0.000000,-0.026254,-0.051015
56494.900000,-0.006806,-0.035301,0.029106,0.001984,-0.000773,-0.002376,0.000000,-0.026312,-0.051042
56495.000000,-0.006933,-0.034778,0.028983,0.003334,-0.001521,-0.003614,0.000000,-0.026484,-0.051324
56495.100000,-0.007151,-0.034208,0.028776,0.003671,-0.001948,-0.004005,0.000000,-0.026809,-0.051800
56495.200000,-0.007043,-0.033507,0.028747,0.003671,-0.001414,-0.003810,0.000000,-0.026979,-0.052096
56495.300000,-0.007302,-0.033141,0.028966,0.003559,-0.002482,-0.003679,0.000000,-0.027011,-0.052524
56495.400000,-0.005475,-0.032736,0.029368,0.003784,-0.007715,-0.004266,0.000000,-0.027270,-0.052941
56495.500000,-0.001938,-0.032195,0.030478,0.006371,-0.018181,-0.007590,0.000000,-0.027667,-0.053266
56495.600000,0.003614,-0.031017,0.030343,0.009634,-0.029502,-0.014172,0.000000,-0.028906,-0.041909
56495.700000,0.009870,-0.028824,0.028918,0.014246,-0.032812,-0.024339,0.000000,-0.029364,-0.031857
56495.800000,0.013276,-0.026293,0.026381,0.020434,-0.033880,-0.036462,0.000000,-0.027252,-0.022108
56495.900000,0.016029,-0.022057,0.022946,0.030896,-0.028540,-0.047867,0.000000,-0.022035,-0.012245
56496.000000,0.016940,-0.016350,0.018576,0.038771,-0.019783,-0.059729,0.000000,-0.015195,-0.002639
56496.100000,0.014487,-0.009488,0.013130,0.044621,-0.008142,-0.070222,0.000000,-0.007221,0.007176
56496.200000,0.007850,-0.001329,0.007811,0.045296,0.004780,-0.075110,0.000000,0.000569,0.017149
56496.300000,-0.000790,0.006423,0.001392,0.040796,0.025713,-0.073090,0.000000,0.007984,0.027101
56496.400000,-0.012921,0.012625,-0.002765,0.036409,0.051985,-0.065790,0.000000,0.015417,0.025276
56496.500000,-0.027805,0.017733,-0.006308,0.028984,0.068859,-0.054450,0.000000,0.021279,0.024925
56496.600000,-0.038734,0.021526,-0.006133,0.020546,0.073131,-0.040112,0.000000,0.024261,0.025214
56496.700000,-0.051838,0.023123,-0.006443,0.009521,0.068432,-0.026164,0.000000,0.024120,0.025793
56496.800000,-0.062016,0.024284,-0.005351,0.004009,0.053800,-0.010001,0.000000,0.022379,0.026274
56496.900000,-0.066442,0.025054,-0.003827,0.005134,0.031159,0.007922,0.000000,0.019995,0.026531
56497.000000,-0.064820,0.025956,-0.004502,0.013684,0.008839,0.022260,0.000000,0.019659,0.026453
56497.100000,-0.061188,0.027816,-0.006833,0.024146,-0.008569,0.034057,0.000000,0.021090,0.026279
56497.200000,-0.052138,0.030518,-0.011287,0.033934,-0.041143,0.043703,0.000000,0.023855,0.025890
56497.300000,-0.037492,0.033828,-0.017514,0.044621,-0.062822,0.051132,0.000000,0.029910,0.025239
56497.400000,-0.021307,0.037195,-0.026849,0.049234,-0.072648,0.053088,0.000000,0.035998,0.018534
56497.500000,-0.003689,0.041138,-0.034112,0.049009,-0.077347,0.052631,0.000000,0.041453,0.011687
56497.600000,0.015063,0.043707,-0.043052,0.046421,-0.072434,0.050741,0.000000,0.045784,0.004891
56497.700000,0.031140,0.045138,-0.051643,0.038659,-0.063997,0.043572,0.000000,0.049680,-0.001722
56497.800000,0.043776,0.045221,-0.057952,0.025496,-0.046803,0.031319,0.000000,0.052937,-0.008152
56497.900000,0.052927,0.044593,-0.061864,0.008959,-0.033774,0.015417,0.000000,0.055143,-0.014475
56498.000000,0.055646,0.044495,-0.063088,-0.008816,-0.005579,-0.000160,0.000000,0.057735,-0.020328
56498.100000,0.052304,0.043913,-0.060018,-0.027266,0.013965,-0.015541,0.000000,0.056237,-0.020240
56498.200000,0.044920,0.043173,-0.056106,-0.039866,0.039596,-0.028771,0.000000,0.054152,-0.014040
56498.300000,0.033709,0.040890,-0.050214,-0.047066,0.069073,-0.041350,0.000000,0.051172,-0.007668
56498.400000,0.018083,0.038313,-0.040955,-0.051004,0.090325,-0.050735,0.000000,0.047282,-0.001080
56498.500000,-0.001145,0.036003,-0.032929,-0.051904,0.097694,-0.053798,0.000000,0.042443,0.005739
56498.600000,-0.021290,0.032848,-0.025974,-0.048979,0.100685,-0.052495,0.000000,0.036039,0.012776
56498.700000,-0.038899,0.029468,-0.018454,-0.043466,0.095879,-0.048454,0.000000,0.029295,0.019787
56498.800000,-0.054358,0.025991,-0.012665,-0.034691,0.086694,-0.041350,0.000000,0.020947,0.026603
56498.900000,-0.068734,0.021827,-0.007528,-0.023891,0.065869,-0.032486,0.000000,0.014822,0.027457
56499.000000,-0.079991,0.018606,-0.003680,-0.010616,0.035431,-0.016975,0.000000,0.010174,0.028034
56499.100000,-0.084152,0.018086,-0.002799,0.000859,-0.000453,0.002121,0.000000,0.008329,0.028282
56499.200000,-0.081904,0.019206,-0.005322,0.005134,-0.036764,0.015938,0.000000,0.008830,0.028217
56499.300000,-0.072936,0.020731,-0.007003,0.005246,-0.052784,0.026888,0.000000,0.011781,0.027745
56499.400000,-0.061538,0.022918,-0.008359,0.000859,-0.061648,0.037446,0.000000,0.014641,0.027068
56499.500000,-0.049929,0.023896,-0.009936,-0.010279,-0.068269,0.048916,0.000000,0.016139,0.026382
56499.600000,-0.034360,0.021899,-0.008379,-0.024341,-0.072755,0.057324,0.000000,0.015597,0.025604
56499.700000,-0.016911,0.018652,-0.006186,-0.036041,-0.059725,0.063450,0.000000,0.011974,0.025355
56499.800000,-0.001667,0.013598,-0.002452,-0.045154,-0.038793,0.062212,0.000000,0.006302,0.026546
56499.900000,0.010474,0.006674,0.001463,-0.054491,-0.026084,0.057128,0.000000,-0.000070,0.028226
56500.000000,0.018462,-0.001949,0.007006,-0.058316,-0.007074,0.052175,0.000000,-0.006876,0.018703
56500.100000,0.022616,-0.010814,0.012926,-0.056741,0.006169,0.043703,0.000000,-0.014995,0.009328
56500.200000,0.024454,-0.019245,0.018830,-0.050666,0.010334,0.033992,0.000000,-0.022590,-0.000126
56500.300000,0.024780,-0.026009,0.024193,-0.036829,0.017810,0.023498,0.000000,-0.028597,-0.009712
56500.400000,0.021545,-0.029804,0.026250,-0.022991,0.021227,0.013592,0.000000,-0.032205,-0.019394
56500.500000,0.016901,-0.031933,0.026754,-0.012416,0.018450,0.006749,0.000000,-0.033001,-0.029382
56500.600000,0.013098,-0.032995,0.026960,-0.007466,0.009052,0.003099,0.000000,-0.031968,-0.040572
56500.700000,0.010832,-0.033558,0.027229,-0.000941,0.007237,0.000492,0.000000,-0.031618,-0.052187
56500.800000,0.008007,-0.033271,0.027129,0.002884,0.004246,-0.000812,0.000000,-0.031020,-0.052266
56500.900000,0.006363,-0.033016,0.026860,0.003671,0.003712,-0.000355,0.000000,-0.030878,-0.052417
56501.000000,0.005155,-0.032968,0.027046,0.003109,0.001576,0.000427,0.000000,-0.030566,-0.052463
56501.100000,0.004343,-0.032854,0.027113,0.002209,-0.000239,0.000883,0.000000,-0.030447,-0.052520
56501.200000,0.003639,-0.033017,0.027079,0.001984,0.000188,0.001013,0.000000,-0.030209,-0.052331
56501.300000,0.003168,-0.032867,0.026993,0.002321,0.000936,0.000101,0.000000,-0.030112,-0.052490
56501.400000,0.003021,-0.032453,0.026941,0.002209,0.001683,-0.000486,0.000000,-0.030167,-0.052654
56501.500000,0.001608,-0.032280,0.027090,0.000746,0.004246,-0.001137,0.000000,-0.029964,-0.052703
56501.600000,0.000611,-0.032043,0.027212,0.000071,0.004994,-0.001333,0.000000,-0.029897,-0.052926
56501.700000,-0.000281,-0.031882,0.027594,-0.000829,0.003819,-0.001203,0.000000,-0.029601,-0.053058
56501.800000,-0.001195,-0.031930,0.027886,-0.000829,0.002538,-0.001007,0.000000,-0.029355,-0.053128
56501.900000,-0.001819,-0.032055,0.028059,-0.000604,0.001042,-0.000812,0.000000,-0.029126,-0.053182
56502.000000,-0.002316,-0.032020,0.028345,-0.000041,-0.000239,-0.000746,0.000000,-0.029093,-0.053294
56502.100000,-0.002167,-0.032131,0.028490,-0.000041,-0.003016,-0.000420,0.000000,-0.029003,-0.053206
56502.200000,-0.002408,-0.032340,0.028570,-0.000266,-0.004938,-0.000290,0.000000,-0.028910,-0.053169
56502.300000,-0.001304,-0.032381,0.028286,-0.000716,-0.008463,0.000036,0.000000,-0.029036,-0.053041
56502.400000,-0.000330,-0.032446,0.027760,-0.000154,-0.009103,-0.000029,0.000000,-0.029241,-0.052949
56502.500000,0.000271,-0.032536,0.027678,0.000184,-0.008676,-0.000095,0.000000,-0.029356,-0.052850
56502.600000,0.001704,-0.032390,0.027265,0.000859,-0.007822,-0.000225,0.000000,-0.029671,-0.052712
56502.700000,0.002349,-0.032703,0.026958,0.001646,-0.006327,-0.000355,0.000000,-0.029855,-0.052390
56502.800000,0.002840,-0.032729,0.026860,0.001534,-0.005899,-0.000160,0.000000,-0.029850,-0.052367
56502.900000,0.003164,-0.032861,0.026799,0.001084,-0.004618,-0.000095,0.000000,-0.029956,-0.052296
56503.000000,0.003850,-0.032908,0.026652,0.000746,-0.003763,-0.000160,0.000000,-0.030064,-0.052233
56503.100000,0.005063,-0.033066,0.027159,0.000971,-0.004297,-0.001268,0.000000,-0.029995,-0.052093
56503.200000,0.008334,-0.032677,0.027947,0.003109,-0.008569,-0.005634,0.000000,-0.030412,-0.052348
56503.300000,0.012051,-0.031937,0.027833,0.008284,-0.012307,-0.014824,0.000000,-0.030948,-0.041130
56503.400000,0.014282,-0.030349,0.028033,0.015371,-0.018074,-0.026621,0.000000,-0.030371,-0.030904
56503.500000,0.016121,-0.026649,0.028065,0.027071,-0.017540,-0.040698,0.000000,-0.027449,-0.021305
56503.600000,0.015441,-0.021111,0.025201,0.044621,-0.012521,-0.052886,0.000000,-0.022530,-0.011589
56503.700000,0.013594,-0.013057,0.020365,0.058796,-0.007608,-0.063509,0.000000,-0.015090,-0.001929
56503.800000,0.008615,-0.004214,0.013996,0.064196,0.008305,-0.071135,0.000000,-0.006289,0.007745
56503.900000,-0.001525,0.003755,0.007106,0.065547,0.044509,-0.073155,0.000000,0.001801,0.017393
56504.000000,-0.018329,0.011068,-0.000831,0.064084,0.070781,-0.070613,0.000000,0.008995,0.027641
56504.100000,-0.035023,0.018169,-0.005812,0.059471,0.068111,-0.061228,0.000000,0.015787,0.026511
56504.200000,-0.049988,0.025143,-0.011342,0.051596,0.065975,-0.048193,0.000000,0.021609,0.026232
56504.300000,-0.064145,0.029576,-0.016783,0.037759,0.060956,-0.031574,0.000000,0.024843,0.026477
56504.400000,-0.073901,0.032269,-0.018188,0.023021,0.049101,-0.014042,0.000000,0.025995,0.026649
56504.500000,-0.081492,0.033251,-0.018859,0.014584,0.035645,0.005119,0.000000,0.025610,0.026716
56504.600000,-0.082918,0.034355,-0.019438,0.016721,0.010227,0.024085,0.000000,0.024932,0.026713
56504.700000,-0.076872,0.036475,-0.021039,0.022796,-0.041036,0.039336,0.000000,0.026216,0.026489
56504.800000,-0.060733,0.038607,-0.024117,0.029209,-0.076279,0.051523,0.000000,0.030715,0.025885
56504.900000,-0.042779,0.040572,-0.030162,0.033371,-0.074570,0.058041,0.000000,0.036304,0.025053
56505.000000,-0.025538,0.041960,-0.036961,0.035171,-0.069230,0.060713,0.000000,0.042264,0.018956
56505.100000,-0.004269,0.044888,-0.042841,0.036521,-0.063997,0.059214,0.000000,0.047173,0.012106
56505.200000,0.013452,0.047005,-0.050085,0.034271,-0.057803,0.053935,0.000000,0.051535,0.005397
56505.300000,0.029890,0.047923,-0.056671,0.030221,-0.048725,0.045918,0.000000,0.054762,-0.001165
56505.400000,0.044451,0.047906,-0.062000,0.022009,-0.039220,0.033014,0.000000,0.057466,-0.007666
56505.500000,0.055434,0.047516,-0.066434,0.008509,-0.017327,0.015287,0.000000,0.058886,-0.014039
56505.600000,0.058174,0.047593,-0.067008,-0.009379,0.008305,-0.003875,0.000000,0.059954,-0.019409
56505.700000,0.053095,0.047726,-0.064646,-0.026479,0.023684,-0.020364,0.000000,0.058852,-0.019266
56505.800000,0.046194,0.046201,-0.060595,-0.038066,0.036713,-0.035419,0.000000,0.056135,-0.013738
56505.900000,0.031776,0.043515,-0.055091,-0.047966,0.046431,-0.047867,0.000000,0.053270,-0.007320
56506.000000,0.013396,0.040311,-0.048672,-0.054829,0.065655,-0.056861,0.000000,0.049751,-0.000864
56506.100000,-0.002766,0.037586,-0.040950,-0.059442,0.073772,-0.061033,0.000000,0.045417,0.005723
56506.200000,-0.020940,0.034576,-0.032325,-0.055166,0.080286,-0.059338,0.000000,0.039609,0.012444
56506.300000,-0.038130,0.031554,-0.023817,-0.050441,0.072063,-0.054645,0.000000,0.034183,0.019157
56506.400000,-0.053448,0.026759,-0.016107,-0.040879,0.057966,-0.045521,0.000000,0.027065,0.025053
56506.500000,-0.062168,0.022493,-0.011670,-0.025916,0.035752,-0.032421,0.000000,0.022186,0.025483
56506.600000,-0.066262,0.021641,-0.009370,-0.012979,0.010013,-0.016323,0.000000,0.019765,0.025718
56506.700000,-0.064675,0.022181,-0.009361,-0.007016,-0.016472,0.001404,0.000000,0.019507,0.025797
56506.800000,-0.056383,0.023103,-0.009053,-0.012079,-0.041036,0.020892,0.000000,0.020378,0.025801
56506.900000,-0.046877,0.022015,-0.007620,-0.021979,-0.060153,0.037185,0.000000,0.020587,0.025649
56507.000000,-0.034743,0.019211,-0.005841,-0.037729,-0.061861,0.050350,0.000000,0.019427,0.025448
56507.100000,-0.021716,0.014795,-0.001878,-0.047629,-0.058657,0.061951,0.000000,0.014941,0.025713
56507.200000,-0.009079,0.010201,0.001824,-0.053591,-0.052036,0.067100,0.000000,0.009423,0.026750
56507.300000,0.001225,0.004732,0.006665,-0.057641,-0.037405,0.065340,0.000000,0.003222,0.028194
56507.400000,0.007937,-0.002996,0.012663,-0.061017,-0.019890,0.061625,0.000000,-0.004213,0.018105
56507.500000,0.011528,-0.014116,0.019670,-0.052379,-0.002980,0.050495,0.000000,-0.014294,0.001195
56507.600000,0.013701,-0.021495,0.023857,-0.042079,0.002716,0.040820,0.000000,-0.021328,-0.007471
56507.700000,0.013009,-0.027031,0.026447,-0.029879,0.012019,0.029523,0.000000,-0.026803,-0.016121
56507.800000,0.010502,-0.030633,0.028040,-0.017979,0.008222,0.017937,0.000000,-0.030390,-0.025022
56508.000000,0.006857,-0.032466,0.028114,-0.007579,0.007462,0.008668,0.000000,-0.031281,-0.034343
56508.100000,0.004462,-0.032914,0.027994,-0.001679,0.002621,0.004033,0.000000,-0.031008,-0.044339
56508.200000,0.003053,-0.033187,0.027625,-0.000179,-0.000322,0.002353,0.000000,-0.030689,-0.054460
56508.300000,0.002006,-0.033372,0.027584,0.000621,-0.001936,0.001426,0.000000,-0.030411,-0.054132
56508.400000,0.001031,-0.033474,0.027429,0.002884,-0.003016,0.000492,0.000000,-0.030310,-0.053937
56508.500000,0.001549,-0.033393,0.027314,0.002771,-0.003016,0.000818,0.000000,-0.030335,-0.053939
56508.600000,0.001551,-0.033422,0.027134,0.002434,-0.001734,0.000622,0.000000,-0.030405,-0.053901
56508.700000,0.001743,-0.033836,0.027225,0.001759,-0.001627,0.000492,0.000000,-0.030226,-0.053457
56508.800000,0.001641,-0.034063,0.027633,0.001759,-0.001521,0.000101,0.000000,-0.030024,-0.053204
56508.900000,0.001439,-0.034446,0.027556,0.001984,-0.001093,-0.000029,0.000000,-0.029804,-0.052768
56509.000000,0.001389,-0.034297,0.027423,0.001421,-0.001627,0.000362,0.000000,-0.029922,-0.052749
56509.100000,0.001151,-0.034085,0.027494,0.000859,-0.002375,0.000622,0.000000,-0.029774,-0.052763
56509.200000,0.000987,-0.034119,0.027509,0.000296,-0.002909,0.000948,0.000000,-0.029638,-0.052687
56509.300000,0.001172,-0.034306,0.027612,-0.000041,-0.003763,0.001079,0.000000,-0.029566,-0.052443
56509.400000,0.001175,-0.034720,0.027922,-0.000041,-0.005152,0.001535,0.000000,-0.029271,-0.052182
56509.500000,0.001314,-0.034557,0.027831,0.000184,-0.006006,0.001730,0.000000,-0.029324,-0.052256
56509.600000,0.001602,-0.034842,0.027434,-0.000041,-0.006220,0.001991,0.000000,-0.029374,-0.052123
56509.700000,0.002053,-0.034948,0.027283,-0.000154,-0.006647,0.002056,0.000000,-0.029476,-0.052066
56509.800000,0.002851,-0.035402,0.027106,0.000071,-0.006433,0.002121,0.000000,-0.029456,-0.051773
56509.900000,0.004035,-0.035756,0.026758,-0.000041,-0.006220,0.001795,0.000000,-0.029556,-0.051563
56510.000000,0.005699,-0.035969,0.026759,0.000409,-0.006220,0.000492,0.000000,-0.029729,-0.051319
56510.100000,0.008114,-0.036370,0.027136,0.001646,-0.008035,-0.002832,0.000000,-0.029566,-0.051017
56510.200000,0.012298,-0.036027,0.027737,0.004571,-0.010919,-0.012217,0.000000,-0.030052,-0.051485
56510.300000,0.015203,-0.034242,0.028414,0.012784,-0.009851,-0.024730,0.000000,-0.029770,-0.040994
56510.400000,0.016337,-0.030377,0.028204,0.026621,-0.009958,-0.037505,0.000000,-0.027494,-0.031170
56510.500000,0.014679,-0.025443,0.026204,0.045184,-0.006220,-0.050735,0.000000,-0.022494,-0.021684
56510.600000,0.011245,-0.017361,0.021117,0.063971,-0.000987,-0.063770,0.000000,-0.015018,-0.012263
56510.700000,0.006315,-0.008671,0.015102,0.071397,0.007984,-0.070157,0.000000,-0.006707,-0.002808
56510.800000,0.001904,0.000247,0.009020,0.068359,0.014392,-0.075436,0.000000,0.002266,0.006678
56510.900000,-0.008490,0.007967,0.003373,0.066897,0.041198,-0.075566,0.000000,0.010449,0.015932
56511.000000,-0.022880,0.015247,-0.002799,0.064647,0.072276,-0.068788,0.000000,0.017214,0.026118
56511.100000,-0.040253,0.020893,-0.007876,0.056321,0.080393,-0.057839,0.000000,0.022865,0.025675
56511.200000,-0.053954,0.025693,-0.012087,0.043384,0.077189,-0.042328,0.000000,0.026427,0.025870
56511.300000,-0.065057,0.028757,-0.014072,0.026171,0.068859,-0.024730,0.000000,0.027309,0.026137
56511.400000,-0.073344,0.029369,-0.013802,0.013121,0.058393,-0.002571,0.000000,0.026314,0.026330
56511.500000,-0.076797,0.030655,-0.013971,0.013571,0.040237,0.016525,0.000000,0.025491,0.026391
56511.600000,-0.077322,0.032394,-0.016628,0.023696,0.022295,0.036077,0.000000,0.025971,0.026288
56511.700000,-0.068931,0.035820,-0.020910,0.030671,-0.015298,0.051654,0.000000,0.027979,0.026055
56511.800000,-0.055221,0.038958,-0.026144,0.034834,-0.050114,0.063320,0.000000,0.033068,0.025502
56511.900000,-0.034888,0.042166,-0.032945,0.038771,-0.063143,0.071206,0.000000,0.039255,0.018742
56512.000000,-0.014466,0.043673,-0.040756,0.040009,-0.065172,0.072444,0.000000,0.044570,0.011843
56512.100000,0.007548,0.045724,-0.049263,0.038546,-0.062609,0.069512,0.000000,0.049107,0.005016
56512.200000,0.027253,0.047188,-0.056520,0.031909,-0.057269,0.059475,0.000000,0.053444,-0.001680
56512.300000,0.043695,0.047407,-0.062453,0.021671,-0.048298,0.044159,0.000000,0.056513,-0.008248
56512.400000,0.054983,0.047103,-0.066077,0.008846,-0.032599,0.025584,0.000000,0.058061,-0.014614
56512.500000,0.060517,0.046454,-0.068396,-0.007691,-0.013589,0.005641,0.000000,0.059399,-0.020815
56512.600000,0.060130,0.045498,-0.067904,-0.026929,0.004353,-0.013977,0.000000,0.059335,-0.020794
56512.700000,0.052634,0.043952,-0.063746,-0.045266,0.021014,-0.033138,0.000000,0.056977,-0.014671
56512.800000,0.040420,0.042182,-0.056657,-0.058992,0.041519,-0.050670,0.000000,0.054049,-0.008272
56512.900000,0.022284,0.039324,-0.047453,-0.062479,0.047606,-0.062401,0.000000,0.049486,-0.001688
56513.000000,0.005388,0.037133,-0.038421,-0.060117,0.064053,-0.063379,0.000000,0.043523,0.005049
56513.100000,-0.013788,0.033032,-0.030279,-0.059217,0.063626,-0.062857,0.000000,0.037658,0.011891
56513.200000,-0.032384,0.028493,-0.022134,-0.053479,0.056898,-0.056927,0.000000,0.031243,0.018689
56513.300000,-0.048653,0.024991,-0.013937,-0.042566,0.042907,-0.045586,0.000000,0.024918,0.025318
56513.400000,-0.058619,0.022856,-0.009466,-0.027491,-0.002161,-0.029227,0.000000,0.019875,0.025684
56513.500000,-0.055595,0.021758,-0.006611,-0.010054,-0.051502,-0.009610,0.000000,0.019206,0.025729
56513.600000,-0.050144,0.021552,-0.009133,0.003221,-0.077347,0.010138,0.000000,0.021848,0.025570
56513.700000,-0.039535,0.022359,-0.013778,0.004121,-0.076279,0.028452,0.000000,0.027164,0.025238
56513.800000,-0.027809,0.021587,-0.016817,-0.005666,-0.090697,0.039988,0.000000,0.032194,0.024748
56513.900000,-0.013126,0.020302,-0.017489,-0.017929,-0.087706,0.053088,0.000000,0.035112,0.024074
56514.000000,0.005184,0.017783,-0.014976,-0.032104,-0.077454,0.063841,0.000000,0.034234,0.023537
56514.100000,0.019655,0.012259,-0.011236,-0.040991,-0.056415,0.066579,0.000000,0.029226,0.023780
56514.200000,0.029712,0.004789,-0.005621,-0.048304,-0.014016,0.066774,0.000000,0.022165,0.025113
56514.300000,0.031513,-0.003985,-0.001454,-0.053929,0.026674,0.062082,0.000000,0.012325,0.027285
56514.400000,0.031880,-0.012901,0.006192,-0.055504,0.038315,0.056803,0.000000,0.000983,0.017831
56514.500000,0.031210,-0.021655,0.013535,-0.052129,0.033829,0.049633,0.000000,-0.010663,0.008546
56514.600000,0.029370,-0.029793,0.019241,-0.043804,0.032868,0.040639,0.000000,-0.020793,-0.000581
56514.700000,0.026497,-0.035592,0.023719,-0.030191,0.031159,0.030211,0.000000,-0.028654,-0.009601
56514.800000,0.020127,-0.040015,0.025104,-0.015904,0.024324,0.019132,0.000000,-0.032348,-0.018807
56514.900000,0.016867,-0.042363,0.024593,-0.006679,0.012790,0.012940,0.000000,-0.032779,-0.028519
56515.000000,0.014491,-0.043315,0.024374,0.000296,0.005314,0.006553,0.000000,-0.032130,-0.039280
56515.100000,0.012282,-0.043752,0.024063,0.003559,0.001256,0.004011,0.000000,-0.031469,-0.050627
56515.200000,0.011601,-0.043827,0.023839,0.003896,-0.000453,0.002838,0.000000,-0.031180,-0.050359
56515.300000,0.011000,-0.043629,0.024298,0.004009,-0.000773,0.002187,0.000000,-0.030939,-0.050388
56515.400000,0.010502,-0.043441,0.024403,0.004234,-0.002055,0.001665,0.000000,-0.030832,-0.050380
56515.500000,0.010719,-0.043254,0.024216,0.004684,-0.002482,0.001274,0.000000,-0.030922,-0.050291
56515.600000,0.010974,-0.043016,0.023837,0.004909,-0.001948,0.000036,0.000000,-0.031075,-0.050246
56515.700000,0.010691,-0.042498,0.024189,0.003896,-0.003443,-0.000877,0.000000,-0.031073,-0.050504
56515.800000,0.010837,-0.042285,0.024195,0.004009,-0.003870,-0.001007,0.000000,-0.031296,-0.050668
56515.900000,0.010490,-0.041849,0.024302,0.003559,-0.002695,-0.000877,0.000000,-0.031326,-0.050814
56516.000000,0.010306,-0.041231,0.024485,0.003221,-0.001093,-0.000746,0.000000,-0.031386,-0.051214
56516.100000,0.010626,-0.041227,0.024498,0.003109,-0.000880,-0.001072,0.000000,-0.031470,-0.051115
56516.200000,0.010449,-0.040879,0.024670,0.003446,-0.000239,-0.001659,0.000000,-0.031609,-0.051459
56516.300000,0.009999,-0.040489,0.024974,0.003221,-0.000239,-0.002441,0.000000,-0.031576,-0.051754
56516.400000,0.009635,-0.039944,0.025292,0.002884,-0.001521,-0.002311,0.000000,-0.031687,-0.052084
56516.500000,0.009633,-0.039658,0.025304,0.003221,-0.001521,-0.002441,0.000000,-0.031833,-0.052190
56516.600000,0.009718,-0.039118,0.025443,0.002996,-0.002482,-0.002506,0.000000,-0.031913,-0.052427
56516.700000,0.010031,-0.038488,0.025876,0.002771,-0.004511,-0.002702,0.000000,-0.031971,-0.052907
56516.800000,0.011177,-0.038229,0.025915,0.003221,-0.006327,-0.004005,0.000000,-0.032115,-0.053003
56516.900000,0.012529,-0.037531,0.026274,0.004684,-0.009424,-0.006938,0.000000,-0.032384,-0.053547
56517.000000,0.014693,-0.036408,0.025766,0.006259,-0.013909,-0.011044,0.000000,-0.032630,-0.042271
56517.100000,0.017699,-0.034623,0.025116,0.009071,-0.018501,-0.015932,0.000000,-0.032724,-0.031763
56517.200000,0.021398,-0.031863,0.024086,0.009409,-0.027045,-0.024274,0.000000,-0.031810,-0.021629
56517.300000,0.027175,-0.028486,0.021894,0.013234,-0.029288,-0.033659,0.000000,-0.027198,-0.012268
56517.400000,0.029981,-0.024444,0.019297,0.021221,-0.023628,-0.045912,0.000000,-0.021090,-0.002754
56517.500000,0.030571,-0.018730,0.015692,0.031459,-0.014336,-0.056535,0.000000,-0.013322,0.007095
56517.600000,0.026968,-0.010412,0.011329,0.043721,0.003178,-0.063574,0.000000,-0.004452,0.016973
56517.700000,0.020221,-0.001467,0.005406,0.050696,0.019198,-0.067680,0.000000,0.005054,0.027044
56517.800000,0.012881,0.006401,0.000502,0.050809,0.029771,-0.066116,0.000000,0.014503,0.025565
56517.900000,0.003027,0.013122,-0.003518,0.049796,0.045470,-0.062792,0.000000,0.023458,0.024668
56518.000000,-0.009663,0.018788,-0.007041,0.049234,0.059461,-0.053603,0.000000,0.030793,0.024308
56518.100000,-0.022277,0.024597,-0.008087,0.044396,0.056364,-0.042653,0.000000,0.034251,0.024641
56518.200000,-0.033908,0.029350,-0.008977,0.037759,0.049101,-0.028054,0.000000,0.036038,0.024996
56518.300000,-0.042469,0.032766,-0.009486,0.034721,0.034470,-0.012282,0.000000,0.036629,0.025134
56518.400000,-0.046290,0.034261,-0.010688,0.032696,0.010227,0.003881,0.000000,0.037694,0.025123
56518.500000,-0.044936,0.035785,-0.012510,0.035621,-0.012948,0.020566,0.000000,0.039138,0.024988
56518.600000,-0.040367,0.038041,-0.016320,0.045409,-0.028434,0.032949,0.000000,0.042247,0.024664
56518.700000,-0.031279,0.040953,-0.023418,0.054859,-0.043172,0.043833,0.000000,0.044461,0.018414
56518.800000,-0.017675,0.043292,-0.031425,0.063296,-0.052143,0.050872,0.000000,0.046451,0.012024
56518.900000,-0.003486,0.044372,-0.041837,0.068022,-0.047230,0.054261,0.000000,0.047368,0.005539
56519.000000,0.013845,0.046141,-0.051929,0.069822,-0.050968,0.054847,0.000000,0.047749,-0.000984
56519.100000,0.029863,0.047097,-0.062407,0.063859,-0.044560,0.050024,0.000000,0.046758,-0.007377
56519.200000,0.043798,0.046883,-0.070969,0.052496,-0.035162,0.040965,0.000000,0.044009,-0.013747
56519.300000,0.055153,0.046256,-0.077974,0.037084,-0.025016,0.028843,0.000000,0.040642,-0.019994
56519.400000,0.062184,0.045613,-0.082691,0.017059,-0.011987,0.013266,0.000000,0.037504,-0.026085
56519.500000,0.063556,0.044924,-0.082511,-0.004991,-0.001200,-0.002506,0.000000,0.036727,-0.026202
56519.600000,0.060597,0.045394,-0.079690,-0.025016,0.010227,-0.017626,0.000000,0.038597,-0.026117
56519.700000,0.051891,0.046165,-0.074888,-0.038179,0.022082,-0.031052,0.000000,0.041603,-0.019982
56519.800000,0.039776,0.045933,-0.068250,-0.051229,0.033295,-0.042067,0.000000,0.044193,-0.013714
56519.900000,0.025247,0.045370,-0.059814,-0.059554,0.043334,-0.048975,0.000000,0.046666,-0.007431
56520.000000,0.010751,0.045264,-0.050476,-0.061692,0.045684,-0.052234,0.000000,0.048500,-0.001010
56520.100000,-0.005064,0.044903,-0.041397,-0.058541,0.053053,-0.053016,0.000000,0.049555,0.005432
56520.200000,-0.021298,0.044921,-0.031525,-0.046279,0.048995,-0.049497,0.000000,0.048661,0.011906
56520.300000,-0.032985,0.044011,-0.025534,-0.035929,0.038208,-0.042328,0.000000,0.046749,0.018348
56520.400000,-0.043066,0.041556,-0.019671,-0.025241,0.028489,-0.035028,0.000000,0.043207,0.024681
56520.500000,-0.050916,0.038976,-0.014706,-0.012979,0.006489,-0.024014,0.000000,0.039575,0.025052
56520.600000,-0.054816,0.037986,-0.013155,0.000859,-0.014336,-0.011826,0.000000,0.038483,0.025228
56520.700000,-0.052166,0.038527,-0.013033,0.012446,-0.033453,-0.001854,0.000000,0.039132,0.025287
56520.800000,-0.049852,0.039263,-0.015934,0.013684,-0.035269,0.009812,0.000000,0.041236,0.025232
56520.900000,-0.044454,0.039705,-0.016891,0.007609,-0.041463,0.022456,0.000000,0.042841,0.025111
56521.000000,-0.035485,0.038656,-0.018316,-0.006454,-0.035589,0.036142,0.000000,0.043975,0.024883
56521.100000,-0.026837,0.036857,-0.016501,-0.016579,-0.023521,0.046896,0.000000,0.042842,0.024647
56521.200000,-0.016786,0.033775,-0.014222,-0.030304,-0.017113,0.058171,0.000000,0.038195,0.024615
56521.300000,-0.004857,0.028500,-0.010016,-0.048416,-0.004084,0.065471,0.000000,0.030627,0.025268
56521.400000,0.005763,0.021308,-0.004025,-0.060679,0.013751,0.066188,0.000000,0.020765,0.026830
56521.500000,0.009918,0.011831,0.001739,-0.070017,0.024538,0.064819,0.000000,0.009987,0.017018
56521.600000,0.015418,0.001637,0.009418,-0.070017,0.024752,0.058367,0.000000,-0.000978,0.007657
56521.700000,0.018335,-0.008490,0.015696,-0.064054,0.023897,0.049894,0.000000,-0.010731,-0.001588
56521.800000,0.019697,-0.017657,0.020833,-0.053816,0.018878,0.039271,0.000000,-0.020006,-0.010778
56521.900000,0.019398,-0.025240,0.024475,-0.043466,0.010013,0.028321,0.000000,-0.027180,-0.020068
56522.000000,0.018244,-0.030890,0.026074,-0.029854,0.005314,0.017894,0.000000,-0.030774,-0.029300
56522.100000,0.015702,-0.033855,0.025449,-0.015791,0.003392,0.009095,0.000000,-0.031265,-0.039233
56522.200000,0.012668,-0.036011,0.024889,-0.008254,0.000936,0.004402,0.000000,-0.030724,-0.050064
56522.300000,0.012715,-0.037241,0.024823,-0.003529,-0.001093,0.002056,0.000000,-0.029895,-0.049257
56522.400000,0.012133,-0.037866,0.024683,-0.002966,-0.004084,0.000622,0.000000,-0.029645,-0.049059
56522.500000,0.012222,-0.038033,0.024527,-0.003079,-0.004297,-0.001072,0.000000,-0.029615,-0.049052
56522.600000,0.012009,-0.038479,0.024806,-0.003191,-0.004404,-0.002571,0.000000,-0.029299,-0.048823
56522.700000,0.011588,-0.038764,0.024815,-0.002629,-0.003123,-0.003223,0.000000,-0.029106,-0.048655
56522.800000,0.010835,-0.038354,0.024924,-0.001729,-0.000773,-0.003679,0.000000,-0.029264,-0.049077
56522.900000,0.010243,-0.038372,0.025415,-0.001054,0.000081,-0.003679,0.000000,-0.029244,-0.049332
56523.000000,0.009730,-0.038622,0.025449,-0.000604,0.000722,-0.003158,0.000000,-0.029270,-0.049381
56523.100000,0.008529,-0.038304,0.025541,-0.000379,0.001683,-0.002311,0.000000,-0.029429,-0.049775
56523.200000,0.007692,-0.038190,0.025554,0.000071,0.002644,-0.001659,0.000000,-0.029338,-0.049861
56523.300000,0.006934,-0.038352,0.025833,0.000521,0.002858,-0.000877,0.000000,-0.029127,-0.049854
56523.400000,0.005679,-0.038266,0.026198,0.000296,0.002110,0.000231,0.000000,-0.029057,-0.050164
56523.500000,0.005073,-0.038256,0.026486,-0.000154,0.001363,0.001079,0.000000,-0.028929,-0.050309
56523.600000,0.005071,-0.038880,0.026601,-0.000379,-0.000880,0.001079,0.000000,-0.028590,-0.049997
56523.700000,0.005190,-0.039001,0.026856,-0.000379,-0.003123,0.000036,0.000000,-0.028427,-0.050003
56523.800000,0.005873,-0.038882,0.027248,0.000521,-0.003229,-0.002050,0.000000,-0.028374,-0.050071
56523.900000,0.007968,-0.038494,0.027873,0.001984,-0.004297,-0.005113,0.000000,-0.028638,-0.050315
56524.000000,0.010331,-0.037513,0.028598,0.006371,-0.006754,-0.012478,0.000000,-0.029092,-0.039040
56524.100000,0.012099,-0.035435,0.028400,0.014696,-0.006861,-0.022710,0.000000,-0.029218,-0.028698
56524.200000,0.013168,-0.032131,0.028203,0.023471,-0.009317,-0.034050,0.000000,-0.027533,-0.018848
56524.300000,0.012404,-0.027506,0.026881,0.032696,-0.011560,-0.046108,0.000000,-0.024075,-0.009305
56524.400000,0.010337,-0.021215,0.024853,0.043046,-0.008035,-0.055884,0.000000,-0.019051,0.000001
56524.500000,0.006197,-0.013935,0.021112,0.053621,0.002751,-0.063444,0.000000,-0.012691,0.009507
56524.600000,0.000338,-0.005418,0.016505,0.058796,0.012577,-0.068397,0.000000,-0.005453,0.018930
56524.700000,-0.008628,0.003248,0.010961,0.060371,0.021441,-0.070157,0.000000,0.002626,0.028723
56524.800000,-0.020194,0.011073,0.005646,0.058571,0.034257,-0.063509,0.000000,0.010845,0.026937
56524.900000,-0.030712,0.017782,0.001162,0.052159,0.046645,-0.053212,0.000000,0.018041,0.026077
56525.000000,-0.041819,0.022856,-0.003752,0.045296,0.058393,-0.042132,0.000000,0.023267,0.025881
56525.100000,-0.052712,0.026786,-0.008141,0.037421,0.062238,-0.028771,0.000000,0.026503,0.026029
56525.200000,-0.061424,0.029299,-0.010759,0.027071,0.058179,-0.018278,0.000000,0.027866,0.026258
56525.300000,-0.069227,0.030624,-0.011192,0.017734,0.047179,-0.009023,0.000000,0.027901,0.026432
56525.400000,-0.074814,0.031669,-0.011834,0.018296,0.028810,0.003034,0.000000,0.027688,0.026535
56525.500000,-0.075355,0.032265,-0.012523,0.023134,0.005848,0.015938,0.000000,0.027908,0.026395
56525.600000,-0.071208,0.034432,-0.015573,0.030559,-0.019463,0.025454,0.000000,0.030131,0.026163
56525.700000,-0.064340,0.036844,-0.020596,0.039784,-0.041677,0.035230,0.000000,0.034625,0.025732
56525.800000,-0.052639,0.039817,-0.026472,0.047884,-0.054706,0.044224,0.000000,0.039698,0.019531
56525.900000,-0.037510,0.042543,-0.032692,0.055084,-0.059619,0.051849,0.000000,0.043925,0.012987
56526.000000,-0.020841,0.045147,-0.041029,0.060034,-0.064852,0.058106,0.000000,0.047530,0.006330
56526.100000,-0.001195,0.047434,-0.051186,0.062171,-0.066026,0.060843,0.000000,0.048732,-0.000299
56526.200000,0.018474,0.048317,-0.060039,0.058009,-0.057696,0.057324,0.000000,0.049156,-0.006865
56526.300000,0.034208,0.048702,-0.069036,0.052159,-0.041249,0.049699,0.000000,0.048075,-0.013249
56526.400000,0.047665,0.048011,-0.076147,0.040796,-0.025871,0.040379,0.000000,0.045236,-0.019579
56526.500000,0.058024,0.046831,-0.081099,0.022796,-0.014123,0.027213,0.000000,0.040532,-0.025733
56526.600000,0.064248,0.046062,-0.083472,0.000521,-0.003336,0.012289,0.000000,0.037217,-0.026187
56526.700000,0.064842,0.045536,-0.081751,-0.019616,0.008305,-0.003418,0.000000,0.037276,-0.026305
56526.800000,0.060391,0.044857,-0.077320,-0.035929,0.022509,-0.017757,0.000000,0.039177,-0.026120
56526.900000,0.052023,0.044652,-0.071304,-0.049316,0.034257,-0.029358,0.000000,0.042385,-0.019953
56527.000000,0.039579,0.044465,-0.064275,-0.058091,0.048247,-0.038547,0.000000,0.044845,-0.013677
56527.100000,0.026990,0.044477,-0.055153,-0.065179,0.054334,-0.045456,0.000000,0.046365,-0.007354
56527.200000,0.012220,0.043991,-0.045319,-0.065179,0.059888,-0.048845,0.000000,0.047547,-0.000985
56527.300000,-0.004098,0.043235,-0.035019,-0.058766,0.060849,-0.048063,0.000000,0.048268,0.005412
56527.400000,-0.018453,0.042540,-0.026526,-0.047066,0.055296,-0.042979,0.000000,0.047425,0.011869
56527.500000,-0.029992,0.041044,-0.021211,-0.036154,0.047286,-0.036983,0.000000,0.043786,0.018325
56527.600000,-0.038660,0.039700,-0.017539,-0.024566,0.039596,-0.030466,0.000000,0.039277,0.024597
56527.700000,-0.045310,0.038235,-0.013811,-0.013316,0.031266,-0.023818,0.000000,0.035872,0.024887
56527.800000,-0.050500,0.036803,-0.012245,-0.006341,0.018450,-0.017692,0.000000,0.033307,0.025118
56527.900000,-0.056142,0.035081,-0.011442,-0.000829,-0.001948,-0.008893,0.000000,0.032543,0.025286
56528.000000,-0.056428,0.033988,-0.011349,0.007384,-0.021599,-0.000746,0.000000,0.033074,0.025312
56528.100000,-0.053435,0.034479,-0.014623,0.015034,-0.039541,0.005967,0.000000,0.035402,0.025257
56528.200000,-0.048104,0.035523,-0.017434,0.015934,-0.047123,0.012940,0.000000,0.038424,0.025172
56528.300000,-0.042413,0.036937,-0.019565,0.009859,-0.039968,0.021543,0.000000,0.041279,0.025035
56528.400000,-0.036219,0.037079,-0.019543,-0.002629,-0.033987,0.032623,0.000000,0.042062,0.024882
56528.500000,-0.028027,0.034523,-0.017298,-0.021079,-0.028647,0.045658,0.000000,0.039553,0.024822
56528.600000,-0.019365,0.030056,-0.012775,-0.038854,-0.021171,0.058302,0.000000,0.035305,0.024908
56528.700000,-0.008097,0.024692,-0.008082,-0.050104,-0.000239,0.064754,0.000000,0.028001,0.025793
56528.800000,-0.002834,0.017456,-0.002637,-0.062367,0.024111,0.065797,0.000000,0.019214,0.027551
56528.900000,-0.000308,0.008792,0.006329,-0.071592,0.041519,0.063190,0.000000,0.009845,0.017691
56529.000000,-0.002024,-0.001472,0.015168,-0.071367,0.051344,0.056281,0.000000,-0.000396,0.008015
56529.100000,-0.004466,-0.011256,0.023006,-0.062817,0.042694,0.047808,0.000000,-0.009723,-0.001719
56529.200000,-0.007963,-0.019779,0.028226,-0.049654,0.035431,0.037576,0.000000,-0.017230,-0.011441
56529.300000,-0.013666,-0.025133,0.030589,-0.032666,0.031266,0.026171,0.000000,-0.021482,-0.021408
56529.400000,-0.017553,-0.028384,0.031973,-0.016579,0.021548,0.015743,0.000000,-0.023851,-0.031434
56529.500000,-0.023178,-0.030556,0.032694,-0.004991,0.013858,0.006749,0.000000,-0.023479,-0.042236
56529.600000,-0.026474,-0.031049,0.033109,0.001534,0.002858,0.002121,0.000000,-0.022523,-0.053767
56529.700000,-0.028328,-0.031010,0.032269,0.004009,0.000295,0.000948,0.000000,-0.022343,-0.053711
56529.800000,-0.029420,-0.030821,0.031625,0.002996,-0.003016,0.001795,0.000000,-0.022089,-0.053767
56529.900000,-0.029534,-0.030509,0.031462,0.001421,-0.003229,0.002187,0.000000,-0.022137,-0.053902
56530.000000,-0.029565,-0.030287,0.031630,0.000634,-0.002482,0.001926,0.000000,-0.022069,-0.053953
56530.100000,-0.029137,-0.030343,0.031977,0.000521,-0.004831,0.001404,0.000000,-0.021965,-0.053924
56530.200000,-0.029664,-0.030820,0.032000,0.001084,-0.003763,0.000557,0.000000,-0.021748,-0.053795
56530.300000,-0.029402,-0.031060,0.032045,-0.000379,-0.004191,0.000818,0.000000,-0.021669,-0.053605
56530.400000,-0.028866,-0.031235,0.031809,-0.001279,-0.003870,0.000492,0.000000,-0.021797,-0.053529
56530.500000,-0.029349,-0.031556,0.031753,-0.001391,-0.000666,0.000296,0.000000,-0.021668,-0.053395
56530.600000,-0.029557,-0.031502,0.031932,-0.000716,-0.001627,0.000231,0.000000,-0.021552,-0.053395
56530.700000,-0.029801,-0.032023,0.032000,-0.000941,-0.000880,0.000166,0.000000,-0.021491,-0.053227
56530.800000,-0.029828,-0.032261,0.032087,-0.002179,-0.001521,0.000557,0.000000,-0.021438,-0.053132
56530.900000,-0.029857,-0.033187,0.032134,-0.002741,-0.002802,0.000557,0.000000,-0.021279,-0.052817
56531.000000,-0.029587,-0.033254,0.032205,-0.001391,-0.002695,0.000036,0.000000,-0.021462,-0.052748
56531.100000,-0.029228,-0.033207,0.032035,-0.000041,-0.003229,-0.000355,0.000000,-0.021477,-0.052776
56531.200000,-0.029096,-0.033381,0.032182,0.000184,-0.002589,-0.000681,0.000000,-0.021419,-0.052675
56531.300000,-0.027765,-0.033428,0.032471,0.000071,-0.006327,-0.001137,0.000000,-0.021470,-0.052639
56531.400000,-0.025402,-0.033554,0.033011,0.001309,-0.006540,-0.003353,0.000000,-0.021775,-0.052619
56531.500000,-0.022160,-0.033247,0.033865,0.006709,-0.005686,-0.008111,0.000000,-0.022086,-0.052731
56531.600000,-0.020130,-0.031994,0.033930,0.017171,-0.002909,-0.018539,0.000000,-0.022195,-0.041405
56531.700000,-0.021043,-0.029405,0.033719,0.029996,0.005742,-0.028967,0.000000,-0.021550,-0.030746
56531.800000,-0.024978,-0.025686,0.033304,0.043384,0.008091,-0.038613,0.000000,-0.019323,-0.020300
56531.900000,-0.028172,-0.020440,0.033305,0.055984,0.010654,-0.048975,0.000000,-0.015445,-0.010181
56532.000000,-0.032619,-0.014074,0.029990,0.066109,0.006062,-0.056861,0.000000,-0.010953,-0.000199
56532.100000,-0.039014,-0.006888,0.025429,0.073647,0.002751,-0.059208,0.000000,-0.005342,0.009756
56532.200000,-0.044207,0.001322,0.020189,0.077359,0.002217,-0.058817,0.000000,0.001066,0.019707
56532.300000,-0.048763,0.009309,0.014640,0.077472,0.000081,-0.055688,0.000000,0.008153,0.029732
56532.400000,-0.051940,0.015679,0.010059,0.070722,0.012470,-0.046499,0.000000,0.015246,0.028253
56532.500000,-0.056952,0.021239,0.004412,0.060371,0.008518,-0.035680,0.000000,0.020725,0.027398
56532.600000,-0.055894,0.025479,0.000459,0.046196,0.000295,-0.024144,0.000000,0.024839,0.026784
56532.700000,-0.059433,0.028556,-0.003645,0.034721,-0.005365,-0.010262,0.000000,0.027078,0.026504
56532.800000,-0.058533,0.031622,-0.004984,0.032471,-0.016366,0.006749,0.000000,0.029191,0.026181
56532.900000,-0.052035,0.033981,-0.007321,0.035959,-0.028006,0.018610,0.000000,0.032220,0.025763
56533.000000,-0.045309,0.035546,-0.012315,0.041359,-0.037511,0.029755,0.000000,0.035708,0.025369
56533.100000,-0.036258,0.037300,-0.017541,0.044621,-0.051609,0.037641,0.000000,0.039800,0.024896
56533.200000,-0.027093,0.039754,-0.024552,0.050696,-0.067949,0.043898,0.000000,0.042696,0.018516
56533.300000,-0.010412,0.042158,-0.031258,0.055421,-0.078522,0.048265,0.000000,0.045448,0.011953
56533.400000,0.003466,0.044394,-0.040303,0.059134,-0.082153,0.049633,0.000000,0.047077,0.005433
56533.500000,0.021291,0.045911,-0.050641,0.060821,-0.082687,0.048591,0.000000,0.047310,-0.001036
56533.600000,0.036175,0.046418,-0.061392,0.056321,-0.068483,0.041356,0.000000,0.046446,-0.007346
56533.700000,0.048320,0.046312,-0.070270,0.046421,-0.053638,0.033144,0.000000,0.043040,-0.013501
56533.800000,0.057932,0.045887,-0.075978,0.034609,-0.043706,0.023564,0.000000,0.038406,-0.019556
56533.900000,0.063200,0.045377,-0.081631,0.023696,-0.027579,0.016329,0.000000,0.032735,-0.025513
56534.000000,0.067543,0.044583,-0.085370,0.009521,-0.022667,0.008704,0.000000,0.028501,-0.025511
56534.100000,0.068400,0.043774,-0.087592,-0.005329,-0.009103,0.000753,0.000000,0.025693,-0.025456
56534.200000,0.067645,0.043029,-0.086933,-0.021304,0.009159,-0.006482,0.000000,0.025611,-0.025449
56534.300000,0.063965,0.042840,-0.083081,-0.036829,0.023150,-0.014107,0.000000,0.029071,-0.025464
56534.400000,0.059104,0.042406,-0.077539,-0.052466,0.033936,-0.021798,0.000000,0.034162,-0.025431
56534.500000,0.050682,0.042078,-0.068619,-0.065179,0.040344,-0.029032,0.000000,0.038668,-0.019398
56534.600000,0.040186,0.041359,-0.059257,-0.072267,0.052626,-0.033724,0.000000,0.042605,-0.013364
56534.700000,0.028662,0.040401,-0.048464,-0.074404,0.069713,-0.036136,0.000000,0.045429,-0.007231
56534.800000,0.015444,0.038972,-0.038138,-0.070579,0.073131,-0.035745,0.000000,0.046585,-0.001003
56534.900000,0.003115,0.037455,-0.027927,-0.063829,0.067684,-0.033464,0.000000,0.046365,0.005331
56535.000000,-0.008350,0.035757,-0.019581,-0.053141,0.059995,-0.030466,0.000000,0.044224,0.011711
56535.100000,-0.017881,0.033967,-0.013586,-0.039529,0.052733,-0.025708,0.000000,0.040086,0.018087
56535.200000,-0.026531,0.032300,-0.008512,-0.027266,0.043121,-0.020038,0.000000,0.034628,0.024389
56535.300000,-0.033104,0.030166,-0.005369,-0.015116,0.034791,-0.013977,0.000000,0.030412,0.024709
56535.400000,-0.036722,0.027549,-0.003779,-0.003416,0.014072,-0.007850,0.000000,0.026876,0.024978
56535.500000,-0.038578,0.027187,-0.004572,0.005696,-0.013268,-0.003940,0.000000,0.025480,0.025121
56535.600000,-0.038838,0.027649,-0.005188,0.001196,-0.020637,0.000688,0.000000,0.026007,0.025226
56535.700000,-0.039121,0.027761,-0.006090,-0.011629,-0.018288,0.010333,0.000000,0.026917,0.025255
56535.800000,-0.037427,0.026518,-0.004685,-0.024679,-0.016045,0.023173,0.000000,0.026228,0.025384
56535.900000,-0.033125,0.023198,-0.001010,-0.040091,-0.015511,0.035230,0.000000,0.023318,0.025651
56536.000000,-0.028340,0.018490,0.002715,-0.053141,-0.011346,0.045788,0.000000,0.018986,0.026218
56536.100000,-0.024594,0.013105,0.007032,-0.063604,-0.005472,0.054261,0.000000,0.013243,0.027580
56536.200000,-0.022472,0.007802,0.011322,-0.071367,0.007450,0.059214,0.000000,0.007329,0.029375
56536.300000,-0.020987,-0.000288,0.016562,-0.076767,0.019839,0.061430,0.000000,0.000416,0.019376
56536.400000,-0.020278,-0.008755,0.022161,-0.070242,0.020373,0.060192,0.000000,-0.006946,0.009393
56536.500000,-0.018925,-0.016797,0.027710,-0.054041,0.018878,0.051458,0.000000,-0.013862,-0.000429
56536.600000,-0.019752,-0.023082,0.030479,-0.038966,0.015994,0.040053,0.000000,-0.019029,-0.010484
56536.700000,-0.022233,-0.027470,0.031330,-0.025241,0.013431,0.028843,0.000000,-0.021957,-0.020610
56536.800000,-0.025235,-0.030376,0.032325,-0.012979,0.008412,0.018610,0.000000,-0.023020,-0.031042
56536.900000,-0.026462,-0.031980,0.031711,-0.002404,0.004140,0.009486,0.000000,-0.023004,-0.042249
56537.000000,-0.027531,-0.032459,0.031477,0.002096,-0.000132,0.003034,0.000000,-0.022876,-0.053987
56537.100000,-0.027559,-0.032539,0.031584,0.001984,-0.003657,0.000492,0.000000,-0.022860,-0.053743
56537.200000,-0.026269,-0.032472,0.031618,0.001534,-0.004404,-0.001007,0.000000,-0.023083,-0.053625
56537.300000,-0.025818,-0.032501,0.031400,-0.000041,-0.007181,-0.001333,0.000000,-0.023363,-0.053674
56537.400000,-0.023981,-0.032742,0.031026,-0.001279,-0.009424,-0.001854,0.000000,-0.023613,-0.053536
56537.500000,-0.022886,-0.032669,0.030927,-0.001841,-0.010598,-0.002962,0.000000,-0.023855,-0.053614
56537.600000,-0.021290,-0.032856,0.030659,-0.001729,-0.009958,-0.003744,0.000000,-0.024347,-0.053580
56537.700000,-0.020449,-0.033159,0.030062,-0.002854,-0.009103,-0.003027,0.000000,-0.024658,-0.053485
56537.800000,-0.018856,-0.033546,0.029962,-0.002741,-0.008142,-0.002636,0.000000,-0.024949,-0.053455
56537.900000,-0.017853,-0.033754,0.029715,-0.001616,-0.006754,-0.002767,0.000000,-0.025374,-0.053581
56538.000000,-0.016979,-0.034024,0.029496,-0.001166,-0.005793,-0.002702,0.000000,-0.025586,-0.053527
56538.100000,-0.016218,-0.034034,0.029335,-0.000716,-0.004511,-0.002702,0.000000,-0.025723,-0.053451
56538.200000,-0.016382,-0.033826,0.029558,0.000409,-0.002802,-0.002506,0.000000,-0.025764,-0.053700
56538.300000,-0.015808,-0.033930,0.029930,0.001421,-0.003336,-0.002571,0.000000,-0.025756,-0.053734
56538.400000,-0.014865,-0.033681,0.029849,0.003109,-0.004618,-0.003288,0.000000,-0.026086,-0.053886
56538.500000,-0.013845,-0.032905,0.030464,0.005246,-0.008142,-0.004917,0.000000,-0.026214,-0.042231
56538.600000,-0.011325,-0.032217,0.030645,0.007721,-0.016152,-0.007394,0.000000,-0.026746,-0.030486
56538.700000,-0.007445,-0.031084,0.030388,0.010871,-0.023735,-0.010783,0.000000,-0.027428,-0.019078
56538.800000,-0.002645,-0.029266,0.029746,0.014246,-0.030890,-0.015736,0.000000,-0.028112,-0.008198
56538.900000,0.003507,-0.026753,0.028410,0.019984,-0.039434,-0.022775,0.000000,-0.027481,0.001779
56539.000000,0.010283,-0.022866,0.025769,0.027071,-0.042104,-0.031900,0.000000,-0.024857,0.011693
56539.100000,0.015139,-0.017574,0.022647,0.036184,-0.041356,-0.040503,0.000000,-0.020036,0.021410
56539.200000,0.018106,-0.010733,0.018065,0.046534,-0.035803,-0.048454,0.000000,-0.012758,0.031086
56539.300000,0.018708,-0.003533,0.012414,0.055759,-0.027045,-0.055688,0.000000,-0.004827,0.028967
56539.400000,0.015477,0.005188,0.005702,0.060934,-0.019890,-0.061033,0.000000,0.004904,0.027012
56539.500000,0.010821,0.013840,-0.001970,0.058571,-0.010064,-0.062597,0.000000,0.015788,0.025363
56539.600000,0.003659,0.021222,-0.008663,0.053059,0.009800,-0.059273,0.000000,0.026359,0.024144
56539.700000,-0.005892,0.028046,-0.015374,0.043721,0.034897,-0.049823,0.000000,0.034660,0.023835
56539.800000,-0.017101,0.032636,-0.018676,0.032921,0.048674,-0.039851,0.000000,0.039943,0.023881
56539.900000,-0.028748,0.036226,-0.020800,0.026396,0.054014,-0.027533,0.000000,0.041986,0.024110
56540.000000,-0.037093,0.038429,-0.019600,0.021896,0.038742,-0.013520,0.000000,0.041911,0.024339
56540.100000,-0.040284,0.040595,-0.020062,0.020546,0.024752,0.001795,0.000000,0.042716,0.024365
56540.200000,-0.040262,0.041343,-0.022128,0.024934,0.017383,0.017698,0.000000,0.043716,0.024245
56540.300000,-0.037647,0.042168,-0.024223,0.035959,0.010654,0.030407,0.000000,0.045314,0.023931
56540.400000,-0.031351,0.044081,-0.028599,0.048784,-0.006327,0.039857,0.000000,0.046418,0.017858
56540.500000,-0.021564,0.045867,-0.034119,0.060934,-0.028754,0.044745,0.000000,0.047419,0.011654
56540.600000,-0.008288,0.047707,-0.042373,0.070384,-0.046803,0.049438,0.000000,0.047831,0.005382
56540.700000,0.007382,0.048867,-0.052010,0.071847,-0.055347,0.050806,0.000000,0.048144,-0.000951
56540.800000,0.022748,0.049826,-0.064319,0.069597,-0.046482,0.049047,0.000000,0.047099,-0.007287
56540.900000,0.036548,0.049649,-0.075005,0.062959,-0.038793,0.044485,0.000000,0.043893,-0.013458
56541.000000,0.048327,0.048994,-0.082040,0.050584,-0.030356,0.036403,0.000000,0.038868,-0.019604
56541.100000,0.057794,0.048243,-0.087789,0.036521,-0.026298,0.028191,0.000000,0.032547,-0.025496
56541.200000,0.064876,0.046788,-0.091943,0.021784,-0.020637,0.018219,0.000000,0.027039,-0.025630
56541.300000,0.068337,0.045172,-0.093936,0.006034,-0.010385,0.007009,0.000000,0.022739,-0.025666
56541.400000,0.068815,0.044830,-0.093823,-0.009154,-0.001414,-0.003549,0.000000,0.021957,-0.025718
56541.500000,0.066595,0.045286,-0.091950,-0.023891,0.008945,-0.013977,0.000000,0.023756,-0.025725
56541.600000,0.060928,0.045480,-0.087806,-0.038179,0.021548,-0.024535,0.000000,0.028187,-0.025675
56541.700000,0.051030,0.046264,-0.080680,-0.050554,0.032441,-0.034963,0.000000,0.034223,-0.019682
56541.800000,0.038328,0.047539,-0.072868,-0.056854,0.040878,-0.042588,0.000000,0.039783,-0.013492
56541.900000,0.023230,0.047708,-0.063915,-0.057754,0.053694,-0.046694,0.000000,0.043594,-0.007289
56542.000000,0.008009,0.048724,-0.055836,-0.055279,0.061276,-0.047802,0.000000,0.047163,-0.001042
56542.100000,-0.005883,0.049319,-0.047131,-0.051229,0.057966,-0.046173,0.000000,0.049659,0.005269
56542.200000,-0.019881,0.048874,-0.039634,-0.044141,0.058927,-0.043435,0.000000,0.050060,0.011660
56542.300000,-0.032342,0.047725,-0.033526,-0.034916,0.054975,-0.039590,0.000000,0.048939,0.018017
56542.400000,-0.043794,0.046743,-0.028589,-0.025691,0.047499,-0.033399,0.000000,0.046181,0.024378
56542.500000,-0.052468,0.045728,-0.026195,-0.014666,0.039703,-0.024405,0.000000,0.042089,0.024776
56542.600000,-0.057305,0.044161,-0.024381,-0.009491,0.028169,-0.017170,0.000000,0.038658,0.025055
56542.700000,-0.059878,0.043164,-0.024017,-0.007354,0.011829,-0.012934,0.000000,0.036824,0.025289
56542.800000,-0.061262,0.041746,-0.022357,-0.007129,-0.000132,-0.009675,0.000000,0.035039,0.025444
56542.900000,-0.062920,0.039961,-0.021371,-0.005104,-0.004191,-0.007003,0.000000,0.034827,0.025503
56543.000000,-0.063606,0.038354,-0.020195,0.002096,-0.019035,-0.003223,0.000000,0.034508,0.025539
56543.100000,-0.061760,0.038732,-0.020509,0.007496,-0.027900,0.002187,0.000000,0.035590,0.025520
56543.200000,-0.058586,0.039850,-0.022071,0.008284,-0.029608,0.007661,0.000000,0.037779,0.025434
56543.300000,-0.054703,0.040797,-0.022592,-0.001616,-0.028327,0.013331,0.000000,0.039851,0.025337
56543.400000,-0.051522,0.041700,-0.023665,-0.011629,-0.019890,0.020500,0.000000,0.041143,0.025235
56543.500000,-0.046579,0.041691,-0.021906,-0.023779,-0.013589,0.027865,0.000000,0.040494,0.025230
56543.600000,-0.042977,0.039884,-0.019027,-0.036266,-0.009851,0.034448,0.000000,0.038530,0.025324
56543.700000,-0.037836,0.037573,-0.014725,-0.050104,-0.006861,0.041878,0.000000,0.034243,0.025601
56543.800000,-0.031304,0.033891,-0.009985,-0.066192,0.007771,0.047287,0.000000,0.028487,0.026057
56543.900000,-0.026705,0.027394,-0.003278,-0.079692,0.014285,0.049112,0.000000,0.020392,0.026875
56544.000000,-0.022439,0.019028,0.005211,-0.088017,0.013004,0.048656,0.000000,0.010951,0.028292
56544.100000,-0.018292,0.009747,0.013140,-0.085204,0.010761,0.043703,0.000000,0.001387,0.030133
56544.200000,-0.014728,0.000272,0.020744,-0.076879,0.004674,0.036924,0.000000,-0.007343,0.020060
56544.300000,-0.013548,-0.007918,0.025939,-0.064504,0.002110,0.029234,0.000000,-0.014025,0.021898
56544.400000,-0.011780,-0.014178,0.029182,-0.050891,0.002965,0.022391,0.000000,-0.019367,0.023525
56544.500000,-0.011372,-0.019402,0.030787,-0.036491,0.003819,0.015026,0.000000,-0.023045,0.025216
56544.600000,-0.012478,-0.023559,0.031527,-0.026029,0.001149,0.008834,0.000000,-0.024998,0.014803
56544.700000,-0.013575,-0.026416,0.031758,-0.017366,0.000402,0.004468,0.000000,-0.025872,0.015988
56544.800000,-0.014917,-0.028218,0.031748,-0.009716,-0.000026,0.001274,0.000000,-0.026061,0.004589
56544.900000,-0.016588,-0.029080,0.031478,-0.004541,-0.001521,0.000492,0.000000,-0.025782,-0.007123
56545.000000,-0.016871,-0.029271,0.031021,-0.001841,-0.001627,0.000688,0.000000,-0.025607,-0.007045
56545.100000,-0.016364,-0.029818,0.030667,-0.001504,-0.001841,0.001535,0.000000,-0.025673,-0.018861
56545.200000,-0.015830,-0.030638,0.030629,-0.001954,-0.003016,0.001926,0.000000,-0.025674,-0.030427
56545.300000,-0.015652,-0.031052,0.030705,-0.002629,-0.003870,0.001861,0.000000,-0.025798,-0.042216
56545.400000,-0.015315,-0.030943,0.030738,-0.002066,-0.005579,0.002447,0.000000,-0.025878,-0.042061
56545.500000,-0.014562,-0.031332,0.031002,-0.001841,-0.009530,0.004011,0.000000,-0.025975,-0.053699
56545.600000,-0.012513,-0.031839,0.030322,-0.002741,-0.017434,0.007140,0.000000,-0.026134,-0.053121
56545.700000,-0.008755,-0.032544,0.029501,-0.004541,-0.023521,0.011246,0.000000,-0.026418,-0.052292
56545.800000,-0.005654,-0.033908,0.028197,-0.004766,-0.028113,0.016460,0.000000,-0.025973,-0.050946
56545.900000,-0.001398,-0.036352,0.026718,-0.004879,-0.033774,0.021022,0.000000,-0.024277,-0.049384
56546.000000,0.003239,-0.039333,0.024871,-0.003979,-0.034948,0.024606,0.000000,-0.021848,-0.047820
56546.100000,0.008611,-0.042714,0.022847,-0.004429,-0.036550,0.027800,0.000000,-0.018753,-0.046123
56546.200000,0.011708,-0.044413,0.021702,-0.005393,-0.039434,0.030575,0.000000,-0.017580,-0.045145
56546.300000,0.015534,-0.046353,0.019953,-0.006079,-0.040146,0.032884,0.000000,-0.016112,-0.044003
56546.400000,0.018841,-0.048686,0.018615,-0.005239,-0.034820,0.033926,0.000000,-0.014093,-0.042721
