Time,aclx,acly,aclz,gx,gy,gz,mr,mtheta,mphi40425.900000,-0.581224,-0.103170,1.611071,0.040000,0.050000,0.160000,1.000000,2.217547,-3.046022
40426.000000,-0.633572,-0.151071,1.660634,0.020000,0.040000,-0.100000,1.000000,2.198938,-3.032491
40426.100000,-0.625067,-0.161423,1.634042,0.030000,0.030000,0.020000,1.000000,2.211559,-3.040010
40426.200000,-0.641742,-0.138707,1.605695,-0.030000,0.000000,0.010000,1.000000,2.228084,-3.056442
40426.300000,-0.664182,-0.191782,1.654140,-0.060000,-0.040000,-0.060000,1.000000,2.227465,-3.034158
40426.400000,-0.624848,-0.151477,1.621728,-0.010000,0.060000,0.000000,1.000000,2.214468,-3.033391
40426.500000,-0.613129,-0.209042,1.625500,-0.020000,-0.020000,-0.040000,1.000000,2.221913,-3.015174
40426.600000,-0.640882,-0.137025,1.622297,0.000000,-0.020000,-0.050000,1.000000,2.232120,-3.044434
40426.700000,-0.621869,-0.179129,1.639871,0.030000,0.020000,-0.010000,1.000000,2.199321,-3.026989
40426.800000,-0.593080,-0.189215,1.626211,0.030000,-0.030000,-0.020000,1.000000,2.204513,-3.020471
40426.900000,-0.558666,-0.177213,1.612814,0.000000,-0.110000,-0.010000,1.000000,2.194337,-3.027914
40427.000000,-0.495130,-0.237272,1.610381,0.110000,-0.390000,0.080000,1.000000,2.199826,-3.035161
40427.100000,-0.460716,-0.138934,1.630503,0.100000,-0.260000,-0.290000,1.000000,2.164510,-3.038274
40427.200000,-0.419283,-0.145511,1.639254,-0.030000,-0.110000,-0.620000,1.000000,2.109723,-3.036522
40427.300000,-0.459278,-0.014377,1.642368,-0.310000,0.360000,-0.870000,1.000000,2.097169,-3.007316
40427.400000,-0.562458,-0.479179,1.721786,-0.500000,0.130000,-1.220000,1.000000,2.099297,-3.011313
40427.500000,-0.552946,-0.338445,1.689193,-0.510000,0.310000,-1.200000,1.000000,2.094697,-2.974440
40427.600000,-0.612280,-0.365164,1.685239,-0.440000,0.490000,-1.050000,1.000000,2.121909,-2.972568
40427.700000,-0.642374,-0.456069,1.676021,-0.410000,0.500000,-0.730000,1.000000,2.148208,-2.937913
40427.800000,-0.584676,-0.544444,1.595388,-0.560000,0.050000,-0.390000,1.000000,2.180867,-2.921065
40427.900000,-0.442780,-0.566336,1.272206,-0.430000,0.950000,-0.510000,1.000000,2.261482,-2.886316
40428.000000,-0.924150,-0.923189,1.379830,-0.130000,0.900000,-0.490000,1.000000,2.364725,-2.851910
40428.100000,-0.775461,-0.836482,1.329769,-0.030000,-0.100000,-0.080000,1.000000,2.405952,-2.840808
40428.200000,-0.848583,-0.787910,1.413948,0.000000,0.200000,-0.190000,1.000000,2.416703,-2.848927
40428.300000,-0.817884,-0.836231,1.389632,-0.050000,-0.200000,-0.130000,1.000000,2.416762,-2.827473
40428.400000,-0.727005,-0.899996,1.457525,-0.060000,-0.090000,0.040000,1.000000,2.431815,-2.819325
40428.500000,-0.847641,-0.933284,1.523746,-0.010000,0.090000,0.240000,1.000000,2.421538,-2.815022
40428.600000,-0.702205,-0.800017,1.758951,0.540000,-0.430000,0.710000,1.000000,2.375265,-2.833110
40428.700000,-0.849672,-0.769442,1.713191,1.020000,0.460000,0.810000,1.000000,2.381925,-2.826913
40428.800000,-0.959843,-0.557835,1.447292,1.040000,-0.810000,0.980000,1.000000,2.387698,-2.866845
40428.900000,-0.606477,-0.422879,1.479080,0.630000,-2.150000,0.600000,1.000000,2.299204,-2.887030
40429.000000,-0.401342,-0.313215,1.379631,0.710000,-1.290000,0.180000,1.000000,2.154650,-2.871346
40429.100000,-0.237715,-0.154569,1.337948,0.240000,-1.140000,-0.130000,1.000000,2.049717,-2.858657
40429.200000,0.105429,-0.259953,1.482220,-0.320000,-0.920000,-0.160000,1.000000,1.938418,-2.818626
40429.300000,0.057097,-0.422021,1.614581,-0.420000,0.460000,0.050000,1.000000,1.981153,-2.778909
40429.400000,0.002931,-0.474736,1.608767,-0.170000,-0.280000,-0.090000,1.000000,1.987073,-2.767692
40429.500000,0.103408,-0.516932,1.577977,-0.230000,-0.140000,-0.050000,1.000000,1.998285,-2.747997
40429.600000,0.134343,-0.538756,1.634148,-0.320000,-0.070000,-0.090000,1.000000,2.009223,-2.749627
40429.700000,0.045533,-0.553948,1.620504,-0.100000,0.710000,-0.150000,1.000000,2.045381,-2.723921
40429.800000,0.050166,-0.541984,1.565182,0.060000,0.010000,-0.070000,1.000000,2.101519,-2.723265
40429.900000,-0.071491,-0.501395,1.529570,-0.020000,-0.460000,-0.240000,1.000000,2.090189,-2.751348
40430.000000,-0.002613,-0.641242,1.608362,0.420000,-1.020000,-0.060000,1.000000,2.063193,-2.711065
40430.100000,0.221180,-0.471061,1.635071,0.260000,0.600000,0.030000,1.000000,1.947514,-2.713913
40430.200000,0.082345,-0.422809,1.582767,0.480000,0.170000,-0.260000,1.000000,1.996031,-2.729988
40430.300000,-0.008070,-0.320669,1.632003,0.610000,1.250000,-0.200000,1.000000,1.977868,-2.799269
40430.400000,0.004680,-0.079972,1.519956,0.220000,0.930000,-0.650000,1.000000,2.021142,-2.856726
40430.500000,-0.535526,0.076074,1.579333,0.500000,0.990000,-0.220000,1.000000,2.119179,-2.927946
40430.600000,-0.656238,0.110062,1.320519,0.080000,2.810000,-0.350000,1.000000,2.189249,-2.983645
40430.700000,-0.765284,0.184810,1.563685,0.910000,-1.260000,-0.310000,1.000000,2.383171,-3.036668
40430.800000,-0.921795,0.301406,1.438403,0.370000,-0.000000,-0.050000,1.000000,2.288265,-3.053754
40430.900000,-0.912275,0.333177,1.447176,-0.090000,-0.030000,0.020000,1.000000,2.293118,-3.081115
40431.000000,-0.952235,0.318633,1.416402,-0.170000,0.000000,0.060000,1.000000,2.294055,-3.078235
40431.100000,-0.934111,0.314755,1.444199,-0.240000,0.000000,0.080000,1.000000,2.312759,-3.076749
40431.200000,-0.911477,0.269013,1.474649,-0.550000,-0.130000,0.100000,1.000000,2.280406,-3.071258
40431.300000,-0.904585,0.157182,1.476702,-0.690000,-0.470000,0.060000,1.000000,2.303685,-3.032455
40431.400000,-0.816422,0.062355,1.556656,-0.640000,-0.620000,0.040000,1.000000,2.301256,-3.015935
40431.500000,-0.722815,-0.090853,1.642315,-0.420000,-1.170000,0.190000,1.000000,2.232100,-2.959269
40431.600000,-0.493234,-0.094914,1.674279,-0.290000,-2.140000,0.320000,1.000000,2.129300,-2.928623
40431.700000,-0.096623,-0.172973,1.462211,-0.170000,-2.850000,0.560000,1.000000,2.008454,-2.886233
40431.800000,0.447431,-0.485553,1.467965,-0.400000,-0.220000,0.370000,1.000000,1.895271,-2.758078
40431.900000,0.336616,-0.474810,1.543515,-0.180000,0.850000,0.200000,1.000000,1.883653,-2.681600
40432.000000,0.154757,-0.598892,1.542638,0.250000,0.540000,-0.100000,1.000000,1.993852,-2.699249
40432.100000,0.227671,-0.470850,1.610767,0.270000,-0.760000,0.260000,1.000000,1.958376,-2.741045
40432.200000,0.413399,-0.529526,1.511659,0.690000,0.280000,0.350000,1.000000,1.875322,-2.722710
40432.300000,0.221179,-0.254087,1.468829,0.550000,0.480000,-0.080000,1.000000,1.843953,-2.775321
40432.400000,0.082663,-0.151996,1.590537,0.060000,0.550000,0.110000,1.000000,1.823276,-2.865558
40432.500000,0.214918,-0.081123,1.593283,-0.280000,0.050000,0.160000,1.000000,1.807005,-2.901629
40432.600000,0.196253,-0.143426,1.551880,-0.470000,1.090000,0.100000,1.000000,1.787293,-2.875254
40432.700000,-0.052008,-0.255309,1.553156,-0.780000,0.530000,-0.130000,1.000000,1.893379,-2.878587
40432.800000,0.190364,-0.333849,1.902447,-1.130000,0.590000,-0.100000,1.000000,1.858146,-2.872061
40432.900000,0.033711,-0.497535,1.798064,-1.030000,2.180000,-0.120000,1.000000,1.902148,-2.830964
40433.000000,-0.290235,-0.658368,1.679729,-1.010000,0.630000,-0.280000,1.000000,2.105264,-2.849559
40433.100000,-0.470141,-0.761206,1.641997,-0.710000,1.050000,-0.240000,1.000000,2.192310,-2.839248
40433.200000,-0.583752,-0.771237,1.681080,0.090000,1.820000,-0.540000,1.000000,2.305629,-2.866781
40433.300000,-0.851803,-0.726674,1.429923,-0.030000,0.460000,-0.230000,1.000000,2.341273,-2.875607
40433.400000,-0.661021,-0.741888,1.474821,-0.040000,-0.570000,0.110000,1.000000,2.350425,-2.880456
40433.500000,-0.664348,-0.735904,1.528950,-0.070000,0.070000,0.110000,1.000000,2.298711,-2.884716
40433.600000,-0.697365,-0.749031,1.487849,-0.080000,-0.320000,0.030000,1.000000,2.313981,-2.877223
40433.700000,-0.724875,-0.815192,1.570132,0.080000,-0.220000,0.310000,1.000000,2.338986,-2.868945
40433.800000,-0.646984,-0.775595,1.718806,0.310000,-0.200000,0.230000,1.000000,2.356923,-2.871328
40433.900000,-0.502767,-0.737863,1.866263,1.230000,-0.580000,0.210000,1.000000,2.235618,-2.833853
40434.000000,-0.505380,-0.554566,1.669105,1.520000,-0.760000,0.440000,1.000000,2.180708,-2.842490
40434.100000,-0.332775,-0.325163,1.530711,1.240000,-1.340000,0.480000,1.000000,2.076301,-2.880183
40434.200000,-0.237266,-0.245004,1.522254,0.740000,-1.210000,0.140000,1.000000,2.028437,-2.879777
40434.300000,-0.036389,-0.127679,1.438650,0.350000,-0.280000,-0.130000,1.000000,1.914942,-2.890090
40434.400000,0.012052,-0.172580,1.410194,-0.220000,-0.640000,-0.210000,1.000000,1.889620,-2.861548
40434.500000,0.185596,-0.339201,1.459805,-0.710000,-0.230000,-0.050000,1.000000,1.883146,-2.782781
40434.600000,0.248710,-0.481667,1.566325,-0.610000,-0.160000,0.190000,1.000000,1.909911,-2.767343
40434.700000,0.281355,-0.500483,1.638245,-0.190000,-0.110000,-0.130000,1.000000,1.915329,-2.748493
40434.800000,0.246942,-0.451036,1.586471,-0.100000,0.320000,-0.080000,1.000000,1.959854,-2.730180
40434.900000,0.160358,-0.535585,1.592015,0.280000,0.080000,0.040000,1.000000,1.970939,-2.729081
40435.000000,0.252715,-0.446902,1.577337,0.310000,-0.080000,-0.120000,1.000000,1.940440,-2.771684
40435.100000,0.182851,-0.315530,1.577088,0.420000,0.840000,-0.230000,1.000000,1.899683,-2.759640
40435.200000,0.050263,-0.211278,1.819751,0.380000,1.200000,-0.350000,1.000000,1.929436,-2.834354
40435.300000,-0.119899,-0.153982,1.474598,0.450000,1.800000,-0.600000,1.000000,2.001526,-2.884046
40435.400000,-0.543889,-0.003496,1.708058,0.720000,1.560000,-0.360000,1.000000,2.088191,-2.947048
40435.500000,-0.701991,0.091177,2.681312,1.270000,2.680000,-0.400000,1.000000,2.210503,-3.007459
40435.600000,-0.855838,0.195883,1.511104,0.110000,-0.300000,-0.100000,1.000000,2.314035,-3.045363
40435.700000,-0.902358,0.248152,1.475549,-0.160000,-0.150000,0.090000,1.000000,2.279579,-3.077149
40435.800000,-0.873297,0.162054,1.469734,-0.100000,-0.190000,0.070000,1.000000,2.314963,-3.036452
40435.900000,-0.834394,0.148412,1.492765,-0.240000,-0.390000,0.120000,1.000000,2.277307,-3.024678
40436.000000,-0.780928,0.133882,1.550285,-0.530000,-0.350000,0.120000,1.000000,2.266719,-3.034156
40436.100000,-0.695325,0.043640,1.581526,-0.560000,-0.530000,0.110000,1.000000,2.227798,-3.010666
40436.200000,-0.625093,-0.094888,1.674174,-0.260000,-1.200000,0.160000,1.000000,2.210424,-2.953896
40436.300000,-0.292075,-0.091316,1.634572,-0.310000,-2.250000,0.330000,1.000000,2.065051,-2.921977
40436.400000,0.019404,-0.223788,0.909100,-1.020000,-2.610000,0.640000,1.000000,1.953523,-2.865587
40436.500000,0.294495,-0.442599,1.568109,-0.280000,0.370000,0.200000,1.000000,1.866879,-2.762584
40436.600000,0.211444,-0.401276,1.583819,-0.080000,0.190000,0.110000,1.000000,1.916300,-2.736621
40436.700000,0.223178,-0.461892,1.635728,-0.020000,-0.010000,0.010000,1.000000,1.924592,-2.750195
40436.800000,0.110042,-0.520593,1.583866,0.120000,0.530000,0.140000,1.000000,1.985303,-2.750485
40436.900000,0.116543,-0.445816,1.608363,0.450000,0.170000,-0.140000,1.000000,2.007261,-2.792547
40437.000000,-0.009004,-0.400661,1.573903,0.660000,0.370000,0.050000,1.000000,1.980862,-2.809809
40437.100000,0.009375,-0.198565,1.625290,0.530000,-0.370000,0.030000,1.000000,1.911077,-2.870201
40437.200000,0.150966,-0.059914,1.611410,0.230000,-0.300000,0.070000,1.000000,1.842952,-2.891430
40437.300000,0.137055,-0.009842,1.542868,-0.190000,0.730000,-0.010000,1.000000,1.819857,-2.914971
40437.400000,-0.083402,-0.012924,1.582204,-0.530000,0.520000,-0.130000,1.000000,1.897630,-2.926624
40437.500000,-0.094272,-0.110010,1.736189,-0.870000,0.190000,0.090000,1.000000,1.907623,-2.913364
40437.600000,0.075364,-0.267467,1.839292,-0.880000,0.000000,-0.220000,1.000000,1.912912,-2.889869
40437.700000,-0.067925,-0.403752,1.722220,-0.870000,1.200000,-0.000000,1.000000,1.935981,-2.852493
40437.800000,-0.327696,-0.580144,1.659919,-0.870000,0.950000,-0.110000,1.000000,2.080636,-2.842966
40437.900000,-0.424952,-0.681815,1.689958,-0.740000,0.460000,-0.210000,1.000000,2.133682,-2.868735
40438.000000,-0.485035,-0.722709,1.734903,-0.680000,0.730000,-0.220000,1.000000,2.224747,-2.844117
40438.100000,-0.643096,-0.828444,1.468703,-0.470000,-0.090000,-0.030000,1.000000,2.302290,-2.845333
40438.200000,-0.504712,-0.870865,1.629837,0.100000,0.110000,-0.110000,1.000000,2.330431,-2.840432
40438.300000,-0.645690,-0.822355,1.390306,-0.050000,0.370000,0.050000,1.000000,2.361722,-2.844464
40438.400000,-0.731437,-0.849029,1.443127,0.010000,0.050000,0.040000,1.000000,2.346957,-2.859806
40438.500000,-0.708338,-0.846662,1.423609,-0.020000,-0.120000,-0.000000,1.000000,2.389239,-2.853116
40438.600000,-0.687262,-0.856546,1.454279,-0.050000,-0.020000,-0.010000,1.000000,2.372669,-2.850625
40438.700000,-0.585482,-0.886654,1.685010,0.040000,-0.620000,0.170000,1.000000,2.355638,-2.847832
40438.800000,-0.425685,-0.921374,1.871218,0.940000,-0.530000,0.180000,1.000000,2.335914,-2.817288
40438.900000,-0.398181,-0.720882,1.806957,1.520000,-0.540000,0.120000,1.000000,2.198498,-2.832448
40439.000000,-0.411923,-0.631616,1.756071,1.910000,-0.940000,0.230000,1.000000,2.129647,-2.843253
40439.100000,-0.260437,-0.206955,1.512992,1.480000,-0.960000,0.300000,1.000000,2.014105,-2.900813
40439.200000,-0.107444,-0.030367,1.444848,0.530000,-0.320000,0.030000,1.000000,1.922936,-2.933141
40439.300000,-0.058777,-0.049381,1.457008,-0.010000,-0.550000,0.030000,1.000000,1.859106,-2.940834
40439.400000,0.021311,-0.133309,1.472362,-0.510000,-0.470000,0.010000,1.000000,1.876529,-2.895330
40439.500000,0.135352,-0.245015,1.567627,-0.600000,-0.390000,0.070000,1.000000,1.856444,-2.851121
40439.600000,0.242528,-0.368791,1.617320,-0.450000,-0.420000,0.050000,1.000000,1.879069,-2.803053
40439.700000,0.287441,-0.411808,1.616297,-0.290000,0.030000,0.070000,1.000000,1.891556,-2.749728
40439.800000,0.239261,-0.469364,1.662126,-0.250000,0.160000,-0.050000,1.000000,1.916490,-2.761185
40439.900000,0.214112,-0.492567,1.516006,0.150000,0.030000,-0.070000,1.000000,1.963673,-2.762586
40440.000000,0.108691,-0.411126,1.545406,0.370000,0.080000,0.040000,1.000000,1.967734,-2.765399
40440.100000,0.169486,-0.262207,1.687748,0.690000,0.170000,-0.410000,1.000000,1.915355,-2.810090
40440.200000,0.153338,-0.250399,1.670150,0.820000,1.260000,-0.710000,1.000000,1.911036,-2.849732
40440.300000,-0.398001,-0.166124,1.848233,0.940000,2.220000,-0.710000,1.000000,2.024499,-2.951960
40440.400000,-0.714100,0.056412,1.409560,0.400000,1.940000,-0.590000,1.000000,2.124801,-3.017658
40440.500000,-0.846798,0.249811,1.462428,0.370000,-0.720000,-0.270000,1.000000,2.330983,-3.080945
40440.600000,-0.984801,0.289447,1.426799,-0.000000,0.610000,0.120000,1.000000,2.278845,-3.090908
40440.700000,-0.899266,0.297319,1.461383,-0.010000,-0.040000,0.020000,1.000000,2.317797,-3.085038
40440.800000,-0.896162,0.326735,1.467190,-0.110000,-0.060000,0.020000,1.000000,2.294367,-3.096324
40440.900000,-0.861728,0.289262,1.490742,-0.450000,-0.200000,0.100000,1.000000,2.304029,-3.091986
40441.000000,-0.833464,0.193262,1.509554,-0.610000,-0.450000,0.080000,1.000000,2.287363,-3.061421
40441.100000,-0.725602,0.076987,1.629979,-0.450000,-0.720000,0.170000,1.000000,2.233286,-3.027006
40441.200000,-0.605711,-0.002470,1.646436,-0.360000,-1.620000,0.230000,1.000000,2.194455,-2.975286
40441.300000,-0.239037,-0.037516,1.629844,-0.510000,-2.070000,0.370000,1.000000,2.069511,-2.964554
40441.400000,0.259472,-0.130012,1.728382,-1.120000,-1.700000,0.660000,1.000000,1.933449,-2.873748
40441.500000,0.179105,-0.355796,1.610500,-0.410000,0.350000,0.090000,1.000000,1.915208,-2.785915
40441.600000,0.122213,-0.426730,1.599158,0.010000,0.230000,0.010000,1.000000,1.971098,-2.781291
40441.700000,0.108671,-0.452017,1.620801,0.200000,-0.050000,-0.030000,1.000000,1.970488,-2.785883
40441.800000,0.120865,-0.399746,1.625905,0.410000,-0.130000,0.110000,1.000000,1.951041,-2.812444
40441.900000,0.121780,-0.329030,1.587278,0.540000,0.150000,-0.200000,1.000000,1.920734,-2.814754
40442.000000,0.152690,-0.257836,1.553815,0.450000,0.120000,-0.130000,1.000000,1.844750,-2.825046
40442.100000,0.152252,-0.051748,1.571297,0.200000,0.160000,-0.300000,1.000000,1.805300,-2.890992
40442.200000,-0.007558,0.050193,1.549311,-0.280000,0.960000,-0.020000,1.000000,1.835444,-2.918044
40442.300000,-0.014511,0.058523,1.647425,-0.540000,0.110000,-0.040000,1.000000,1.849459,-2.928284
40442.400000,-0.017575,-0.114659,1.696290,-0.830000,0.370000,0.130000,1.000000,1.897673,-2.898372
40442.500000,-0.165139,-0.265026,1.693984,-0.850000,0.160000,0.080000,1.000000,1.974591,-2.877825
40442.600000,-0.190194,-0.389921,1.729924,-0.770000,0.210000,-0.020000,1.000000,1.983415,-2.875309
40442.700000,-0.162534,-0.570791,1.736614,-0.930000,0.920000,0.270000,1.000000,2.063926,-2.838818
40442.800000,-0.253756,-0.641028,1.760113,-0.800000,0.700000,-0.050000,1.000000,2.116223,-2.832441
40442.900000,-0.414666,-0.723148,1.648147,-0.610000,0.440000,-0.080000,1.000000,2.146046,-2.845228
40443.000000,-0.590083,-0.778557,1.615712,-0.410000,0.110000,-0.010000,1.000000,2.249259,-2.867445
40443.100000,-0.479113,-0.792582,1.716394,-0.020000,0.370000,-0.140000,1.000000,2.264618,-2.866846
40443.200000,-0.657261,-0.740061,1.425679,-0.040000,0.180000,0.060000,1.000000,2.300749,-2.874451
40443.300000,-0.614121,-0.825501,1.662943,-0.090000,-0.220000,0.050000,1.000000,2.306413,-2.878721
40443.400000,-0.525771,-0.877477,1.845192,0.660000,-0.510000,0.100000,1.000000,2.291457,-2.844234
40443.500000,-0.438299,-0.741107,1.823850,1.350000,-0.740000,0.060000,1.000000,2.223762,-2.837125
40443.600000,-0.314366,-0.516832,1.697681,1.420000,-1.100000,0.330000,1.000000,2.132533,-2.856184
40443.700000,-0.221777,-0.320338,1.603659,1.310000,-0.470000,0.120000,1.000000,2.067096,-2.874166
40443.800000,-0.229766,-0.161066,1.530121,0.940000,-0.930000,0.020000,1.000000,1.993177,-2.893540
40443.900000,-0.008222,-0.036266,1.462052,0.370000,-1.260000,-0.000000,1.000000,1.948610,-2.915285
40444.000000,0.118960,-0.097583,1.445161,-0.330000,-0.520000,-0.020000,1.000000,1.838049,-2.902008
40444.100000,0.067459,-0.209357,1.513434,-0.410000,0.460000,0.090000,1.000000,1.858383,-2.876401
40444.200000,0.069860,-0.346619,1.637459,-0.500000,-0.160000,-0.120000,1.000000,1.905464,-2.832725
40444.300000,0.177416,-0.436412,1.687245,-0.190000,0.040000,-0.250000,1.000000,1.939396,-2.802644
40444.400000,0.107029,-0.330285,1.603027,-0.160000,0.450000,-0.060000,1.000000,1.924453,-2.804549
40444.500000,0.065489,-0.394001,1.602419,-0.260000,0.030000,-0.070000,1.000000,1.996264,-2.791276
40444.600000,0.148234,-0.340653,1.611442,0.290000,-0.330000,-0.230000,1.000000,1.969722,-2.787034
40444.700000,0.183890,-0.334366,1.597319,0.370000,0.460000,-0.180000,1.000000,1.941327,-2.805226
40444.800000,-0.028254,-0.229647,1.600020,0.520000,1.620000,-0.050000,1.000000,1.912189,-2.850723
40444.900000,-0.157343,-0.201111,1.691018,0.320000,2.220000,-0.440000,1.000000,1.995665,-2.902456
40445.000000,-0.525592,0.219390,1.664424,0.460000,-0.100000,-0.480000,1.000000,2.180185,-2.975081
40445.100000,-0.767868,0.072829,1.502246,0.050000,1.700000,-0.110000,1.000000,2.227738,-3.016941
40445.200000,-0.930275,0.144033,1.455684,0.330000,-0.610000,-0.110000,1.000000,2.379404,-3.029550
40445.300000,-0.930558,0.162533,1.455471,-0.080000,0.330000,0.060000,1.000000,2.337612,-3.044800
40445.400000,-0.868336,0.147749,1.498231,-0.150000,-0.180000,-0.020000,1.000000,2.287389,-3.044768
40445.500000,-0.861130,0.157077,1.505461,-0.190000,-0.050000,0.020000,1.000000,2.291717,-3.044623
40445.600000,-0.805714,0.035040,1.549673,-0.470000,-0.350000,0.030000,1.000000,2.278472,-3.002461
40445.700000,-0.794559,-0.014203,1.577388,-0.420000,-0.720000,0.110000,1.000000,2.281001,-2.996459
40445.800000,-0.587976,-0.091848,1.663285,-0.340000,-1.530000,0.140000,1.000000,2.212608,-2.956332
40445.900000,-0.259388,-0.168198,1.613843,-0.390000,-2.090000,0.240000,1.000000,2.101993,-2.906404
40446.000000,0.196580,-0.195271,1.782178,-0.760000,-1.640000,0.470000,1.000000,1.975822,-2.832602
40446.100000,0.123378,-0.477778,1.678897,-0.220000,0.560000,0.080000,1.000000,1.970858,-2.780153
40446.200000,-0.038761,-0.511321,1.554614,0.180000,0.560000,-0.120000,1.000000,2.025944,-2.772653
40446.300000,0.051933,-0.341052,1.654039,0.430000,-0.870000,0.010000,1.000000,1.996086,-2.832115
40446.400000,0.114017,-0.304536,1.657922,0.620000,0.440000,-0.130000,1.000000,1.941643,-2.843752
40446.500000,-0.091086,-0.166493,1.624426,0.420000,0.350000,0.000000,1.000000,1.934307,-2.858842
40446.600000,-0.118092,-0.078448,1.565236,0.260000,-0.150000,0.070000,1.000000,1.922698,-2.934748
40446.700000,0.041345,-0.014830,1.556190,0.020000,0.150000,-0.090000,1.000000,1.921536,-2.937658
40446.800000,-0.203049,0.049221,1.574657,-0.360000,0.510000,0.030000,1.000000,1.910890,-2.964946
40446.900000,-0.234972,-0.089691,1.672917,-0.490000,0.210000,-0.150000,1.000000,1.966775,-2.957150
40447.000000,-0.285928,-0.183099,1.649993,-0.720000,1.120000,0.060000,1.000000,2.006445,-2.919343
40447.100000,-0.473335,-0.286822,1.692699,-0.870000,1.170000,-0.200000,1.000000,2.077101,-2.942975
40447.200000,-0.579937,-0.377807,1.656087,-1.140000,0.770000,-0.190000,1.000000,2.164624,-2.931310
40447.300000,-0.580338,-0.597477,1.674086,-1.240000,0.600000,-0.230000,1.000000,2.224891,-2.887434
40447.400000,-0.697806,-0.771357,1.702556,-0.740000,0.240000,-0.360000,1.000000,2.288833,-2.871634
40447.500000,-0.800597,-0.806288,1.563148,-0.080000,0.310000,-0.160000,1.000000,2.333863,-2.867347
40447.600000,-0.867253,-0.768239,1.395809,-0.050000,0.400000,-0.120000,1.000000,2.345209,-2.867616
40447.700000,-0.756965,-0.827272,1.504447,-0.070000,-0.190000,-0.020000,1.000000,2.387808,-2.852438
40447.800000,-0.825089,-0.788536,1.558419,0.000000,-0.030000,0.070000,1.000000,2.356878,-2.869146
40447.900000,-0.678621,-0.824586,1.744871,0.720000,-0.930000,0.080000,1.000000,2.353842,-2.841463
40448.000000,-0.599741,-0.659704,1.766685,1.100000,-0.690000,-0.000000,1.000000,2.293945,-2.858453
40448.100000,-0.577044,-0.584446,1.784579,1.470000,-0.950000,0.200000,1.000000,2.215978,-2.865086
40448.200000,-0.390095,-0.376976,1.595893,1.620000,-1.470000,0.170000,1.000000,2.105019,-2.875670
40448.300000,-0.197218,-0.104916,1.417374,1.030000,-0.980000,0.160000,1.000000,1.986088,-2.914428
40448.400000,-0.038143,0.021776,1.398910,0.010000,-0.550000,0.080000,1.000000,1.905585,-2.923368
40448.500000,-0.046621,-0.176209,1.512604,-0.380000,-0.190000,0.080000,1.000000,1.880992,-2.902724
40448.600000,0.052787,-0.241104,1.606827,-0.320000,-0.130000,0.020000,1.000000,1.894616,-2.854626
40448.700000,0.098033,-0.310842,1.635005,-0.200000,-0.050000,0.040000,1.000000,1.910527,-2.829922
40448.800000,0.169568,-0.378562,1.691383,-0.240000,0.150000,0.010000,1.000000,1.947506,-2.792759
40448.900000,0.013143,-0.335523,1.585776,-0.200000,0.370000,-0.050000,1.000000,1.987531,-2.825884
40449.000000,-0.068371,-0.460189,1.528120,-0.140000,-0.290000,0.080000,1.000000,2.025512,-2.783552
40449.100000,0.297881,-0.309580,1.574463,0.280000,-2.030000,-0.200000,1.000000,1.970737,-2.798364
40449.200000,0.196626,-0.346196,1.670990,0.380000,1.280000,-0.200000,1.000000,1.897173,-2.769030
40449.300000,0.127046,-0.202761,1.587264,0.300000,0.340000,-0.440000,1.000000,1.919354,-2.849494
40449.400000,-0.074727,-0.063638,1.620555,0.450000,0.890000,-0.160000,1.000000,1.943553,-2.899295
40449.500000,-0.524419,-0.173600,1.811539,0.460000,3.160000,-0.100000,1.000000,2.051600,-2.926072
40449.600000,-0.554305,-0.043700,1.590501,0.460000,0.190000,-0.340000,1.000000,2.184932,-2.966201
40449.700000,-0.793636,0.020847,2.359931,0.310000,2.240000,-0.310000,1.000000,2.212875,-3.007441
40449.800000,-0.888996,0.108175,1.485952,0.290000,-0.400000,-0.180000,1.000000,2.363848,-3.024636
40449.900000,-1.017336,0.180647,1.409162,-0.080000,0.010000,0.020000,1.000000,2.377125,-3.052580
40450.000000,-0.922387,0.167256,1.477608,-0.130000,-0.060000,0.050000,1.000000,2.320312,-3.053123
40450.100000,-0.902216,0.158715,1.492836,-0.280000,-0.300000,0.070000,1.000000,2.326129,-3.041555
40450.200000,-0.851036,0.102158,1.498995,-0.460000,-0.400000,0.080000,1.000000,2.315200,-3.030023
40450.300000,-0.788475,-0.028349,1.547455,-0.470000,-0.610000,0.120000,1.000000,2.279008,-2.986692
40450.400000,-0.644267,-0.062936,1.600534,-0.260000,-1.040000,0.110000,1.000000,2.238281,-2.972551
40450.500000,-0.488025,-0.111984,1.637448,-0.210000,-1.070000,0.130000,1.000000,2.165850,-2.943258
40450.600000,-0.316506,-0.159536,1.603686,-0.220000,-1.420000,0.130000,1.000000,2.105218,-2.913746
40450.700000,-0.086372,-0.259303,1.669842,-0.220000,-0.990000,0.170000,1.000000,2.021830,-2.857458
40450.800000,0.157754,-0.174782,1.527343,-0.320000,-0.750000,0.320000,1.000000,1.934711,-2.832329
40450.900000,0.260118,-0.396870,1.678006,-0.180000,0.080000,-0.070000,1.000000,1.922740,-2.755098
40451.000000,-0.025715,-0.490511,1.588708,-0.050000,1.170000,-0.020000,1.000000,1.991904,-2.773493
40451.100000,-0.013181,-0.430390,1.579222,0.340000,-0.700000,-0.170000,1.000000,1.995668,-2.813922
40451.200000,-0.126965,-0.495142,1.688906,0.350000,0.540000,-0.050000,1.000000,1.945056,-2.815334
40451.300000,0.067313,-0.205222,1.563271,0.690000,-0.280000,0.090000,1.000000,1.963685,-2.857449
40451.400000,-0.058445,-0.049253,1.500558,0.160000,0.350000,0.010000,1.000000,1.907296,-2.887098
40451.500000,-0.092950,-0.065495,1.626712,-0.280000,0.300000,-0.070000,1.000000,1.916011,-2.883240
40451.600000,-0.200960,-0.133396,1.576254,-0.640000,0.530000,-0.060000,1.000000,1.968911,-2.878111
40451.700000,-0.236435,-0.192168,1.646880,-0.880000,0.890000,0.050000,1.000000,2.001393,-2.894121
40451.800000,-0.282151,-0.340476,1.718475,-0.960000,0.550000,0.010000,1.000000,2.074761,-2.867113
40451.900000,-0.315876,-0.481069,1.750801,-0.990000,0.700000,0.010000,1.000000,2.106167,-2.855897
40452.000000,-0.389911,-0.678355,1.777723,-1.010000,0.390000,-0.010000,1.000000,2.144709,-2.840597
40452.100000,-0.509013,-0.721737,1.706061,-0.530000,0.350000,-0.040000,1.000000,2.203759,-2.840998
40452.200000,-0.561115,-0.738268,1.616749,-0.270000,0.390000,-0.120000,1.000000,2.207272,-2.852565
40452.300000,-0.600538,-0.739206,1.632097,-0.200000,0.030000,-0.030000,1.000000,2.203460,-2.867079
40452.400000,-0.631567,-0.746153,1.549467,0.010000,0.110000,-0.040000,1.000000,2.227990,-2.873568
40452.500000,-0.646376,-0.785282,1.531375,-0.070000,0.030000,-0.010000,1.000000,2.237006,-2.860154
40452.600000,-0.603406,-0.794136,1.591482,-0.080000,0.110000,-0.030000,1.000000,2.245770,-2.838762
40452.700000,-0.643792,-0.803281,1.560875,0.070000,-0.170000,0.030000,1.000000,2.253555,-2.856702
40452.800000,-0.561671,-0.888435,1.865476,0.570000,-0.640000,0.040000,1.000000,2.269977,-2.831692
40452.900000,-0.454241,-0.739183,1.809532,1.260000,-0.820000,-0.150000,1.000000,2.255225,-2.811827
40453.000000,-0.505627,-0.629922,1.765247,1.460000,-0.810000,0.130000,1.000000,2.182292,-2.830027
40453.100000,-0.377472,-0.452205,1.649350,1.480000,-1.100000,0.120000,1.000000,2.108919,-2.855481
40453.200000,-0.129570,-0.120958,1.458334,1.030000,-1.000000,0.040000,1.000000,1.975545,-2.898934
40453.300000,-0.015871,-0.096539,1.443000,0.180000,-0.940000,-0.070000,1.000000,1.907770,-2.898675
40453.400000,0.023969,-0.139415,1.422317,-0.320000,-0.290000,0.150000,1.000000,1.839485,-2.891153
40453.500000,0.121659,-0.292796,1.557682,-0.570000,-0.160000,0.200000,1.000000,1.897903,-2.824645
40453.600000,0.167961,-0.393660,1.621617,-0.380000,-0.290000,0.070000,1.000000,1.897717,-2.803551
40453.700000,0.186607,-0.469144,1.581236,-0.240000,-0.210000,-0.040000,1.000000,1.947989,-2.761126
40453.800000,0.154776,-0.463781,1.671350,-0.000000,-0.120000,-0.040000,1.000000,1.954736,-2.768986
40453.900000,0.231541,-0.351307,1.616987,0.130000,0.070000,-0.070000,1.000000,1.935735,-2.765492
40454.000000,0.225595,-0.370930,1.568908,0.230000,0.360000,-0.070000,1.000000,1.884644,-2.781410
40454.100000,0.171028,-0.250827,1.711079,0.320000,0.700000,-0.290000,1.000000,1.915060,-2.821326
40454.200000,-0.016750,-0.215397,1.726281,0.310000,1.130000,-0.250000,1.000000,1.928908,-2.858625
40454.300000,-0.112113,-0.086169,1.486839,0.150000,0.480000,-0.260000,1.000000,1.994217,-2.880738
40454.400000,-0.539076,-0.044886,1.749331,0.260000,2.190000,-0.140000,1.000000,2.065843,-2.950703
40454.500000,-0.497377,-0.036829,1.621491,0.280000,0.350000,-0.120000,1.000000,2.146611,-2.966819
40454.600000,-0.689294,0.040613,1.570993,0.140000,1.580000,-0.150000,1.000000,2.206456,-2.985780
40454.700000,-1.043881,0.155859,1.397044,0.450000,-0.090000,0.160000,1.000000,2.361101,-3.016492
40454.800000,-0.910385,0.174952,1.483482,0.020000,0.420000,0.060000,1.000000,2.339997,-3.040095
40454.900000,-0.935511,0.120711,1.456911,-0.160000,-0.260000,-0.010000,1.000000,2.349500,-3.038040
40455.000000,-0.892100,0.095256,1.516826,-0.280000,-0.070000,0.040000,1.000000,2.271460,-3.028778
40455.100000,-0.921298,0.062362,1.492370,-0.370000,-0.080000,-0.020000,1.000000,2.323487,-3.017726
40455.200000,-0.881045,-0.037601,1.501513,-0.330000,-0.370000,-0.020000,1.000000,2.321541,-2.997823
40455.300000,-0.770744,-0.033059,1.588369,-0.110000,-0.610000,0.010000,1.000000,2.275407,-2.976292
40455.400000,-0.686491,-0.094106,1.589972,-0.150000,-0.450000,0.070000,1.000000,2.252695,-2.959280
40455.500000,-0.609156,-0.096828,1.654462,-0.060000,-0.940000,0.070000,1.000000,2.211472,-2.959794
40455.600000,-0.439857,-0.148872,1.637750,-0.130000,-0.990000,0.080000,1.000000,2.158506,-2.922124
40455.700000,-0.280431,-0.202994,1.637828,-0.180000,-0.900000,0.100000,1.000000,2.060441,-2.879068
40455.800000,-0.116876,-0.252746,1.682946,-0.090000,-0.790000,0.150000,1.000000,2.032353,-2.847865
40455.900000,0.071789,-0.186972,1.394604,-0.440000,-1.270000,0.170000,1.000000,1.974652,-2.840030
40456.000000,0.068845,-0.292568,1.674399,-0.180000,0.150000,0.060000,1.000000,1.943111,-2.797531
40456.100000,0.165720,-0.369940,1.677670,0.020000,-0.310000,0.100000,1.000000,1.933850,-2.797509
40456.200000,0.079184,-0.447238,1.711494,0.390000,0.460000,0.160000,1.000000,1.958952,-2.807255
40456.300000,0.123086,-0.308503,1.607890,0.660000,0.010000,-0.080000,1.000000,1.918968,-2.814792
40456.400000,0.002521,-0.202128,1.567705,0.480000,0.440000,-0.090000,1.000000,1.899409,-2.864247
40456.500000,-0.013957,-0.026198,1.603327,0.340000,0.190000,-0.130000,1.000000,1.862057,-2.926294
40456.600000,-0.062182,0.058023,1.559218,-0.030000,0.430000,-0.460000,1.000000,1.879822,-2.933185
40456.700000,-0.217848,0.055424,1.532633,-0.700000,0.800000,0.030000,1.000000,1.877794,-2.948134
40456.800000,-0.182454,-0.031418,1.739004,-0.770000,0.290000,-0.040000,1.000000,1.940251,-2.935071
40456.900000,-0.341562,-0.117831,1.650539,-0.650000,1.490000,-0.420000,1.000000,1.998502,-2.905723
40457.000000,-0.501379,-0.306961,1.718733,-1.020000,0.410000,-0.160000,1.000000,2.110016,-2.900740
40457.100000,-0.508254,-0.429239,1.738157,-0.970000,0.480000,-0.180000,1.000000,2.155472,-2.866637
40457.200000,-0.615109,-0.569702,1.655896,-1.030000,0.640000,-0.210000,1.000000,2.192587,-2.856806
40457.300000,-0.723485,-0.738612,1.625447,-0.760000,-0.180000,-0.110000,1.000000,2.293581,-2.851513
40457.400000,-0.640643,-0.831042,1.614166,-0.360000,-0.270000,-0.010000,1.000000,2.268030,-2.821080
40457.500000,-0.644597,-0.791919,1.505228,-0.270000,-0.060000,0.210000,1.000000,2.254563,-2.834104
40457.600000,-0.614017,-0.819888,1.550829,-0.250000,-0.110000,0.080000,1.000000,2.229892,-2.839262
40457.700000,-0.620089,-0.816233,1.502354,-0.130000,-0.020000,0.000000,1.000000,2.243448,-2.836641
40457.800000,-0.644952,-0.870546,1.508738,-0.100000,-0.090000,0.040000,1.000000,2.266730,-2.837434
40457.900000,-0.585747,-0.843602,1.563220,-0.100000,-0.110000,-0.000000,1.000000,2.257644,-2.833314
40458.000000,-0.579433,-0.898071,1.600019,0.020000,-0.270000,0.120000,1.000000,2.276498,-2.825110
40458.100000,-0.448819,-0.849638,1.771935,0.700000,-0.510000,-0.030000,1.000000,2.246586,-2.801217
40458.200000,-0.447092,-0.807869,1.757042,1.170000,-0.930000,0.120000,1.000000,2.218043,-2.796597
40458.300000,-0.288997,-0.593670,1.750968,1.550000,-1.460000,0.130000,1.000000,2.112952,-2.829453
40458.400000,-0.157934,-0.416658,1.638190,1.490000,-1.290000,0.130000,1.000000,2.030167,-2.825893
40458.500000,0.053152,-0.181224,1.506876,0.950000,-1.010000,-0.010000,1.000000,1.894314,-2.854438
40458.600000,0.156259,-0.152973,1.408805,0.280000,-0.680000,-0.170000,1.000000,1.830540,-2.866369
40458.700000,0.268883,-0.139120,1.452762,-0.210000,-0.240000,0.020000,1.000000,1.753843,-2.850332
40458.800000,0.326999,-0.293191,1.482667,-0.580000,-0.250000,0.120000,1.000000,1.801233,-2.784053
40458.900000,0.381563,-0.422006,1.559002,-0.410000,-0.630000,-0.040000,1.000000,1.821965,-2.758372
40459.000000,0.450351,-0.452854,1.513789,-0.340000,0.160000,-0.060000,1.000000,1.845355,-2.705717
40459.100000,0.474207,-0.491579,1.529628,-0.180000,0.010000,-0.140000,1.000000,1.842497,-2.692982
40459.200000,0.419575,-0.408540,1.599351,0.270000,0.690000,-0.170000,1.000000,1.860976,-2.705402
40459.300000,0.238432,-0.359961,1.590812,0.330000,0.920000,-0.120000,1.000000,1.869868,-2.743814
40459.400000,0.144778,-0.310647,1.652350,0.430000,0.240000,-0.300000,1.000000,1.898497,-2.806859
40459.500000,0.217401,-0.197607,1.628440,0.230000,0.050000,-0.240000,1.000000,1.870350,-2.832347
40459.600000,0.043911,-0.142445,1.643119,0.220000,0.530000,-0.100000,1.000000,1.916028,-2.829793
40459.700000,-0.022598,-0.078197,1.525608,0.180000,0.860000,-0.340000,1.000000,1.950026,-2.887743
40459.800000,-0.320350,0.018323,1.826674,0.480000,1.060000,-0.340000,1.000000,1.993769,-2.926722
40459.900000,-0.406223,0.039011,1.650829,0.500000,0.510000,-0.300000,1.000000,2.043661,-2.958572
40460.000000,-0.606091,0.152624,1.628291,0.330000,0.950000,-0.170000,1.000000,2.123305,-3.000372
40460.100000,-0.693649,0.165796,1.574758,0.120000,1.090000,-0.130000,1.000000,2.189982,-3.022738
40460.200000,-0.915212,0.344939,1.509571,0.240000,-0.040000,0.070000,1.000000,2.272250,-3.068137
40460.300000,-0.820282,0.242660,1.501461,-0.030000,0.070000,0.070000,1.000000,2.268278,-3.059861
40460.400000,-0.846118,0.282232,1.501962,-0.230000,-0.230000,0.050000,1.000000,2.269577,-3.079270
40460.500000,-0.794295,0.257761,1.540296,-0.520000,-0.370000,0.120000,1.000000,2.239266,-3.074707
40460.600000,-0.731376,0.102503,1.656699,-0.500000,-0.650000,0.190000,1.000000,2.239435,-3.031201
40460.700000,-0.622291,0.034041,1.594173,-0.330000,-1.160000,0.180000,1.000000,2.236265,-2.991089
40460.800000,-0.395529,-0.019921,1.662687,-0.310000,-1.430000,0.280000,1.000000,2.100625,-2.951417
40460.900000,-0.126176,-0.122376,1.616730,-0.330000,-1.310000,0.300000,1.000000,2.006468,-2.903305
40461.000000,0.079746,-0.143503,1.157733,-0.370000,-1.300000,0.290000,1.000000,1.917023,-2.848232
40461.100000,0.211792,-0.292648,1.637388,-0.240000,-0.300000,0.130000,1.000000,1.872949,-2.797160
40461.200000,0.283467,-0.398752,1.602217,-0.050000,0.770000,0.050000,1.000000,1.903479,-2.779111
40461.300000,0.059877,-0.354512,1.684027,0.480000,0.150000,-0.020000,1.000000,1.927091,-2.811063
40461.400000,0.056353,-0.346007,1.528346,0.520000,0.240000,-0.060000,1.000000,1.883802,-2.847259
40461.500000,0.005733,-0.151862,1.514525,0.370000,0.760000,0.090000,1.000000,1.851253,-2.872369
40461.600000,0.019264,-0.077317,1.570696,0.070000,0.250000,0.100000,1.000000,1.864311,-2.916661
40461.700000,-0.059147,0.050530,1.583903,-0.510000,0.680000,0.160000,1.000000,1.870491,-2.942654
40461.800000,-0.101756,-0.036707,1.647517,-0.800000,0.620000,-0.010000,1.000000,1.942150,-2.930892
40461.900000,-0.167931,-0.208565,1.699925,-0.970000,0.990000,-0.060000,1.000000,1.972276,-2.900387
40462.000000,-0.334981,-0.363069,1.695031,-1.060000,1.040000,-0.330000,1.000000,2.047442,-2.884966
40462.100000,-0.484192,-0.574140,1.759275,-1.020000,0.780000,-0.140000,1.000000,2.130217,-2.857972
40462.200000,-0.550826,-0.688746,1.766641,-0.800000,0.230000,-0.050000,1.000000,2.207314,-2.852188
40462.300000,-0.601037,-0.731349,1.654436,-0.530000,0.690000,-0.030000,1.000000,2.214011,-2.859289
40462.400000,-0.656520,-0.751875,1.612458,-0.300000,0.200000,0.020000,1.000000,2.239067,-2.870947
40462.500000,-0.688339,-0.776427,1.530900,-0.200000,0.190000,-0.050000,1.000000,2.258411,-2.870573
40462.600000,-0.813051,-0.823369,1.547812,-0.110000,0.230000,0.070000,1.000000,2.286819,-2.892267
40462.700000,-0.795679,-0.780546,1.508277,0.060000,-0.450000,0.030000,1.000000,2.312916,-2.875934
40462.800000,-0.656244,-0.848018,1.664432,0.360000,-0.760000,0.060000,1.000000,2.292607,-2.844007
40462.900000,-0.527776,-0.818686,1.798122,0.870000,-1.000000,0.130000,1.000000,2.265144,-2.830595
40463.000000,-0.393507,-0.705138,1.730317,1.460000,-1.540000,-0.000000,1.000000,2.205872,-2.822015
40463.100000,-0.247977,-0.469068,1.629558,1.560000,-1.360000,0.040000,1.000000,2.076750,-2.834343
40463.200000,0.028178,-0.233577,1.521613,1.200000,-1.340000,-0.080000,1.000000,1.911752,-2.856351
40463.300000,0.139043,-0.127887,1.460553,0.560000,-0.960000,-0.050000,1.000000,1.862110,-2.869116
40463.400000,0.281956,-0.099780,1.425243,0.000000,-0.590000,-0.170000,1.000000,1.754761,-2.860436
40463.500000,0.216429,-0.209769,1.430826,-0.450000,-0.200000,0.140000,1.000000,1.766833,-2.853229
40463.600000,0.412362,-0.261595,1.570493,-0.510000,-0.220000,0.310000,1.000000,1.773086,-2.821044
40463.700000,0.484090,-0.367633,1.568957,-0.340000,0.090000,-0.140000,1.000000,1.834648,-2.768061
40463.800000,0.381650,-0.363559,1.605557,-0.190000,0.390000,-0.170000,1.000000,1.842267,-2.764040
40463.900000,0.276271,-0.319146,1.613752,0.350000,0.430000,-0.190000,1.000000,1.845816,-2.792358
40464.000000,0.190550,-0.303148,1.650304,0.510000,0.930000,-0.280000,1.000000,1.838561,-2.807226
40464.100000,0.076489,-0.182992,1.768476,0.370000,1.390000,-0.420000,1.000000,1.895776,-2.862594
40464.200000,-0.109373,-0.069249,1.660539,0.180000,1.780000,-0.290000,1.000000,1.946123,-2.903610
40464.300000,-0.374307,0.068690,1.661705,0.360000,0.750000,-0.240000,1.000000,2.041526,-2.958041
40464.400000,-0.554462,0.067162,1.557710,0.240000,1.070000,-0.230000,1.000000,2.162068,-3.000193
40464.500000,-0.708950,0.045827,2.604561,0.300000,1.690000,-0.270000,1.000000,2.228566,-3.046103
40464.600000,-0.730914,0.139769,1.557977,0.040000,-0.540000,-0.070000,1.000000,2.272843,-3.051684
40464.700000,-0.865074,0.139981,1.499582,-0.150000,0.040000,0.080000,1.000000,2.253057,-3.043883
40464.800000,-0.807328,0.122525,1.522158,-0.330000,-0.320000,0.070000,1.000000,2.294657,-3.028725
40464.900000,-0.700415,0.024318,1.581103,-0.440000,-0.560000,0.120000,1.000000,2.242941,-2.998782
40465.000000,-0.586890,-0.010299,1.599917,-0.200000,-1.010000,0.170000,1.000000,2.190282,-2.983495
40465.100000,-0.402723,-0.048984,1.656488,-0.260000,-1.020000,0.200000,1.000000,2.134057,-2.956343
40465.200000,-0.262248,-0.099793,1.666155,-0.280000,-1.640000,0.240000,1.000000,2.058356,-2.914138
40465.300000,0.026060,-0.153639,1.036821,-0.260000,-1.860000,0.330000,1.000000,1.990056,-2.873395
40465.400000,0.170055,-0.268058,1.647498,-0.220000,-0.350000,0.010000,1.000000,1.909337,-2.802451
40465.500000,0.239786,-0.353639,1.639380,0.070000,0.150000,-0.010000,1.000000,1.918539,-2.819490
40465.600000,0.142938,-0.397229,1.702539,0.810000,-0.060000,0.140000,1.000000,1.895363,-2.839276
40465.700000,0.237558,-0.218408,1.591060,0.930000,-0.540000,0.110000,1.000000,1.812099,-2.856345
40465.800000,0.213410,-0.037300,1.480319,0.660000,0.440000,0.230000,1.000000,1.724407,-2.947063
40465.900000,0.107182,0.073756,1.420115,-0.200000,0.170000,0.170000,1.000000,1.783839,-2.958403
40466.000000,0.100445,0.066101,1.566792,-0.820000,0.300000,0.100000,1.000000,1.807798,-2.973418
40466.100000,0.036869,-0.018533,1.704462,-0.930000,1.330000,-0.140000,1.000000,1.837071,-2.946853
40466.200000,-0.147506,-0.201087,1.726828,-0.970000,0.740000,-0.080000,1.000000,1.956227,-2.903882
40466.300000,-0.176567,-0.407506,1.760632,-1.000000,0.820000,-0.060000,1.000000,2.020749,-2.858807
40466.400000,-0.347152,-0.575634,1.758180,-0.930000,0.700000,0.020000,1.000000,2.091814,-2.857656
40466.500000,-0.348469,-0.714882,1.764468,-0.660000,0.410000,-0.070000,1.000000,2.122034,-2.821658
40466.600000,-0.437598,-0.706141,1.690559,-0.530000,0.500000,-0.020000,1.000000,2.147889,-2.859642
40466.700000,-0.487253,-0.777710,1.586001,-0.340000,-0.030000,-0.050000,1.000000,2.189495,-2.849764
40466.800000,-0.551935,-0.772522,1.597265,-0.180000,0.590000,-0.050000,1.000000,2.179620,-2.876200
40466.900000,-0.685050,-0.809539,1.548509,0.020000,0.070000,0.040000,1.000000,2.267079,-2.884753
40467.000000,-0.604836,-0.761906,1.533655,-0.130000,-0.080000,0.030000,1.000000,2.236892,-2.870567
40467.100000,-0.560141,-0.792275,1.672142,-0.040000,-0.560000,0.070000,1.000000,2.257372,-2.873590
40467.200000,-0.417622,-0.913828,1.871622,0.860000,-0.620000,-0.180000,1.000000,2.257014,-2.824879
40467.300000,-0.412207,-0.799105,1.887806,1.490000,-1.210000,0.080000,1.000000,2.177420,-2.829730
40467.400000,-0.253781,-0.572166,1.735874,1.620000,-1.650000,0.230000,1.000000,2.050912,-2.852324
40467.500000,-0.093266,-0.356713,1.517668,1.370000,-1.100000,0.130000,1.000000,1.962622,-2.873876
40467.600000,0.098032,-0.188366,1.434906,0.830000,-1.040000,-0.100000,1.000000,1.842567,-2.864005
40467.700000,0.267398,-0.084650,1.433370,0.180000,-0.390000,-0.230000,1.000000,1.759031,-2.897428
40467.800000,0.364365,-0.165374,1.427132,-0.610000,-0.300000,-0.150000,1.000000,1.749523,-2.863658
40467.900000,0.375330,-0.278320,1.528014,-0.670000,-0.100000,0.070000,1.000000,1.800448,-2.800415
40468.000000,0.450721,-0.361062,1.541509,-0.530000,-0.750000,0.020000,1.000000,1.785304,-2.769234
40468.100000,0.504911,-0.433744,1.516614,-0.360000,0.460000,-0.150000,1.000000,1.803718,-2.711640
40468.200000,0.473800,-0.555418,1.681653,0.390000,0.690000,-0.220000,1.000000,1.853898,-2.706245
40468.300000,0.294213,-0.381732,1.569752,0.440000,0.910000,-0.320000,1.000000,1.839314,-2.717213
40468.400000,0.325811,-0.140520,1.765992,0.410000,0.820000,-0.680000,1.000000,1.849132,-2.802647
40468.500000,0.005727,-0.078024,1.767280,0.360000,1.950000,-0.530000,1.000000,1.969102,-2.882879
40468.600000,-0.463780,-0.004037,1.617083,0.490000,0.750000,-0.270000,1.000000,2.071101,-2.952059
40468.700000,-0.453163,0.089837,1.622186,0.300000,1.290000,-0.250000,1.000000,2.116824,-3.004976
40468.800000,-0.870263,0.099518,1.275521,0.430000,1.400000,-0.090000,1.000000,2.256623,-3.023800
40468.900000,-0.769157,0.193836,1.541834,0.090000,-0.150000,-0.010000,1.000000,2.264191,-3.033940
40469.000000,-0.819217,0.210177,1.499599,-0.190000,-0.200000,0.070000,1.000000,2.270263,-3.051784
40469.100000,-0.814387,0.138890,1.525823,-0.260000,-0.290000,0.090000,1.000000,2.273455,-3.031342
40469.200000,-0.675732,0.105490,1.584746,-0.270000,-0.420000,0.050000,1.000000,2.223783,-3.018429
40469.300000,-0.672532,0.054399,1.588770,-0.290000,-0.770000,0.120000,1.000000,2.213999,-3.003085
40469.400000,-0.482919,0.053887,1.680676,-0.140000,-1.460000,0.240000,1.000000,2.118782,-3.000847
40469.500000,-0.184541,-0.048447,1.623216,-0.260000,-1.440000,0.240000,1.000000,2.025411,-2.926180
40469.600000,-0.033740,-0.087740,1.743186,-0.200000,-0.820000,0.380000,1.000000,1.944431,-2.913277
40469.700000,0.204521,-0.131407,1.680048,-0.460000,-1.540000,0.250000,1.000000,1.910497,-2.848644
40469.800000,0.298266,-0.262266,1.665619,-0.410000,0.240000,0.150000,1.000000,1.848100,-2.800470
40469.900000,0.209593,-0.422029,1.619592,0.040000,0.600000,-0.090000,1.000000,1.910221,-2.777783
40470.000000,0.029442,-0.411966,1.543633,0.600000,0.000000,0.050000,1.000000,1.971174,-2.796126
40470.100000,0.136384,-0.339059,1.537557,0.660000,-0.020000,0.140000,1.000000,1.872462,-2.831464
40470.200000,0.118226,-0.145671,1.463581,0.440000,0.040000,0.180000,1.000000,1.811096,-2.907696
40470.300000,0.087687,-0.035159,1.526746,-0.010000,0.850000,-0.080000,1.000000,1.806124,-2.916660
40470.400000,0.008854,0.099122,1.571609,-0.560000,0.860000,0.040000,1.000000,1.846854,-2.946374
40470.500000,0.001941,-0.042937,1.673739,-0.820000,0.630000,-0.100000,1.000000,1.886088,-2.915672
40470.600000,-0.145444,-0.182014,1.725154,-0.890000,0.920000,-0.340000,1.000000,1.972967,-2.880147
40470.700000,-0.248893,-0.346416,1.769741,-0.940000,0.960000,-0.110000,1.000000,2.013257,-2.884203
40470.800000,-0.356631,-0.543436,1.734266,-1.070000,0.980000,-0.020000,1.000000,2.097202,-2.852124
40470.900000,-0.466060,-0.645810,1.801634,-0.660000,0.650000,-0.230000,1.000000,2.145771,-2.859519
40471.000000,-0.630705,-0.666175,1.621666,-0.320000,0.650000,-0.120000,1.000000,2.217636,-2.856088
40471.100000,-0.677567,-0.709144,1.596774,-0.350000,0.050000,-0.120000,1.000000,2.270174,-2.885516
40471.200000,-0.697847,-0.779211,1.601805,-0.140000,0.500000,-0.050000,1.000000,2.243812,-2.881428
40471.300000,-0.747926,-0.766211,1.634073,-0.120000,-0.300000,0.050000,1.000000,2.290059,-2.883205
40471.400000,-0.595364,-0.766121,1.837630,0.450000,-1.080000,0.230000,1.000000,2.307517,-2.855738
40471.500000,-0.530646,-0.696689,1.825226,1.180000,-0.970000,0.240000,1.000000,2.222740,-2.840526
40471.600000,-0.344594,-0.489470,1.720409,1.330000,-1.800000,0.240000,1.000000,2.146890,-2.856724
40471.700000,-0.180064,-0.350327,1.581370,1.160000,-1.130000,0.050000,1.000000,2.001407,-2.869850
40471.800000,-0.041312,-0.249357,1.470570,0.860000,-1.210000,-0.040000,1.000000,1.918979,-2.861969
40471.900000,0.161748,-0.092349,1.460988,0.340000,-0.870000,-0.270000,1.000000,1.806174,-2.890602
40472.000000,0.238240,-0.171118,1.479389,-0.060000,-0.230000,-0.030000,1.000000,1.752611,-2.837113
40472.100000,0.295453,-0.221112,1.545235,-0.350000,-0.680000,0.250000,1.000000,1.752074,-2.858315
40472.200000,0.549766,-0.260923,1.496183,-0.270000,-0.290000,0.440000,1.000000,1.751530,-2.792204
40472.300000,0.471659,-0.320293,1.542170,-0.270000,0.870000,-0.130000,1.000000,1.757348,-2.783354
40472.400000,0.315700,-0.346485,1.573324,-0.180000,0.600000,-0.240000,1.000000,1.833025,-2.780055
40472.500000,0.162754,-0.387173,1.625883,-0.070000,0.670000,-0.150000,1.000000,1.904142,-2.791509
40472.600000,0.128316,-0.258220,1.654259,0.320000,-0.060000,-0.210000,1.000000,1.905514,-2.821324
40472.700000,0.140520,-0.078785,1.570572,0.460000,1.700000,-0.130000,1.000000,1.861136,-2.868028
40472.800000,-0.096716,0.013999,1.426257,0.400000,1.650000,-0.250000,1.000000,1.930265,-2.903485
40472.900000,-0.488985,0.127860,1.676054,0.590000,1.550000,-0.230000,1.000000,2.079172,-2.969827
40473.000000,-0.574397,0.182060,1.602891,0.520000,1.040000,-0.270000,1.000000,2.158952,-3.031569
40473.100000,-0.806439,0.232799,1.512115,0.300000,1.410000,-0.280000,1.000000,2.234258,-3.057838
40473.200000,-0.871509,0.286766,1.442217,0.270000,-0.080000,-0.130000,1.000000,2.317498,-3.097396
40473.300000,-0.947462,0.326885,1.416232,-0.230000,-0.100000,0.070000,1.000000,2.326597,-3.097886
40473.400000,-0.933802,0.271489,1.425504,-0.430000,-0.180000,0.080000,1.000000,2.341471,-3.082558
40473.500000,-0.874913,0.194173,1.498911,-0.580000,-0.090000,0.160000,1.000000,2.304121,-3.063024
40473.600000,-0.834109,0.090239,1.538044,-0.600000,-0.470000,0.110000,1.000000,2.301871,-3.034323
40473.700000,-0.757248,0.027681,1.544311,-0.360000,-0.670000,0.120000,1.000000,2.304438,-3.013104
40473.800000,-0.604920,-0.032284,1.603271,-0.300000,-0.980000,0.190000,1.000000,2.201918,-2.983282
40473.900000,-0.407506,-0.101102,1.557374,-0.360000,-0.940000,0.260000,1.000000,2.126754,-2.938788
40474.000000,-0.333690,-0.225005,1.678403,-0.410000,-0.310000,0.230000,1.000000,2.093128,-2.907526
40474.100000,-0.154994,-0.262167,1.750650,-0.070000,-1.050000,0.220000,1.000000,2.058440,-2.887715
40474.200000,-0.133419,-0.324568,1.662572,-0.300000,0.140000,-0.120000,1.000000,2.011290,-2.850538
40474.300000,0.066968,-0.378599,1.686667,-0.180000,-0.770000,-0.130000,1.000000,2.004730,-2.817906
40474.400000,0.009840,-0.478326,1.637067,0.230000,0.340000,0.040000,1.000000,1.986703,-2.794193
40474.500000,0.051044,-0.255200,1.665099,0.720000,0.300000,0.300000,1.000000,1.942103,-2.833787
40474.600000,-0.111101,-0.199399,1.538447,0.440000,-0.160000,0.680000,1.000000,1.933671,-2.874351
40474.700000,-0.007749,-0.129423,1.618503,0.380000,0.670000,0.260000,1.000000,1.900163,-2.912504
40474.800000,-0.048311,0.006674,1.596250,0.320000,0.490000,0.160000,1.000000,1.926836,-2.948273
40474.900000,-0.177630,0.073501,1.582508,-0.120000,0.540000,0.260000,1.000000,1.978991,-2.985482
40475.000000,-0.222035,0.023085,1.701255,-0.480000,0.230000,0.260000,1.000000,2.012338,-3.004495
40475.100000,-0.271583,-0.048427,1.758354,-0.420000,0.180000,0.110000,1.000000,2.039960,-2.998572
40475.200000,-0.114255,-0.151539,1.797985,-0.290000,-0.240000,0.310000,1.000000,2.032485,-2.972292
40475.300000,-0.146475,-0.199488,1.786630,-0.080000,0.330000,0.180000,1.000000,1.987091,-2.968160
40475.400000,-0.316493,-0.232426,1.770215,0.010000,0.740000,-0.110000,1.000000,2.044665,-2.957583
40475.500000,-0.405071,-0.189168,1.673909,-0.060000,0.410000,-0.050000,1.000000,2.089051,-2.988200
40475.600000,-0.432442,-0.155656,1.700565,-0.100000,0.110000,0.270000,1.000000,2.096789,-2.991627
40475.700000,-0.402084,-0.191572,1.693512,-0.040000,-0.110000,0.140000,1.000000,2.128201,-2.983260
40475.800000,-0.405720,-0.218504,1.710700,0.010000,-0.080000,0.090000,1.000000,2.093777,-2.981764
40475.900000,-0.445774,-0.165334,1.674468,0.030000,0.080000,0.070000,1.000000,2.114781,-3.015515
