Relative Time (to start of segment),aclx 1,aclx 2,aclx 3,aclx 4,aclx 5,acly 1,acly 2,acly 3,acly 4,acly 5,aclz 1,aclz 2,aclz 3,aclz 4,aclz 5,gyrx 1,gyrx 2,gyrx 3,gyrx 4,gyrx 5,gyry 1,gyry 2,gyry 3,gyry 4,gyry 5,gyrz 1,gyrz 2,gyrz 3,gyrz 4,gyrz 5,magr 1,magr 2,magr 3,magr 4,magr 5,magphi 1,magphi 2,magphi 3,magphi 4,magphi 5,magtheta 1,magtheta 2,magtheta 3,magtheta 4,magtheta 5,
0.000000,-1.401053,,,,,-1.738698,,,,,-1.752724,,,,,1.396364,,,,,-0.592467,,,,,1.073361,,,,,0.000000,,,,,-1.615622,,,,,1.364900,,,,,
0.041667,-1.609878,,,,,-1.504244,,,,,-1.490562,,,,,1.492897,,,,,-0.937636,,,,,1.478904,,,,,0.000000,,,,,-1.148200,,,,,1.022142,,,,,
0.083333,-1.441693,,,,,-1.200048,,,,,-1.183435,,,,,1.533964,,,,,-1.162111,,,,,1.684680,,,,,0.000000,,,,,-0.905159,,,,,0.785464,,,,,
0.125000,-1.148233,,,,,-0.921638,,,,,-0.909403,,,,,1.505164,,,,,-1.256667,,,,,1.712155,,,,,0.000000,,,,,-0.669735,,,,,0.532090,,,,,
0.166667,-0.939374,,,,,-0.648432,,,,,-0.630073,,,,,1.514764,,,,,-1.245136,,,,,1.688114,,,,,0.000000,,,,,-0.434846,,,,,0.303340,,,,,
0.208333,-0.723735,,,,,-0.374285,,,,,-0.356618,,,,,1.316363,,,,,-1.002980,,,,,1.330939,,,,,0.000000,,,,,-0.199788,,,,,0.051411,,,,,
0.291667,-0.535838,,,,,-0.101284,,,,,-0.079336,,,,,0.730761,,,,,-0.756211,,,,,0.633761,,,,,0.000000,,,,,0.035248,,,,,-0.185298,,,,,
0.333333,-0.347818,,,,,0.173497,,,,,0.198693,,,,,0.701961,,,,,-0.823092,,,,,0.647498,,,,,0.000000,,,,,0.270583,,,,,-0.433742,,,,,
0.375000,0.325111,,,,,0.392201,,,,,0.381875,,,,,0.666761,,,,,-0.892280,,,,,0.657802,,,,,0.000000,,,,,0.868491,,,,,-0.703484,,,,,
0.416667,0.603496,,,,,0.667490,,,,,0.656631,,,,,0.631561,,,,,-1.019123,,,,,0.709317,,,,,0.000000,,,,,1.104217,,,,,-0.974415,,,,,
0.458333,0.834677,,,,,0.967009,,,,,0.970625,,,,,0.563027,,,,,-1.165954,,,,,0.729637,,,,,0.000000,,,,,1.338185,,,,,-1.215236,,,,,
0.500000,1.464589,,,,,1.231085,,,,,1.204602,,,,,0.324360,,,,,-0.827705,,,,,0.280020,,,,,0.000000,,,,,1.335175,,,,,-1.307371,,,,,
0.526316,1.385705,,,,,1.222731,,,,,1.206343,,,,,0.308360,,,,,-0.668574,,,,,0.235373,,,,,0.000000,,,,,1.342424,,,,,-1.306837,,,,,
0.552632,1.320131,,,,,1.221824,,,,,1.205524,,,,,-0.123642,,,,,-0.364149,,,,,-0.159580,,,,,0.000000,,,,,1.341945,,,,,-1.288294,,,,,
0.578947,1.158328,,,,,1.178025,,,,,1.187621,,,,,-0.645244,,,,,-0.078174,,,,,-0.647262,,,,,0.000000,,,,,1.368453,,,,,-1.233706,,,,,
0.631579,1.210199,,,,,1.177713,,,,,1.176309,,,,,-0.734844,,,,,-0.064336,,,,,-0.606049,,,,,0.000000,,,,,1.369191,,,,,-1.242995,,,,,
0.657895,1.026430,,,,,1.084299,,,,,1.109383,,,,,-0.830844,,,,,0.097101,,,,,-0.630090,,,,,0.000000,,,,,0.779980,,,,,-1.042859,,,,,
0.684211,1.082273,,,,,1.079783,,,,,1.100351,,,,,-0.939645,,,,,0.288520,,,,,-0.650696,,,,,0.000000,,,,,0.781721,,,,,-1.061197,,,,,
0.710526,0.827283,,,,,0.957556,,,,,0.970318,,,,,-1.058045,,,,,0.503001,,,,,-0.674737,,,,,0.000000,,,,,0.567480,,,,,-0.641865,,,,,
0.736842,0.854422,,,,,0.736913,,,,,0.721108,,,,,-1.179379,,,,,0.867772,,,,,-0.693339,,,,,0.000000,,,,,0.204186,,,,,-0.128614,,,,,
0.763158,0.548451,,,,,0.414461,,,,,0.387945,,,,,-1.352446,,,,,1.374763,,,,,-1.055952,,,,,0.000000,,,,,-0.128599,,,,,0.187879,,,,,
0.789474,0.237292,,,,,0.139925,,,,,0.130653,,,,,-1.384446,,,,,1.533894,,,,,-1.268884,,,,,0.000000,,,,,-0.364367,,,,,0.429221,,,,,
0.815789,-0.000527,,,,,-0.130429,,,,,-0.130311,,,,,-1.432447,,,,,1.658431,,,,,-1.450906,,,,,0.000000,,,,,-0.602890,,,,,0.648877,,,,,
0.842105,-0.319035,,,,,-0.411298,,,,,-0.393912,,,,,-1.064445,,,,,1.577713,,,,,-1.237974,,,,,0.000000,,,,,-0.833708,,,,,0.884236,,,,,
0.894737,-0.464791,,,,,-0.642333,,,,,-0.653899,,,,,-0.539643,,,,,1.174119,,,,,-0.715949,,,,,0.000000,,,,,-1.093310,,,,,1.029649,,,,,
0.921053,-0.783201,,,,,-0.923395,,,,,-0.919205,,,,,-0.466043,,,,,1.065725,,,,,-0.688474,,,,,0.000000,,,,,-1.323717,,,,,1.268323,,,,,
0.947368,-0.751338,,,,,-1.106768,,,,,-1.137007,,,,,-0.347643,,,,,0.957332,,,,,-0.654130,,,,,0.000000,,,,,-0.967242,,,,,1.300654,,,,,
0.973684,-1.043818,,,,,-1.384130,,,,,-1.405404,,,,,-0.302842,,,,,0.941188,,,,,-0.794940,,,,,0.000000,,,,,-1.198922,,,,,1.552433,,,,,
1.000000,-1.368055,,,,,-1.557529,,,,,-1.566090,,,,,-0.284709,,,,,0.817035,,,,,-0.932601,,,,,0.000000,,,,,-1.221171,,,,,1.405295,,,,,
0.000000,,1.023632,,,,,-1.427273,,,,,-1.925999,,,,,-0.161088,,,,,0.164752,,,,,-0.123005,,,,,0.000000,,,,,0.020554,,,,,1.160179,,,,
0.023810,,0.566029,,,,,-1.353761,,,,,-1.755464,,,,,0.045907,,,,,-0.077332,,,,,0.085916,,,,,0.000000,,,,,-0.259228,,,,,1.212213,,,,
0.047619,,0.167932,,,,,-1.204928,,,,,-1.533790,,,,,0.264523,,,,,-0.274665,,,,,0.306061,,,,,0.000000,,,,,-0.062016,,,,,1.073052,,,,
0.071429,,-0.254440,,,,,-1.119533,,,,,-1.363412,,,,,0.473339,,,,,-0.504306,,,,,0.515344,,,,,0.000000,,,,,-0.341143,,,,,1.135641,,,,
0.095238,,-0.505448,,,,,-0.934957,,,,,-1.126975,,,,,0.689693,,,,,-0.696401,,,,,0.730420,,,,,0.000000,,,,,-0.155594,,,,,0.907609,,,,
0.142857,,-0.869041,,,,,-0.831678,,,,,-0.952853,,,,,0.905294,,,,,-0.888496,,,,,0.943324,,,,,0.000000,,,,,-0.437367,,,,,0.912294,,,,
0.166667,,-1.184995,,,,,-0.663342,,,,,-0.691949,,,,,1.119387,,,,,-1.080591,,,,,1.149710,,,,,0.000000,,,,,-0.253009,,,,,0.658270,,,,
0.190476,,-1.347217,,,,,-0.456756,,,,,-0.448329,,,,,1.331972,,,,,-1.267447,,,,,1.347406,,,,,0.000000,,,,,-0.068864,,,,,0.398287,,,,
0.214286,,-1.668126,,,,,-0.349913,,,,,-0.293517,,,,,1.344034,,,,,-1.252603,,,,,1.337268,,,,,0.000000,,,,,-0.348585,,,,,0.507092,,,,
0.238095,,-2.013675,,,,,-0.133828,,,,,0.052082,,,,,1.605870,,,,,-1.540891,,,,,1.603579,,,,,0.000000,,,,,0.021072,,,,,0.078573,,,,
0.261905,,-2.171110,,,,,0.279006,,,,,0.532412,,,,,1.772219,,,,,-1.726728,,,,,1.752937,,,,,0.000000,,,,,0.205904,,,,,-0.266550,,,,
0.285714,,-1.595630,,,,,0.501905,,,,,0.651076,,,,,1.573957,,,,,-1.511058,,,,,1.537137,,,,,0.000000,,,,,0.669161,,,,,-0.616602,,,,
0.309524,,-1.088483,,,,,0.650694,,,,,0.718817,,,,,1.364387,,,,,-1.321582,,,,,1.309026,,,,,0.000000,,,,,0.655609,,,,,-0.747971,,,,
0.333333,,-0.570170,,,,,0.861565,,,,,0.840367,,,,,1.166879,,,,,-1.091069,,,,,1.090329,,,,,0.000000,,,,,1.119662,,,,,-1.064656,,,,
0.380952,,-0.216659,,,,,0.977350,,,,,0.901948,,,,,0.952786,,,,,-0.896354,,,,,0.869459,,,,,0.000000,,,,,1.116770,,,,,-1.091347,,,,
0.404762,,0.275035,,,,,1.175717,,,,,1.012955,,,,,0.751509,,,,,-0.690289,,,,,0.647866,,,,,0.000000,,,,,1.581949,,,,,-1.381580,,,,
0.428571,,0.702004,,,,,1.302421,,,,,1.039014,,,,,0.553247,,,,,-0.477238,,,,,0.433514,,,,,0.000000,,,,,1.584297,,,,,-1.407070,,,,
0.452381,,1.002508,,,,,1.400757,,,,,1.083645,,,,,0.231353,,,,,-0.227515,,,,,0.190919,,,,,0.000000,,,,,1.582289,,,,,-1.415740,,,,
0.476190,,1.364613,,,,,1.537370,,,,,1.228682,,,,,-0.063653,,,,,-0.003331,,,,,-0.016131,,,,,0.000000,,,,,2.080028,,,,,-1.690600,,,,
0.500000,,1.850956,,,,,1.623885,,,,,1.255679,,,,,-0.595618,,,,,0.571425,,,,,-0.570899,,,,,0.000000,,,,,1.612055,,,,,-1.562092,,,,
0.526316,,1.570136,,,,,1.472506,,,,,1.219687,,,,,-0.727542,,,,,0.740818,,,,,-0.709214,,,,,0.000000,,,,,1.144152,,,,,-1.428054,,,,
0.552632,,1.273702,,,,,1.314253,,,,,1.179077,,,,,-0.857204,,,,,0.910211,,,,,-0.849702,,,,,0.000000,,,,,0.678153,,,,,-1.248508,,,,
0.578947,,1.125765,,,,,1.092074,,,,,1.028636,,,,,-0.986866,,,,,1.068252,,,,,-0.989465,,,,,0.000000,,,,,0.495186,,,,,-0.918383,,,,
0.631579,,0.841264,,,,,0.921989,,,,,0.989673,,,,,-1.118035,,,,,1.221055,,,,,-1.129228,,,,,0.000000,,,,,0.031109,,,,,-0.736314,,,,
0.657895,,0.786255,,,,,0.690110,,,,,0.800619,,,,,-1.240159,,,,,1.372112,,,,,-1.272612,,,,,0.000000,,,,,-0.147367,,,,,-0.550154,,,,
0.684211,,0.689598,,,,,0.456543,,,,,0.627579,,,,,-1.373590,,,,,1.510071,,,,,-1.411651,,,,,0.000000,,,,,-0.327912,,,,,-0.315505,,,,
0.710526,,0.386660,,,,,0.279093,,,,,0.581140,,,,,-1.507775,,,,,1.639298,,,,,-1.549242,,,,,0.000000,,,,,-0.792333,,,,,-0.119930,,,,
0.736842,,-0.207448,,,,,-0.023501,,,,,0.513305,,,,,-1.304047,,,,,1.416570,,,,,-1.370978,,,,,0.000000,,,,,-1.397310,,,,,0.136861,,,,
0.763158,,-0.402426,,,,,-0.410207,,,,,0.162295,,,,,-1.148943,,,,,1.256855,,,,,-1.264646,,,,,0.000000,,,,,-1.929870,,,,,0.504546,,,,
0.789474,,-0.274552,,,,,-0.556789,,,,,-0.093427,,,,,-1.034358,,,,,1.085716,,,,,-1.114745,,,,,0.000000,,,,,-1.646103,,,,,0.665800,,,,
0.815789,,-0.107948,,,,,-0.703256,,,,,-0.347556,,,,,-0.903942,,,,,0.952996,,,,,-0.975706,,,,,0.000000,,,,,-1.361418,,,,,0.798534,,,,
0.842105,,0.029584,,,,,-0.836264,,,,,-0.585770,,,,,-0.793880,,,,,0.754789,,,,,-0.812769,,,,,0.000000,,,,,-1.081865,,,,,0.934320,,,,
0.894737,,0.027152,,,,,-0.910922,,,,,-0.710795,,,,,-0.687588,,,,,0.548723,,,,,-0.651281,,,,,0.000000,,,,,-1.083767,,,,,0.913116,,,,
0.921053,,0.204547,,,,,-1.038499,,,,,-0.953362,,,,,-0.580541,,,,,0.340038,,,,,-0.490517,,,,,0.000000,,,,,-0.803090,,,,,1.020229,,,,
0.947368,,0.143703,,,,,-1.105853,,,,,-1.057420,,,,,-0.472741,,,,,0.132226,,,,,-0.329753,,,,,0.000000,,,,,-0.807237,,,,,1.095265,,,,
0.973684,,0.097713,,,,,-1.173410,,,,,-1.157155,,,,,-0.355141,,,,,-0.016210,,,,,-0.181300,,,,,0.000000,,,,,-0.809567,,,,,1.176087,,,,
1.000000,,0.348579,,,,,-1.302568,,,,,-1.420916,,,,,-0.233645,,,,,-0.141800,,,,,-0.037373,,,,,0.000000,,,,,-0.484306,,,,,1.273087,,,,
0.000000,,,0.701684,,,,,-1.115295,,,,,-1.273871,,,,,-0.379665,,,,,-0.133410,,,,,0.257108,,,,,0.000000,,,,,-1.207476,,,,,0.757354,,,
0.025000,,,0.563464,,,,,-1.096541,,,,,-1.233465,,,,,-0.353553,,,,,-0.058605,,,,,0.245200,,,,,0.000000,,,,,-1.194735,,,,,0.884975,,,
0.050000,,,0.570100,,,,,-1.096345,,,,,-1.237662,,,,,0.520890,,,,,-0.625659,,,,,0.744671,,,,,0.000000,,,,,-1.198732,,,,,0.865776,,,
0.075000,,,0.454922,,,,,-0.901595,,,,,-1.044829,,,,,0.851054,,,,,-0.894586,,,,,0.913910,,,,,0.000000,,,,,-0.962546,,,,,0.756869,,,
0.100000,,,0.390090,,,,,-0.699185,,,,,-0.841819,,,,,0.931129,,,,,-0.953643,,,,,0.965209,,,,,0.000000,,,,,-0.720577,,,,,0.682595,,,
0.125000,,,0.295668,,,,,-0.496144,,,,,-0.636182,,,,,0.965945,,,,,-1.020574,,,,,0.996354,,,,,0.000000,,,,,-0.501972,,,,,0.469587,,,
0.150000,,,0.272838,,,,,-0.291485,,,,,-0.412506,,,,,0.972908,,,,,-1.052071,,,,,1.003682,,,,,0.000000,,,,,-0.258431,,,,,0.377004,,,
0.200000,,,0.274347,,,,,-0.079996,,,,,-0.174777,,,,,1.345431,,,,,-1.279111,,,,,1.174066,,,,,0.000000,,,,,-0.016873,,,,,0.255238,,,
0.225000,,,0.220152,,,,,0.128153,,,,,0.032767,,,,,1.710991,,,,,-1.503527,,,,,1.341702,,,,,0.000000,,,,,0.200290,,,,,0.039902,,,
0.250000,,,0.170781,,,,,0.330075,,,,,0.247754,,,,,1.973846,,,,,-1.721380,,,,,1.471780,,,,,0.000000,,,,,0.420432,,,,,-0.178742,,,
0.275000,,,0.072080,,,,,0.520534,,,,,0.442724,,,,,1.979068,,,,,-1.713506,,,,,1.463535,,,,,0.000000,,,,,0.658562,,,,,-0.301613,,,
0.300000,,,0.398970,,,,,0.830414,,,,,0.731362,,,,,1.815002,,,,,-1.573629,,,,,1.347580,,,,,0.000000,,,,,0.891116,,,,,-0.713682,,,
0.325000,,,0.552913,,,,,1.254533,,,,,1.194668,,,,,1.054724,,,,,-1.099316,,,,,0.888261,,,,,0.000000,,,,,1.303220,,,,,-1.092303,,,
0.350000,,,0.792856,,,,,1.311837,,,,,1.277343,,,,,0.809276,,,,,-0.865714,,,,,0.753603,,,,,0.000000,,,,,1.285915,,,,,-1.184810,,,
0.375000,,,0.958870,,,,,1.361877,,,,,1.327720,,,,,0.729201,,,,,-0.777785,,,,,0.709633,,,,,0.000000,,,,,1.261844,,,,,-1.308364,,,
0.400000,,,1.178137,,,,,1.411939,,,,,1.367835,,,,,0.685682,,,,,-0.674108,,,,,0.681236,,,,,0.000000,,,,,1.259376,,,,,-1.333366,,,
0.450000,,,1.310214,,,,,1.456152,,,,,1.385937,,,,,0.595162,,,,,-0.565181,,,,,0.648258,,,,,0.000000,,,,,1.235213,,,,,-1.452310,,,
0.475000,,,1.355769,,,,,1.460157,,,,,1.367146,,,,,0.250491,,,,,-0.280396,,,,,0.472378,,,,,0.000000,,,,,1.218767,,,,,-1.520780,,,
0.500000,,,1.435680,,,,,1.469084,,,,,1.406206,,,,,-0.075031,,,,,0.029324,,,,,0.300162,,,,,0.000000,,,,,1.220001,,,,,-1.529340,,,
0.522727,,,1.247372,,,,,1.448138,,,,,1.388489,,,,,-0.313516,,,,,0.289173,,,,,0.165504,,,,,0.000000,,,,,1.219573,,,,,-1.522130,,,
0.545455,,,0.854654,,,,,1.342912,,,,,1.355798,,,,,-0.332809,,,,,0.240506,,,,,0.154359,,,,,0.000000,,,,,1.202827,,,,,-1.609816,,,
0.568182,,,0.328222,,,,,1.090208,,,,,1.171254,,,,,-0.437110,,,,,0.415161,,,,,-0.052514,,,,,0.000000,,,,,1.179191,,,,,-1.269172,,,
0.590909,,,-0.197981,,,,,0.863516,,,,,0.962895,,,,,-0.539815,,,,,0.579207,,,,,-0.183508,,,,,0.000000,,,,,1.023461,,,,,-0.904308,,,
0.613636,,,-0.492450,,,,,0.607491,,,,,0.714370,,,,,-0.628594,,,,,0.663199,,,,,-0.217401,,,,,0.000000,,,,,0.810765,,,,,-0.727401,,,
0.636364,,,-0.964121,,,,,0.369962,,,,,0.527921,,,,,-0.748706,,,,,0.850868,,,,,-0.480305,,,,,0.000000,,,,,0.600889,,,,,-0.402479,,,
0.681818,,,-1.430541,,,,,0.128406,,,,,0.334325,,,,,-0.853152,,,,,1.030663,,,,,-0.741377,,,,,0.000000,,,,,0.380793,,,,,-0.081805,,,
0.704545,,,-1.675188,,,,,-0.131891,,,,,0.103541,,,,,-0.846189,,,,,1.134341,,,,,-0.961227,,,,,0.000000,,,,,0.166360,,,,,0.063379,,,
0.727273,,,-2.014288,,,,,-0.343425,,,,,-0.072024,,,,,-0.945413,,,,,1.247205,,,,,-1.191154,,,,,0.000000,,,,,-0.063861,,,,,0.328779,,,
0.750000,,,-2.212102,,,,,-0.572577,,,,,-0.296861,,,,,-1.056821,,,,,1.324635,,,,,-1.414668,,,,,0.000000,,,,,-0.279106,,,,,0.565770,,,
0.772727,,,-1.883442,,,,,-0.762824,,,,,-0.532207,,,,,-1.151403,,,,,1.455544,,,,,-1.678717,,,,,0.000000,,,,,-0.566304,,,,,0.911892,,,
0.795455,,,-1.622493,,,,,-1.040854,,,,,-0.859269,,,,,-1.255268,,,,,1.566111,,,,,-1.821390,,,,,0.000000,,,,,-0.945978,,,,,1.380449,,,
0.818182,,,-1.244503,,,,,-1.070131,,,,,-0.936967,,,,,-1.230898,,,,,1.375817,,,,,-1.605205,,,,,0.000000,,,,,-1.139194,,,,,1.273347,,,
0.840909,,,-0.864452,,,,,-1.093040,,,,,-1.008969,,,,,-1.173453,,,,,1.168462,,,,,-1.457722,,,,,0.000000,,,,,-1.201254,,,,,1.149961,,,
0.863636,,,-0.718743,,,,,-1.085880,,,,,-1.028954,,,,,-1.058562,,,,,1.080534,,,,,-1.436653,,,,,0.000000,,,,,-1.208472,,,,,1.207523,,,
0.909091,,,-0.348279,,,,,-1.100350,,,,,-1.091311,,,,,-0.908857,,,,,0.891552,,,,,-1.194818,,,,,0.000000,,,,,-1.216991,,,,,1.091850,,,
0.931818,,,0.022912,,,,,-1.113252,,,,,-1.138108,,,,,-0.776559,,,,,0.693384,,,,,-0.943822,,,,,0.000000,,,,,-1.210637,,,,,1.009554,,,
0.954545,,,0.149343,,,,,-1.099509,,,,,-1.141859,,,,,-0.736521,,,,,0.474218,,,,,-0.691911,,,,,0.000000,,,,,-1.217659,,,,,1.080370,,,
0.977273,,,0.442110,,,,,-1.102239,,,,,-1.178891,,,,,-0.703447,,,,,0.265551,,,,,-0.450992,,,,,0.000000,,,,,-1.213685,,,,,1.005894,,,
1.000000,,,0.654437,,,,,-1.092831,,,,,-1.199522,,,,,-0.685459,,,,,0.016747,,,,,-0.174805,,,,,0.000000,,,,,-1.214108,,,,,0.974352,,,
0.000000,,,,0.598279,,,,,-1.203915,,,,,-1.276861,,,,,-0.304445,,,,,0.022363,,,,,-0.189998,,,,,0.000000,,,,,-0.884809,,,,,1.023862,,
0.009615,,,,0.268014,,,,,-1.198649,,,,,-1.122322,,,,,-0.067115,,,,,-0.065637,,,,,-0.031369,,,,,0.000000,,,,,-1.242113,,,,,1.163770,,
0.019231,,,,-0.036607,,,,,-1.202476,,,,,-1.002421,,,,,0.136452,,,,,-0.464066,,,,,0.237432,,,,,0.000000,,,,,-1.240149,,,,,1.288152,,
0.028846,,,,-0.453820,,,,,-1.127719,,,,,-0.806213,,,,,0.349805,,,,,-0.877071,,,,,0.518576,,,,,0.000000,,,,,-0.987759,,,,,1.241289,,
0.038462,,,,-0.770391,,,,,-1.129558,,,,,-0.695661,,,,,0.608177,,,,,-1.314371,,,,,0.840863,,,,,0.000000,,,,,-0.979561,,,,,1.356835,,
0.057692,,,,-1.122945,,,,,-1.126442,,,,,-0.576513,,,,,1.029011,,,,,-1.497389,,,,,1.202922,,,,,0.000000,,,,,-0.913384,,,,,1.547045,,
0.067308,,,,-1.360259,,,,,-1.139643,,,,,-0.460466,,,,,1.504651,,,,,-1.646394,,,,,1.637666,,,,,0.000000,,,,,-0.916043,,,,,1.624081,,
0.076923,,,,-1.702703,,,,,-1.026686,,,,,-0.260017,,,,,1.992035,,,,,-1.780823,,,,,2.072411,,,,,0.000000,,,,,-0.682370,,,,,1.447919,,
0.086538,,,,-2.045880,,,,,-0.912531,,,,,-0.062027,,,,,1.960717,,,,,-1.790541,,,,,2.061440,,,,,0.000000,,,,,-0.448819,,,,,1.278316,,
0.096154,,,,-2.386008,,,,,-0.937647,,,,,0.108826,,,,,1.773300,,,,,-1.692419,,,,,1.841553,,,,,0.000000,,,,,-1.159257,,,,,1.537755,,
0.105769,,,,-2.782422,,,,,-0.687754,,,,,0.468969,,,,,1.958760,,,,,-1.856946,,,,,2.014811,,,,,0.000000,,,,,-0.950083,,,,,1.358360,,
0.115385,,,,-2.509484,,,,,-0.464634,,,,,0.548824,,,,,1.823702,,,,,-1.738713,,,,,1.855724,,,,,0.000000,,,,,-0.358724,,,,,0.927677,,
0.125000,,,,-2.236271,,,,,-0.218832,,,,,0.666687,,,,,1.616221,,,,,-1.432603,,,,,1.612981,,,,,0.000000,,,,,-0.126584,,,,,0.517343,,
0.134615,,,,-1.848038,,,,,-0.042106,,,,,0.711899,,,,,1.377422,,,,,-1.162125,,,,,1.352408,,,,,0.000000,,,,,-0.144204,,,,,0.362251,,
0.153846,,,,-1.577741,,,,,0.210675,,,,,0.841717,,,,,1.075988,,,,,-0.930519,,,,,1.053435,,,,,0.000000,,,,,0.080912,,,,,0.020847,,
0.163462,,,,-1.285646,,,,,0.448658,,,,,0.979110,,,,,0.670813,,,,,-0.778274,,,,,0.685891,,,,,0.000000,,,,,0.249364,,,,,-0.409818,,
0.173077,,,,-1.112321,,,,,0.696536,,,,,1.100865,,,,,0.214746,,,,,-0.655182,,,,,0.241546,,,,,0.000000,,,,,0.486563,,,,,-0.706280,,
0.182692,,,,-0.809125,,,,,0.817016,,,,,1.144594,,,,,-0.251107,,,,,-0.519133,,,,,-0.213770,,,,,0.000000,,,,,0.488263,,,,,-0.749021,,
0.192308,,,,0.289670,,,,,1.210513,,,,,1.332381,,,,,-0.102799,,,,,-0.177267,,,,,-0.313779,,,,,0.000000,,,,,1.186004,,,,,-1.271654,,
0.201923,,,,0.539244,,,,,1.412745,,,,,1.407372,,,,,-0.108298,,,,,-0.146295,,,,,-0.308070,,,,,0.000000,,,,,1.695059,,,,,-1.598603,,
0.211538,,,,0.571076,,,,,1.409942,,,,,1.404279,,,,,-0.130690,,,,,-0.131329,,,,,-0.311690,,,,,0.000000,,,,,1.700559,,,,,-1.585760,,
0.221154,,,,0.522532,,,,,1.372461,,,,,1.375300,,,,,-0.219398,,,,,-0.052939,,,,,-0.366603,,,,,0.000000,,,,,1.440921,,,,,-1.461903,,
0.230769,,,,0.468644,,,,,1.270023,,,,,1.287197,,,,,-0.281407,,,,,0.058945,,,,,-0.442635,,,,,0.000000,,,,,1.336975,,,,,-1.333352,,
0.384615,,,,0.446530,,,,,1.071596,,,,,1.104617,,,,,-0.265938,,,,,0.133141,,,,,-0.454773,,,,,0.000000,,,,,1.150602,,,,,-1.141890,,
0.394231,,,,0.423679,,,,,0.970861,,,,,0.994207,,,,,-0.241923,,,,,0.229758,,,,,-0.453613,,,,,0.000000,,,,,1.050224,,,,,-1.054626,,
0.403846,,,,0.406577,,,,,0.867726,,,,,0.871594,,,,,-0.264282,,,,,0.222906,,,,,-0.451292,,,,,0.000000,,,,,0.950029,,,,,-0.941355,,
0.413462,,,,0.401501,,,,,0.762573,,,,,0.754570,,,,,-0.278360,,,,,0.188644,,,,,-0.454773,,,,,0.000000,,,,,0.850342,,,,,-0.859319,,
0.423077,,,,0.397645,,,,,0.659449,,,,,0.640926,,,,,-0.283328,,,,,0.194811,,,,,-0.453613,,,,,0.000000,,,,,0.749675,,,,,-0.770020,,
0.442308,,,,-0.223362,,,,,-0.608510,,,,,-0.704234,,,,,-0.640623,,,,,0.379760,,,,,-0.551143,,,,,0.000000,,,,,-0.779524,,,,,0.574471,,
0.451923,,,,-0.242886,,,,,-0.859326,,,,,-0.945938,,,,,-0.603433,,,,,0.392717,,,,,-0.522343,,,,,0.000000,,,,,-1.015178,,,,,0.786624,,
0.461538,,,,-0.220737,,,,,-1.089520,,,,,-1.187280,,,,,-0.560371,,,,,0.374902,,,,,-0.496285,,,,,0.000000,,,,,-1.263357,,,,,0.968534,,
0.471154,,,,-0.097383,,,,,-1.240861,,,,,-1.371893,,,,,-0.352890,,,,,0.316595,,,,,-0.390685,,,,,0.000000,,,,,-0.910570,,,,,0.971108,,
0.480769,,,,0.034840,,,,,-1.250725,,,,,-1.422261,,,,,-0.202173,,,,,0.133712,,,,,-0.259142,,,,,0.000000,,,,,-0.910541,,,,,0.936043,,
0.490385,,,,0.053260,,,,,-1.259358,,,,,-1.484905,,,,,-0.202173,,,,,0.122240,,,,,-0.241199,,,,,0.000000,,,,,-0.911064,,,,,0.885416,,
0.500000,,,,0.142098,,,,,-1.269171,,,,,-1.475930,,,,,-0.221747,,,,,0.093086,,,,,-0.257656,,,,,0.000000,,,,,-0.910333,,,,,0.865919,,
0.513158,,,,0.217286,,,,,-1.264744,,,,,-1.450083,,,,,-0.186514,,,,,0.130338,,,,,-0.249427,,,,,0.000000,,,,,-0.909881,,,,,0.843299,,
0.526316,,,,0.274787,,,,,-1.249567,,,,,-1.429124,,,,,0.024882,,,,,0.015344,,,,,-0.032741,,,,,0.000000,,,,,-0.911017,,,,,0.829469,,
0.552632,,,,0.301226,,,,,-1.238457,,,,,-1.418396,,,,,0.469204,,,,,-0.020288,,,,,0.337547,,,,,0.000000,,,,,-0.910141,,,,,0.818225,,
0.565789,,,,-0.111661,,,,,-1.169851,,,,,-1.276142,,,,,0.954631,,,,,-0.250275,,,,,0.779148,,,,,0.000000,,,,,-1.267511,,,,,0.963741,,
0.578947,,,,-0.136420,,,,,-1.079904,,,,,-1.206595,,,,,0.948759,,,,,-0.282667,,,,,0.759948,,,,,0.000000,,,,,-1.267758,,,,,0.968622,,
0.592105,,,,-0.201803,,,,,-0.862426,,,,,-1.024003,,,,,0.944844,,,,,-0.290766,,,,,0.754463,,,,,0.000000,,,,,-1.020958,,,,,0.830844,,
0.605263,,,,-0.310108,,,,,-0.681138,,,,,-0.816828,,,,,0.834905,,,,,-0.298324,,,,,0.661091,,,,,0.000000,,,,,-0.573088,,,,,0.506294,,
0.618421,,,,-0.292527,,,,,-0.387067,,,,,-0.520419,,,,,0.935057,,,,,-0.302103,,,,,0.779148,,,,,0.000000,,,,,-0.308693,,,,,0.266635,,
0.631579,,,,-0.220800,,,,,-0.147240,,,,,-0.276391,,,,,0.950716,,,,,-0.396041,,,,,0.840863,,,,,0.000000,,,,,-0.076172,,,,,0.034593,,
0.644737,,,,-0.161188,,,,,0.095231,,,,,-0.034240,,,,,0.964418,,,,,-0.460827,,,,,0.891606,,,,,0.000000,,,,,0.156117,,,,,-0.189372,,
0.657895,,,,-0.098729,,,,,0.331522,,,,,0.206419,,,,,0.974205,,,,,-0.468925,,,,,0.925892,,,,,0.000000,,,,,0.390692,,,,,-0.414217,,
0.684211,,,,-0.031128,,,,,0.577641,,,,,0.453619,,,,,0.786297,,,,,-0.258373,,,,,0.759948,,,,,0.000000,,,,,0.623097,,,,,-0.622657,,
0.697368,,,,0.035965,,,,,0.824232,,,,,0.701697,,,,,0.330231,,,,,-0.315060,,,,,0.432176,,,,,0.000000,,,,,0.855080,,,,,-0.836506,,
0.710526,,,,0.505689,,,,,1.012307,,,,,0.809646,,,,,-0.114091,,,,,-0.072116,,,,,0.012517,,,,,0.000000,,,,,1.445463,,,,,-1.176667,,
0.723684,,,,0.623044,,,,,1.183398,,,,,0.987368,,,,,-0.096475,,,,,-0.047821,,,,,0.013888,,,,,0.000000,,,,,1.677314,,,,,-1.420454,,
0.736842,,,,0.816740,,,,,1.255875,,,,,1.076584,,,,,-0.092723,,,,,0.077295,,,,,-0.046684,,,,,0.000000,,,,,1.658568,,,,,-1.511437,,
0.750000,,,,1.120646,,,,,1.503793,,,,,1.270098,,,,,-0.296127,,,,,0.233994,,,,,-0.143827,,,,,0.000000,,,,,1.645571,,,,,-1.593251,,
0.763158,,,,1.090873,,,,,1.496834,,,,,1.251068,,,,,-0.372464,,,,,0.243712,,,,,-0.191827,,,,,0.000000,,,,,1.652577,,,,,-1.553543,,
0.776316,,,,0.996348,,,,,1.457095,,,,,1.214157,,,,,-0.499693,,,,,0.374902,,,,,-0.294685,,,,,0.000000,,,,,1.678114,,,,,-1.446568,,
0.789474,,,,0.987615,,,,,1.453884,,,,,1.194961,,,,,-0.824616,,,,,0.737698,,,,,-0.755487,,,,,0.000000,,,,,1.678887,,,,,-1.453869,,
0.815789,,,,0.895192,,,,,1.364096,,,,,1.105427,,,,,-1.075159,,,,,1.197673,,,,,-1.194346,,,,,0.000000,,,,,1.095412,,,,,-1.126993,,
0.828947,,,,0.882188,,,,,1.245274,,,,,0.960945,,,,,-1.220004,,,,,1.863340,,,,,-1.534461,,,,,0.000000,,,,,0.861168,,,,,-0.820584,,
0.842105,,,,0.858050,,,,,1.239521,,,,,0.928417,,,,,-1.364849,,,,,2.051217,,,,,-1.627719,,,,,0.000000,,,,,0.862130,,,,,-0.790279,,
0.855263,,,,0.966245,,,,,1.109170,,,,,0.754303,,,,,-1.578202,,,,,2.187265,,,,,-1.712748,,,,,0.000000,,,,,0.636641,,,,,-0.634316,,
0.868421,,,,1.160009,,,,,0.906971,,,,,0.474227,,,,,-1.861857,,,,,2.289437,,,,,-1.786577,,,,,0.000000,,,,,0.304974,,,,,-0.438408,,
0.881579,,,,1.106121,,,,,0.597932,,,,,0.123108,,,,,-2.040140,,,,,2.196983,,,,,-1.870463,,,,,0.000000,,,,,-0.043508,,,,,-0.193976,,
0.894737,,,,1.043058,,,,,0.352527,,,,,-0.124544,,,,,-1.824830,,,,,1.916788,,,,,-1.738805,,,,,0.000000,,,,,-0.272759,,,,,-0.023065,,
0.907895,,,,1.022404,,,,,0.122481,,,,,-0.367601,,,,,-1.754365,,,,,1.814751,,,,,-1.708633,,,,,0.000000,,,,,-0.513447,,,,,0.103455,,
0.921053,,,,1.070805,,,,,-0.079896,,,,,-0.597587,,,,,-1.642795,,,,,1.693279,,,,,-1.656519,,,,,0.000000,,,,,-0.767345,,,,,0.178709,,
0.947368,,,,1.044370,,,,,-0.319823,,,,,-0.848678,,,,,-1.333531,,,,,1.319145,,,,,-1.235489,,,,,0.000000,,,,,-0.997678,,,,,0.334843,,
0.960526,,,,1.058152,,,,,-0.462814,,,,,-1.018503,,,,,-1.098647,,,,,0.797624,,,,,-0.819944,,,,,0.000000,,,,,-0.650083,,,,,0.204323,,
0.973684,,,,1.021912,,,,,-0.588447,,,,,-1.141956,,,,,-0.955759,,,,,0.140055,,,,,-0.530571,,,,,0.000000,,,,,-0.646233,,,,,0.062213,,
0.986842,,,,0.964846,,,,,-0.825536,,,,,-1.372271,,,,,-0.803085,,,,,0.055835,,,,,-0.482571,,,,,0.000000,,,,,-0.879842,,,,,0.236363,,
1.000000,,,,0.761233,,,,,-0.957584,,,,,-1.477676,,,,,-0.591526,,,,,-0.026631,,,,,-0.399942,,,,,0.000000,,,,,-0.886758,,,,,0.264515,,
0.000000,,,,,0.539149,,,,,-1.756134,,,,,-1.729107,,,,,1.228535,,,,,-0.709802,,,,,1.050269,,,,,0.000000,,,,,-1.982937,,,,,1.719381,
0.045455,,,,,0.306303,,,,,-1.441429,,,,,-1.441435,,,,,1.223989,,,,,-0.798625,,,,,1.105885,,,,,0.000000,,,,,-1.703186,,,,,1.511403,
0.090909,,,,,0.415219,,,,,-1.131479,,,,,-1.145062,,,,,1.230050,,,,,-0.759967,,,,,1.104459,,,,,0.000000,,,,,-1.381732,,,,,1.128762,
0.136364,,,,,0.486916,,,,,-0.822820,,,,,-0.851805,,,,,1.205807,,,,,-0.756285,,,,,1.093050,,,,,0.000000,,,,,-1.059174,,,,,0.759987,
0.181818,,,,,0.394869,,,,,-0.519944,,,,,-0.574441,,,,,1.214898,,,,,-0.756285,,,,,1.091624,,,,,0.000000,,,,,-0.734493,,,,,0.424442,
0.272727,,,,,0.327512,,,,,-0.212431,,,,,-0.291672,,,,,1.233080,,,,,-0.879625,,,,,1.151519,,,,,0.000000,,,,,-0.412680,,,,,0.107611,
0.318182,,,,,0.619547,,,,,0.084706,,,,,0.014470,,,,,0.908833,,,,,-0.840966,,,,,0.823526,,,,,0.000000,,,,,-0.082256,,,,,-0.294000,
0.363636,,,,,0.583619,,,,,0.389014,,,,,0.327179,,,,,0.939137,,,,,-0.958783,,,,,0.879142,,,,,0.000000,,,,,0.240195,,,,,-0.583533,
0.409091,,,,,1.504291,,,,,0.620878,,,,,0.536856,,,,,0.902773,,,,,-1.074760,,,,,0.899107,,,,,0.000000,,,,,1.066756,,,,,-1.057510,
0.454545,,,,,1.475905,,,,,0.968459,,,,,0.906432,,,,,0.834085,,,,,-1.236298,,,,,0.918240,,,,,0.000000,,,,,1.448667,,,,,-1.356274,
0.500000,,,,,1.325331,,,,,1.499372,,,,,1.442906,,,,,0.614890,,,,,-1.071078,,,,,0.757927,,,,,0.000000,,,,,2.050511,,,,,-1.958362,
0.526316,,,,,0.963543,,,,,1.419431,,,,,1.416119,,,,,0.414887,,,,,-0.704740,,,,,0.528332,,,,,0.000000,,,,,1.219066,,,,,-1.779142,
0.552632,,,,,0.499399,,,,,1.390044,,,,,1.397658,,,,,0.187611,,,,,-0.505923,,,,,0.342945,,,,,0.000000,,,,,1.230275,,,,,-1.679751,
0.578947,,,,,-0.068036,,,,,1.249710,,,,,1.272415,,,,,-0.191182,,,,,-0.069631,,,,,-0.073463,,,,,0.000000,,,,,1.157198,,,,,-0.968861,
0.631579,,,,,0.052656,,,,,1.083556,,,,,1.109546,,,,,-0.297244,,,,,0.438456,,,,,-0.419995,,,,,0.000000,,,,,0.833906,,,,,-0.629853,
0.657895,,,,,-0.602670,,,,,1.037201,,,,,1.115432,,,,,-0.427549,,,,,0.443979,,,,,-0.631051,,,,,0.000000,,,,,0.848772,,,,,-0.611526,
0.684211,,,,,-0.415212,,,,,0.851045,,,,,0.904698,,,,,-0.727554,,,,,0.836090,,,,,-0.917688,,,,,0.000000,,,,,0.541169,,,,,-0.393238,
0.710526,,,,,-0.413732,,,,,0.661288,,,,,0.690668,,,,,-1.079074,,,,,1.253973,,,,,-1.254237,,,,,0.000000,,,,,0.228724,,,,,-0.202340,
0.736842,,,,,-2.080168,,,,,0.626003,,,,,0.691867,,,,,-1.582616,,,,,1.755617,,,,,-1.659594,,,,,0.000000,,,,,0.407906,,,,,-0.174565,
0.763158,,,,,-2.186713,,,,,0.242538,,,,,0.294804,,,,,-1.742719,,,,,2.089740,,,,,-1.853181,,,,,0.000000,,,,,-0.061745,,,,,0.222359,
0.789474,,,,,-2.017662,,,,,-0.040704,,,,,0.002355,,,,,-1.548777,,,,,1.756538,,,,,-1.612177,,,,,0.000000,,,,,-0.391210,,,,,0.583985,
0.815789,,,,,-1.393789,,,,,-0.272879,,,,,-0.254948,,,,,-1.321501,,,,,1.384677,,,,,-1.339801,,,,,0.000000,,,,,0.121366,,,,,0.630459,
0.842105,,,,,-0.910702,,,,,-0.557171,,,,,-0.548466,,,,,-1.121499,,,,,1.034907,,,,,-1.091667,,,,,0.000000,,,,,-0.207962,,,,,0.857309,
0.894737,,,,,-0.524020,,,,,-0.722219,,,,,-0.705691,,,,,-0.739675,,,,,0.600455,,,,,-0.699502,,,,,0.000000,,,,,-0.460820,,,,,0.550269,
0.921053,,,,,-0.364492,,,,,-0.862103,,,,,-0.836992,,,,,-0.633613,,,,,0.118141,,,,,-0.388621,,,,,0.000000,,,,,-0.458095,,,,,0.467597,
0.947368,,,,,0.505327,,,,,-1.126209,,,,,-1.132556,,,,,-0.503308,,,,,0.263571,,,,,-0.261702,,,,,0.000000,,,,,-0.791227,,,,,0.741373,
0.973684,,,,,0.354258,,,,,-1.247980,,,,,-1.231360,,,,,-0.273002,,,,,-0.146948,,,,,0.022083,,,,,0.000000,,,,,-0.802376,,,,,0.916105,
1.000000,,,,,0.623351,,,,,-1.409744,,,,,-1.379869,,,,,0.050740,,,,,-0.706427,,,,,0.434569,,,,,0.000000,,,,,-0.864619,,,,,1.067914,
