Relative Time (to start of segment),aclx 1,aclx 2,aclx 3,aclx 4,aclx 5,aclx 6,acly 1,acly 2,acly 3,acly 4,acly 5,acly 6,aclz 1,aclz 2,aclz 3,aclz 4,aclz 5,aclz 6,gyrx 1,gyrx 2,gyrx 3,gyrx 4,gyrx 5,gyrx 6,gyry 1,gyry 2,gyry 3,gyry 4,gyry 5,gyry 6,gyrz 1,gyrz 2,gyrz 3,gyrz 4,gyrz 5,gyrz 6,magr 1,magr 2,magr 3,magr 4,magr 5,magr 6,magphi 1,magphi 2,magphi 3,magphi 4,magphi 5,magphi 6,magtheta 1,magtheta 2,magtheta 3,magtheta 4,magtheta 5,magtheta 6,
0.000000,0.024387,,,,,,0.056464,,,,,,-0.050913,,,,,,-0.011054,,,,,,0.030609,,,,,,0.028277,,,,,,0.000000,,,,,,-0.030309,,,,,,-0.036488,,,,,,
0.100000,0.020830,,,,,,0.052042,,,,,,-0.045140,,,,,,-0.032051,,,,,,0.044184,,,,,,0.008201,,,,,,0.000000,,,,,,-0.029052,,,,,,-0.033079,,,,,,
0.200000,0.015961,,,,,,0.044422,,,,,,-0.033737,,,,,,-0.053788,,,,,,0.054742,,,,,,-0.008087,,,,,,0.000000,,,,,,-0.022999,,,,,,-0.028273,,,,,,
0.300000,0.006765,,,,,,0.031336,,,,,,-0.029112,,,,,,-0.075525,,,,,,0.048206,,,,,,-0.017178,,,,,,0.000000,,,,,,-0.014819,,,,,,-0.018423,,,,,,
0.400000,0.001983,,,,,,0.012334,,,,,,0.000418,,,,,,-0.101255,,,,,,0.044435,,,,,,-0.037632,,,,,,0.000000,,,,,,-0.001986,,,,,,-0.008571,,,,,,
0.500000,-0.001451,,,,,,-0.011293,,,,,,0.034205,,,,,,-0.117373,,,,,,0.045441,,,,,,-0.053162,,,,,,0.000000,,,,,,0.014031,,,,,,0.001995,,,,,,
0.600000,-0.003391,,,,,,-0.037559,,,,,,0.050086,,,,,,-0.122548,,,,,,0.046949,,,,,,-0.044071,,,,,,0.000000,,,,,,0.034078,,,,,,0.013781,,,,,,
0.700000,-0.004350,,,,,,-0.060995,,,,,,0.039830,,,,,,-0.116781,,,,,,0.043681,,,,,,-0.037632,,,,,,0.000000,,,,,,0.052109,,,,,,0.025561,,,,,,
0.800000,-0.007043,,,,,,-0.083250,,,,,,0.017157,,,,,,-0.106430,,,,,,0.051976,,,,,,-0.033844,,,,,,0.000000,,,,,,0.068095,,,,,,0.038598,,,,,,
0.900000,-0.012675,,,,,,-0.102526,,,,,,-0.006834,,,,,,-0.091791,,,,,,0.048709,,,,,,-0.026647,,,,,,0.000000,,,,,,0.080774,,,,,,0.051860,,,,,,
1.000000,-0.016121,,,,,,-0.117476,,,,,,-0.020025,,,,,,-0.071385,,,,,,0.031363,,,,,,-0.018693,,,,,,0.000000,,,,,,0.088018,,,,,,0.064307,,,,,,
1.100000,-0.018266,,,,,,-0.128086,,,,,,-0.020447,,,,,,-0.045803,,,,,,0.025581,,,,,,-0.012632,,,,,,0.000000,,,,,,0.094069,,,,,,0.072823,,,,,,
1.200000,-0.021643,,,,,,-0.133451,,,,,,-0.031652,,,,,,-0.012976,,,,,,0.020051,,,,,,0.004413,,,,,,0.000000,,,,,,0.096987,,,,,,0.077890,,,,,,
1.300000,-0.023071,,,,,,-0.132516,,,,,,-0.040858,,,,,,0.018521,,,,,,-0.001065,,,,,,0.020701,,,,,,0.000000,,,,,,0.097039,,,,,,0.079166,,,,,,
1.400000,-0.025305,,,,,,-0.126977,,,,,,-0.037166,,,,,,0.046172,,,,,,-0.018410,,,,,,0.033201,,,,,,0.000000,,,,,,0.093042,,,,,,0.077249,,,,,,
1.500000,-0.027247,,,,,,-0.117372,,,,,,-0.037410,,,,,,0.067318,,,,,,-0.030225,,,,,,0.046079,,,,,,0.000000,,,,,,0.086568,,,,,,0.073997,,,,,,
1.600000,-0.025470,,,,,,-0.104826,,,,,,-0.032485,,,,,,0.081366,,,,,,-0.044303,,,,,,0.057822,,,,,,0.000000,,,,,,0.080913,,,,,,0.067760,,,,,,
1.700000,-0.018963,,,,,,-0.090533,,,,,,-0.030088,,,,,,0.093935,,,,,,-0.066424,,,,,,0.057064,,,,,,0.000000,,,,,,0.075451,,,,,,0.060603,,,,,,
1.800000,-0.012745,,,,,,-0.074644,,,,,,-0.024681,,,,,,0.101180,,,,,,-0.073212,,,,,,0.045701,,,,,,0.000000,,,,,,0.067657,,,,,,0.049223,,,,,,
1.900000,-0.007242,,,,,,-0.058016,,,,,,-0.023554,,,,,,0.103251,,,,,,-0.067933,,,,,,0.032064,,,,,,0.000000,,,,,,0.059247,,,,,,0.036379,,,,,,
2.000000,-0.001894,,,,,,-0.039525,,,,,,-0.047702,,,,,,0.097927,,,,,,-0.064916,,,,,,0.017292,,,,,,0.000000,,,,,,0.050493,,,,,,0.025384,,,,,,
2.100000,0.005118,,,,,,-0.021423,,,,,,-0.068789,,,,,,0.084323,,,,,,-0.060894,,,,,,0.008958,,,,,,0.000000,,,,,,0.040142,,,,,,0.013015,,,,,,
2.200000,0.014186,,,,,,-0.006843,,,,,,-0.076090,,,,,,0.065987,,,,,,-0.051844,,,,,,-0.003541,,,,,,0.000000,,,,,,0.033296,,,,,,0.001216,,,,,,
2.300000,0.022791,,,,,,0.004253,,,,,,-0.065956,,,,,,0.051200,,,,,,-0.048073,,,,,,-0.015284,,,,,,0.000000,,,,,,0.028183,,,,,,-0.010106,,,,,,
2.400000,0.031254,,,,,,0.013922,,,,,,-0.047044,,,,,,0.041441,,,,,,-0.037515,,,,,,-0.028541,,,,,,0.000000,,,,,,0.022810,,,,,,-0.020261,,,,,,
0.000000,,0.049318,,,,,,0.060901,,,,,,-0.044616,,,,,,0.006395,,,,,,-0.013885,,,,,,0.065397,,,,,,0.000000,,,,,,-0.032183,,,,,,-0.054277,,,,,
0.100000,,0.052748,,,,,,0.060190,,,,,,-0.063387,,,,,,-0.010906,,,,,,0.018040,,,,,,0.061231,,,,,,0.000000,,,,,,-0.029706,,,,,,-0.052515,,,,,
0.200000,,0.050355,,,,,,0.056953,,,,,,-0.071374,,,,,,-0.025989,,,,,,0.046446,,,,,,0.038882,,,,,,0.000000,,,,,,-0.026282,,,,,,-0.048090,,,,,
0.300000,,0.036323,,,,,,0.048801,,,,,,-0.070776,,,,,,-0.040184,,,,,,0.042927,,,,,,0.021080,,,,,,0.000000,,,,,,-0.023061,,,,,,-0.039840,,,,,
0.400000,,0.031870,,,,,,0.040603,,,,,,-0.054499,,,,,,-0.051422,,,,,,0.017789,,,,,,0.013504,,,,,,0.000000,,,,,,-0.015542,,,,,,-0.031464,,,,,
0.500000,,0.029956,,,,,,0.029475,,,,,,-0.030732,,,,,,-0.063696,,,,,,0.015023,,,,,,0.015019,,,,,,0.000000,,,,,,-0.002572,,,,,,-0.025216,,,,,
0.600000,,0.027304,,,,,,0.014378,,,,,,-0.014386,,,,,,-0.077448,,,,,,0.023319,,,,,,0.013883,,,,,,0.000000,,,,,,0.009534,,,,,,-0.016522,,,,,
0.700000,,0.022378,,,,,,-0.002223,,,,,,-0.002966,,,,,,-0.088094,,,,,,0.063791,,,,,,-0.014905,,,,,,0.000000,,,,,,0.022703,,,,,,-0.006707,,,,,
0.800000,,0.012776,,,,,,-0.020525,,,,,,0.005189,,,,,,-0.089129,,,,,,0.070327,,,,,,-0.025890,,,,,,0.000000,,,,,,0.034927,,,,,,0.004546,,,,,
0.900000,,0.005201,,,,,,-0.039287,,,,,,0.024683,,,,,,-0.087355,,,,,,0.041670,,,,,,-0.028541,,,,,,0.000000,,,,,,0.045178,,,,,,0.015356,,,,,
1.000000,,0.003710,,,,,,-0.056385,,,,,,0.037586,,,,,,-0.080257,,,,,,0.029101,,,,,,-0.017178,,,,,,0.000000,,,,,,0.055875,,,,,,0.024581,,,,,
1.100000,,0.005222,,,,,,-0.070569,,,,,,0.024200,,,,,,-0.074934,,,,,,0.040162,,,,,,-0.010738,,,,,,0.000000,,,,,,0.065297,,,,,,0.032878,,,,,
1.200000,,-0.000084,,,,,,-0.085194,,,,,,0.000058,,,,,,-0.071089,,,,,,0.055747,,,,,,-0.006193,,,,,,0.000000,,,,,,0.073520,,,,,,0.042024,,,,,
1.300000,,-0.004329,,,,,,-0.098119,,,,,,-0.025223,,,,,,-0.061921,,,,,,0.047954,,,,,,-0.008466,,,,,,0.000000,,,,,,0.079106,,,,,,0.052442,,,,,
1.400000,,-0.007284,,,,,,-0.107670,,,,,,-0.038099,,,,,,-0.046543,,,,,,0.046949,,,,,,-0.016041,,,,,,0.000000,,,,,,0.084230,,,,,,0.059480,,,,,
1.500000,,-0.011017,,,,,,-0.114984,,,,,,-0.044103,,,,,,-0.029094,,,,,,0.040162,,,,,,-0.008087,,,,,,0.000000,,,,,,0.086721,,,,,,0.065270,,,,,
1.600000,,-0.009941,,,,,,-0.119774,,,,,,-0.039620,,,,,,-0.008983,,,,,,0.008739,,,,,,0.002140,,,,,,0.000000,,,,,,0.090012,,,,,,0.069314,,,,,
1.700000,,-0.009628,,,,,,-0.118013,,,,,,-0.032050,,,,,,0.014084,,,,,,0.004968,,,,,,0.005171,,,,,,0.000000,,,,,,0.090415,,,,,,0.070268,,,,,
1.800000,,-0.009159,,,,,,-0.112413,,,,,,-0.026656,,,,,,0.035674,,,,,,-0.027209,,,,,,0.007443,,,,,,0.000000,,,,,,0.088576,,,,,,0.068530,,,,,
1.900000,,-0.008690,,,,,,-0.104409,,,,,,-0.009438,,,,,,0.055932,,,,,,-0.050084,,,,,,-0.000511,,,,,,0.000000,,,,,,0.083946,,,,,,0.063011,,,,,
2.000000,,-0.004739,,,,,,-0.093165,,,,,,0.005993,,,,,,0.075155,,,,,,-0.074971,,,,,,-0.000511,,,,,,0.000000,,,,,,0.079116,,,,,,0.054527,,,,,
2.100000,,0.004208,,,,,,-0.078353,,,,,,0.011206,,,,,,0.090682,,,,,,-0.088294,,,,,,-0.004299,,,,,,0.000000,,,,,,0.074938,,,,,,0.042537,,,,,
2.200000,,0.014247,,,,,,-0.060714,,,,,,0.012565,,,,,,0.100885,,,,,,-0.085781,,,,,,-0.008844,,,,,,0.000000,,,,,,0.068959,,,,,,0.029561,,,,,
2.300000,,0.021685,,,,,,-0.041171,,,,,,0.001346,,,,,,0.106652,,,,,,-0.094830,,,,,,-0.013769,,,,,,0.000000,,,,,,0.059900,,,,,,0.015498,,,,,
2.400000,,0.028222,,,,,,-0.021276,,,,,,-0.015404,,,,,,0.103103,,,,,,-0.086535,,,,,,-0.019450,,,,,,0.000000,,,,,,0.048908,,,,,,0.000158,,,,,
2.500000,,0.036591,,,,,,-0.002671,,,,,,-0.047464,,,,,,0.091569,,,,,,-0.079496,,,,,,-0.022481,,,,,,0.000000,,,,,,0.039118,,,,,,-0.016067,,,,,
2.600000,,0.044893,,,,,,0.013139,,,,,,-0.070565,,,,,,0.072198,,,,,,-0.054861,,,,,,-0.022102,,,,,,0.000000,,,,,,0.030794,,,,,,-0.030605,,,,,
2.700000,,0.054767,,,,,,0.025478,,,,,,-0.075671,,,,,,0.051644,,,,,,-0.037767,,,,,,-0.010738,,,,,,0.000000,,,,,,0.024281,,,,,,-0.042015,,,,,
0.000000,,,0.055778,,,,,,0.045700,,,,,,-0.066982,,,,,,-0.017264,,,,,,0.041418,,,,,,0.020701,,,,,,0.000000,,,,,,0.002407,,,,,,-0.049619,,,,
0.100000,,,0.048351,,,,,,0.042446,,,,,,-0.049178,,,,,,-0.030425,,,,,,0.059267,,,,,,0.006307,,,,,,0.000000,,,,,,0.002178,,,,,,-0.043245,,,,
0.200000,,,0.035967,,,,,,0.037023,,,,,,-0.042397,,,,,,-0.044325,,,,,,0.076612,,,,,,-0.014147,,,,,,0.000000,,,,,,0.002516,,,,,,-0.034376,,,,
0.300000,,,0.021004,,,,,,0.028378,,,,,,-0.033990,,,,,,-0.055711,,,,,,0.074098,,,,,,-0.030814,,,,,,0.000000,,,,,,0.002282,,,,,,-0.024518,,,,
0.400000,,,0.008384,,,,,,0.015789,,,,,,-0.006336,,,,,,-0.066653,,,,,,0.084907,,,,,,-0.046723,,,,,,0.000000,,,,,,0.006150,,,,,,-0.014024,,,,
0.500000,,,-0.006127,,,,,,0.000671,,,,,,0.010220,,,,,,-0.075821,,,,,,0.083148,,,,,,-0.053541,,,,,,0.000000,,,,,,0.012701,,,,,,-0.002234,,,,
0.600000,,,-0.019179,,,,,,-0.014023,,,,,,0.024448,,,,,,-0.084693,,,,,,0.072087,,,,,,-0.048617,,,,,,0.000000,,,,,,0.019514,,,,,,0.008124,,,,
0.700000,,,-0.032012,,,,,,-0.030488,,,,,,0.047109,,,,,,-0.086172,,,,,,0.069573,,,,,,-0.045208,,,,,,0.000000,,,,,,0.025929,,,,,,0.019577,,,,
0.800000,,,-0.042722,,,,,,-0.045713,,,,,,0.044162,,,,,,-0.079370,,,,,,0.068819,,,,,,-0.042178,,,,,,0.000000,,,,,,0.032487,,,,,,0.030025,,,,
0.900000,,,-0.053705,,,,,,-0.060225,,,,,,0.030441,,,,,,-0.069315,,,,,,0.058010,,,,,,-0.029678,,,,,,0.000000,,,,,,0.038690,,,,,,0.040606,,,,
1.000000,,,-0.058032,,,,,,-0.072869,,,,,,0.040409,,,,,,-0.052457,,,,,,0.032117,,,,,,-0.011496,,,,,,0.000000,,,,,,0.044374,,,,,,0.048097,,,,
1.100000,,,-0.059013,,,,,,-0.080786,,,,,,0.066443,,,,,,-0.028207,,,,,,0.009996,,,,,,0.008958,,,,,,0.000000,,,,,,0.048143,,,,,,0.053547,,,,
1.200000,,,-0.061047,,,,,,-0.083559,,,,,,0.079638,,,,,,0.005508,,,,,,-0.022181,,,,,,0.027898,,,,,,0.000000,,,,,,0.049603,,,,,,0.055684,,,,
1.300000,,,-0.057646,,,,,,-0.078238,,,,,,0.081653,,,,,,0.039370,,,,,,-0.041789,,,,,,0.041155,,,,,,0.000000,,,,,,0.048548,,,,,,0.052686,,,,
1.400000,,,-0.051644,,,,,,-0.067837,,,,,,0.066461,,,,,,0.069388,,,,,,-0.050839,,,,,,0.046079,,,,,,0.000000,,,,,,0.045552,,,,,,0.048109,,,,
1.500000,,,-0.046475,,,,,,-0.052861,,,,,,0.040343,,,,,,0.089794,,,,,,-0.071703,,,,,,0.050625,,,,,,0.000000,,,,,,0.037402,,,,,,0.040636,,,,
1.600000,,,-0.037518,,,,,,-0.034019,,,,,,0.028885,,,,,,0.102807,,,,,,-0.096087,,,,,,0.050246,,,,,,0.000000,,,,,,0.027089,,,,,,0.029567,,,,
1.700000,,,-0.026564,,,,,,-0.014219,,,,,,0.011495,,,,,,0.106947,,,,,,-0.102372,,,,,,0.048352,,,,,,0.000000,,,,,,0.015581,,,,,,0.015593,,,,
1.800000,,,-0.015060,,,,,,0.004786,,,,,,-0.017948,,,,,,0.100589,,,,,,-0.102875,,,,,,0.047973,,,,,,0.000000,,,,,,0.003935,,,,,,0.000524,,,,
1.900000,,,-0.001062,,,,,,0.022041,,,,,,-0.051081,,,,,,0.084619,,,,,,-0.097344,,,,,,0.040776,,,,,,0.000000,,,,,,-0.004423,,,,,,-0.013880,,,,
2.000000,,,0.012695,,,,,,0.035486,,,,,,-0.079336,,,,,,0.059333,,,,,,-0.080753,,,,,,0.027519,,,,,,0.000000,,,,,,-0.009350,,,,,,-0.026783,,,,
2.100000,,,0.024104,,,,,,0.043252,,,,,,-0.088768,,,,,,0.032716,,,,,,-0.064665,,,,,,0.017671,,,,,,0.000000,,,,,,-0.011393,,,,,,-0.035612,,,,
2.200000,,,0.033349,,,,,,0.045762,,,,,,-0.071488,,,,,,0.011275,,,,,,-0.058380,,,,,,0.010474,,,,,,0.000000,,,,,,-0.011970,,,,,,-0.042199,,,,
2.300000,,,0.044651,,,,,,0.045543,,,,,,-0.051100,,,,,,-0.001590,,,,,,-0.050084,,,,,,0.008580,,,,,,0.000000,,,,,,-0.007515,,,,,,-0.048444,,,,
0.000000,,,,0.034817,,,,,,0.044414,,,,,,-0.018142,,,,,,-0.027911,,,,,,0.066557,,,,,,0.017671,,,,,,0.000000,,,,,,-0.008649,,,,,,-0.040101,,,
0.100000,,,,0.026497,,,,,,0.039778,,,,,,-0.011821,,,,,,-0.036783,,,,,,0.071081,,,,,,-0.000511,,,,,,0.000000,,,,,,-0.008039,,,,,,-0.032085,,,
0.200000,,,,0.014546,,,,,,0.031266,,,,,,-0.004337,,,,,,-0.048613,,,,,,0.077366,,,,,,-0.015663,,,,,,0.000000,,,,,,-0.006340,,,,,,-0.022229,,,
0.300000,,,,0.003489,,,,,,0.020323,,,,,,0.006981,,,,,,-0.060738,,,,,,0.080634,,,,,,-0.028541,,,,,,0.000000,,,,,,-0.001304,,,,,,-0.011464,,,
0.400000,,,,-0.006617,,,,,,0.007505,,,,,,0.023207,,,,,,-0.070202,,,,,,0.085159,,,,,,-0.035359,,,,,,0.000000,,,,,,0.007285,,,,,,-0.001617,,,
0.500000,,,,-0.015449,,,,,,-0.007549,,,,,,0.049557,,,,,,-0.073455,,,,,,0.085913,,,,,,-0.043314,,,,,,0.000000,,,,,,0.013515,,,,,,0.006345,,,
0.600000,,,,-0.025439,,,,,,-0.022924,,,,,,0.051339,,,,,,-0.071533,,,,,,0.079126,,,,,,-0.040662,,,,,,0.000000,,,,,,0.020694,,,,,,0.016365,,,
0.700000,,,,-0.034181,,,,,,-0.037314,,,,,,0.050721,,,,,,-0.067836,,,,,,0.069322,,,,,,-0.044829,,,,,,0.000000,,,,,,0.028712,,,,,,0.026570,,,
0.800000,,,,-0.040019,,,,,,-0.051450,,,,,,0.040931,,,,,,-0.061478,,,,,,0.070579,,,,,,-0.038011,,,,,,0.000000,,,,,,0.038316,,,,,,0.035011,,,
0.900000,,,,-0.046923,,,,,,-0.062675,,,,,,0.043338,,,,,,-0.050092,,,,,,0.058261,,,,,,-0.023238,,,,,,0.000000,,,,,,0.043503,,,,,,0.043216,,,
1.000000,,,,-0.052101,,,,,,-0.070669,,,,,,0.043861,,,,,,-0.034565,,,,,,0.047703,,,,,,-0.009981,,,,,,0.000000,,,,,,0.047636,,,,,,0.048552,,,
1.100000,,,,-0.056663,,,,,,-0.075238,,,,,,0.051756,,,,,,-0.015194,,,,,,0.035134,,,,,,0.007822,,,,,,0.000000,,,,,,0.047866,,,,,,0.053202,,,
1.200000,,,,-0.063535,,,,,,-0.076783,,,,,,0.062455,,,,,,0.010831,,,,,,0.004465,,,,,,0.022216,,,,,,0.000000,,,,,,0.045913,,,,,,0.057481,,,
1.300000,,,,-0.066286,,,,,,-0.072026,,,,,,0.043532,,,,,,0.037596,,,,,,-0.030225,,,,,,0.041534,,,,,,0.000000,,,,,,0.043536,,,,,,0.058199,,,
1.400000,,,,-0.061473,,,,,,-0.061899,,,,,,0.044169,,,,,,0.058741,,,,,,-0.049330,,,,,,0.056307,,,,,,0.000000,,,,,,0.038218,,,,,,0.053652,,,
1.500000,,,,-0.055953,,,,,,-0.049206,,,,,,0.036970,,,,,,0.077225,,,,,,-0.063156,,,,,,0.060852,,,,,,0.000000,,,,,,0.030248,,,,,,0.046594,,,
1.600000,,,,-0.048421,,,,,,-0.032820,,,,,,0.025221,,,,,,0.092604,,,,,,-0.089049,,,,,,0.055928,,,,,,0.000000,,,,,,0.020319,,,,,,0.036741,,,
1.700000,,,,-0.038318,,,,,,-0.014698,,,,,,0.005034,,,,,,0.096596,,,,,,-0.095082,,,,,,0.049488,,,,,,0.000000,,,,,,0.009992,,,,,,0.023262,,,
1.800000,,,,-0.028426,,,,,,0.003258,,,,,,-0.021395,,,,,,0.089942,,,,,,-0.092819,,,,,,0.041534,,,,,,0.000000,,,,,,-0.000319,,,,,,0.010426,,,
1.900000,,,,-0.017260,,,,,,0.019265,,,,,,-0.044341,,,,,,0.077669,,,,,,-0.098098,,,,,,0.031686,,,,,,0.000000,,,,,,-0.009260,,,,,,-0.004033,,,
2.000000,,,,-0.000691,,,,,,0.032323,,,,,,-0.068924,,,,,,0.057706,,,,,,-0.095333,,,,,,0.024110,,,,,,0.000000,,,,,,-0.013669,,,,,,-0.018073,,,
2.100000,,,,0.014923,,,,,,0.040895,,,,,,-0.069527,,,,,,0.035230,,,,,,-0.074217,,,,,,0.008580,,,,,,0.000000,,,,,,-0.015091,,,,,,-0.029810,,,
2.200000,,,,0.025674,,,,,,0.044685,,,,,,-0.066823,,,,,,0.017633,,,,,,-0.058631,,,,,,-0.005814,,,,,,0.000000,,,,,,-0.014490,,,,,,-0.037757,,,
2.300000,,,,0.033994,,,,,,0.045667,,,,,,-0.055295,,,,,,0.000924,,,,,,-0.043046,,,,,,-0.007329,,,,,,0.000000,,,,,,-0.012691,,,,,,-0.044863,,,
0.000000,,,,,0.013152,,,,,,0.043774,,,,,,0.000668,,,,,,-0.035157,,,,,,0.061278,,,,,,0.001004,,,,,,0.000000,,,,,,-0.018378,,,,,,-0.023443,,
0.100000,,,,,0.003864,,,,,,0.037386,,,,,,0.017704,,,,,,-0.046838,,,,,,0.061278,,,,,,-0.017556,,,,,,0.000000,,,,,,-0.016774,,,,,,-0.016973,,
0.200000,,,,,-0.004566,,,,,,0.028178,,,,,,0.046145,,,,,,-0.054232,,,,,,0.067814,,,,,,-0.030814,,,,,,0.000000,,,,,,-0.012201,,,,,,-0.010672,,
0.300000,,,,,-0.014057,,,,,,0.019345,,,,,,0.058595,,,,,,-0.058224,,,,,,0.069573,,,,,,-0.047859,,,,,,0.000000,,,,,,-0.008219,,,,,,-0.003272,,
0.400000,,,,,-0.024898,,,,,,0.008661,,,,,,0.073791,,,,,,-0.054971,,,,,,0.073847,,,,,,-0.049753,,,,,,0.000000,,,,,,-0.006670,,,,,,0.005840,,
0.500000,,,,,-0.032691,,,,,,-0.004771,,,,,,0.070648,,,,,,-0.054971,,,,,,0.077617,,,,,,-0.046344,,,,,,0.000000,,,,,,0.000679,,,,,,0.012873,,
0.600000,,,,,-0.041924,,,,,,-0.015936,,,,,,0.070753,,,,,,-0.053049,,,,,,0.072087,,,,,,-0.041799,,,,,,0.000000,,,,,,0.005998,,,,,,0.020342,,
0.700000,,,,,-0.052390,,,,,,-0.025926,,,,,,0.081324,,,,,,-0.045803,,,,,,0.057507,,,,,,-0.030435,,,,,,0.000000,,,,,,0.010707,,,,,,0.028103,,
0.800000,,,,,-0.057262,,,,,,-0.032584,,,,,,0.106443,,,,,,-0.028798,,,,,,0.027341,,,,,,-0.013011,,,,,,0.000000,,,,,,0.013923,,,,,,0.034138,,
0.900000,,,,,-0.059029,,,,,,-0.034698,,,,,,0.122313,,,,,,-0.004991,,,,,,0.012258,,,,,,0.004413,,,,,,0.000000,,,,,,0.015350,,,,,,0.037082,,
1.000000,,,,,-0.061733,,,,,,-0.034176,,,,,,0.115302,,,,,,0.020886,,,,,,-0.015142,,,,,,0.019186,,,,,,0.000000,,,,,,0.016369,,,,,,0.038925,,
1.100000,,,,,-0.063773,,,,,,-0.029296,,,,,,0.096891,,,,,,0.047060,,,,,,-0.049079,,,,,,0.041913,,,,,,0.000000,,,,,,0.012827,,,,,,0.037251,,
1.200000,,,,,-0.055599,,,,,,-0.018146,,,,,,0.064921,,,,,,0.063325,,,,,,-0.078239,,,,,,0.048352,,,,,,0.000000,,,,,,0.008988,,,,,,0.029432,,
1.300000,,,,,-0.046191,,,,,,-0.004380,,,,,,0.048275,,,,,,0.076042,,,,,,-0.082513,,,,,,0.045701,,,,,,0.000000,,,,,,0.000837,,,,,,0.019838,,
1.400000,,,,,-0.037206,,,,,,0.010324,,,,,,0.021360,,,,,,0.083732,,,,,,-0.089803,,,,,,0.042670,,,,,,0.000000,,,,,,-0.008499,,,,,,0.009566,,
1.500000,,,,,-0.025189,,,,,,0.024864,,,,,,-0.017041,,,,,,0.081218,,,,,,-0.096339,,,,,,0.036989,,,,,,0.000000,,,,,,-0.016367,,,,,,-0.002419,,
1.600000,,,,,-0.014667,,,,,,0.037673,,,,,,-0.063147,,,,,,0.067318,,,,,,-0.087792,,,,,,0.025246,,,,,,0.000000,,,,,,-0.024015,,,,,,-0.014539,,
1.700000,,,,,-0.002965,,,,,,0.046519,,,,,,-0.090578,,,,,,0.047503,,,,,,-0.080502,,,,,,0.015398,,,,,,0.000000,,,,,,-0.029012,,,,,,-0.025743,,
1.800000,,,,,0.011040,,,,,,0.054305,,,,,,-0.094922,,,,,,0.026506,,,,,,-0.076982,,,,,,0.008958,,,,,,0.000000,,,,,,-0.031937,,,,,,-0.035779,,
1.900000,,,,,0.026159,,,,,,0.057295,,,,,,-0.081443,,,,,,0.006543,,,,,,-0.053604,,,,,,-0.001648,,,,,,0.000000,,,,,,-0.029283,,,,,,-0.044300,,
2.000000,,,,,0.031665,,,,,,0.055226,,,,,,-0.063659,,,,,,-0.008688,,,,,,-0.037013,,,,,,-0.000890,,,,,,0.000000,,,,,,-0.026288,,,,,,-0.046791,,
2.100000,,,,,0.039449,,,,,,0.053735,,,,,,-0.042296,,,,,,-0.019039,,,,,,-0.042543,,,,,,0.002898,,,,,,0.000000,,,,,,-0.020673,,,,,,-0.049887,,
2.200000,,,,,0.047114,,,,,,0.047777,,,,,,-0.005506,,,,,,-0.021996,,,,,,-0.026455,,,,,,0.008201,,,,,,0.000000,,,,,,-0.012688,,,,,,-0.051049,,
0.000000,,,,,,0.038955,,,,,,0.069881,,,,,,-0.047678,,,,,,-0.031903,,,,,,0.042675,,,,,,-0.014526,,,,,,0.000000,,,,,,-0.036652,,,,,,-0.055060,
0.100000,,,,,,0.028203,,,,,,0.065071,,,,,,-0.033886,,,,,,-0.050239,,,,,,0.059267,,,,,,-0.036117,,,,,,0.000000,,,,,,-0.034839,,,,,,-0.048421,
0.200000,,,,,,0.018097,,,,,,0.055456,,,,,,-0.004710,,,,,,-0.064435,,,,,,0.057255,,,,,,-0.044071,,,,,,0.000000,,,,,,-0.028790,,,,,,-0.038895,
0.300000,,,,,,0.007530,,,,,,0.042575,,,,,,0.029097,,,,,,-0.076413,,,,,,0.065300,,,,,,-0.051268,,,,,,0.000000,,,,,,-0.024120,,,,,,-0.029712,
0.400000,,,,,,-0.002862,,,,,,0.029115,,,,,,0.051611,,,,,,-0.085433,,,,,,0.076863,,,,,,-0.066799,,,,,,0.000000,,,,,,-0.016405,,,,,,-0.017469,
0.500000,,,,,,-0.015902,,,,,,0.009951,,,,,,0.068843,,,,,,-0.087503,,,,,,0.080885,,,,,,-0.072102,,,,,,0.000000,,,,,,-0.006215,,,,,,-0.004728,
0.600000,,,,,,-0.027864,,,,,,-0.008132,,,,,,0.070757,,,,,,-0.084398,,,,,,0.076109,,,,,,-0.069829,,,,,,0.000000,,,,,,0.003699,,,,,,0.007206,
0.700000,,,,,,-0.038475,,,,,,-0.026440,,,,,,0.064375,,,,,,-0.079370,,,,,,0.064797,,,,,,-0.061874,,,,,,0.000000,,,,,,0.016575,,,,,,0.018696,
0.800000,,,,,,-0.045559,,,,,,-0.042398,,,,,,0.075871,,,,,,-0.067984,,,,,,0.051976,,,,,,-0.046344,,,,,,0.000000,,,,,,0.026623,,,,,,0.028072,
0.900000,,,,,,-0.049193,,,,,,-0.054390,,,,,,0.086535,,,,,,-0.050535,,,,,,0.034631,,,,,,-0.027784,,,,,,0.000000,,,,,,0.035247,,,,,,0.035790,
1.000000,,,,,,-0.052286,,,,,,-0.063507,,,,,,0.078692,,,,,,-0.025989,,,,,,-0.004082,,,,,,-0.006951,,,,,,0.000000,,,,,,0.040997,,,,,,0.042053,
1.100000,,,,,,-0.047984,,,,,,-0.066458,,,,,,0.080318,,,,,,0.001368,,,,,,-0.048828,,,,,,0.013883,,,,,,0.000000,,,,,,0.046078,,,,,,0.044573,
1.200000,,,,,,-0.038457,,,,,,-0.065593,,,,,,0.083792,,,,,,0.031237,,,,,,-0.062653,,,,,,0.030549,,,,,,0.000000,,,,,,0.050326,,,,,,0.041856,
1.300000,,,,,,-0.029567,,,,,,-0.057761,,,,,,0.077939,,,,,,0.057263,,,,,,-0.078993,,,,,,0.039640,,,,,,0.000000,,,,,,0.050144,,,,,,0.034776,
1.400000,,,,,,-0.017634,,,,,,-0.046367,,,,,,0.070034,,,,,,0.078113,,,,,,-0.109410,,,,,,0.055928,,,,,,0.000000,,,,,,0.047806,,,,,,0.025817,
1.500000,,,,,,-0.001181,,,,,,-0.029965,,,,,,0.051777,,,,,,0.092012,,,,,,-0.103126,,,,,,0.047973,,,,,,0.000000,,,,,,0.041266,,,,,,0.013847,
1.600000,,,,,,0.009118,,,,,,-0.013215,,,,,,0.022935,,,,,,0.094230,,,,,,-0.071452,,,,,,0.033579,,,,,,0.000000,,,,,,0.032501,,,,,,0.001450,
1.700000,,,,,,0.014731,,,,,,0.003367,,,,,,-0.005412,,,,,,0.090534,,,,,,-0.077234,,,,,,0.021837,,,,,,0.000000,,,,,,0.020639,,,,,,-0.009429,
1.800000,,,,,,0.024629,,,,,,0.020418,,,,,,-0.015960,,,,,,0.079148,,,,,,-0.062653,,,,,,0.008958,,,,,,0.000000,,,,,,0.008795,,,,,,-0.022777,
1.900000,,,,,,0.030459,,,,,,0.034086,,,,,,-0.048008,,,,,,0.061551,,,,,,-0.040029,,,,,,-0.000890,,,,,,0.000000,,,,,,-0.000152,,,,,,-0.033144,
2.000000,,,,,,0.034308,,,,,,0.043381,,,,,,-0.075948,,,,,,0.038631,,,,,,-0.037264,,,,,,-0.004299,,,,,,0.000000,,,,,,-0.007279,,,,,,-0.042415,
2.100000,,,,,,0.041878,,,,,,0.047389,,,,,,-0.076187,,,,,,0.016450,,,,,,-0.039526,,,,,,-0.003541,,,,,,0.000000,,,,,,-0.009410,,,,,,-0.049003,
2.200000,,,,,,0.047515,,,,,,0.048738,,,,,,-0.060235,,,,,,-0.000998,,,,,,-0.016148,,,,,,-0.014905,,,,,,0.000000,,,,,,-0.008088,,,,,,-0.052637,
2.300000,,,,,,0.046631,,,,,,0.047242,,,,,,-0.045246,,,,,,-0.012237,,,,,,-0.015897,,,,,,-0.008466,,,,,,0.000000,,,,,,-0.006247,,,,,,-0.053737,
2.400000,,,,,,0.051456,,,,,,0.044529,,,,,,-0.027259,,,,,,-0.018151,,,,,,-0.046565,,,,,,0.000246,,,,,,0.000000,,,,,,0.000216,,,,,,-0.053440,
