Clock Time (s),Elapsed Time (s),ar,atheta,aphi,gx,gy,gz,mx,my,mz,
40122.4,0.0,0.9343982020530648,6.17252808600569,0.0970637549264778,-0.07,-0.00,-0.09,24.08,13.70,-30.52,
40122.5,0.09999999999854481,0.9205433178292046,0.32175055439664224,0.03435905607397547,-0.00,0.10,-0.17,24.75,14.37,-30.85,
40122.6,0.19999999999708962,0.9209234495874237,6.038206644052722,0.04478639694724118,-0.04,-0.01,-0.05,25.42,14.96,-30.17,
40122.7,0.2999999999956344,0.9305374790947435,5.961434752782944,0.03398988989180027,-0.01,0.01,0.01,25.43,13.69,-29.84,
40122.8,0.4000000000014552,0.9309135298189624,6.038206644052722,0.04430545616715011,0.01,0.01,0.04,23.55,13.86,-30.35,
40122.9,0.5,0.931396800509858,6.085789747329706,0.05477332553461522,-0.00,0.01,0.03,26.46,14.72,-31.52,
40123.0,0.5999999999985448,0.9120307012376283,6.118036629764959,0.06674425668471003,-0.01,0.03,0.01,25.09,15.40,-30.52,
40123.1,0.6999999999970896,0.9319871243745806,6.118036629764959,0.06531301941955567,-0.00,-0.00,-0.02,24.40,14.72,-30.52,
40123.2,0.7999999999956344,0.9109335870413386,6.038206644052722,0.04527788643271294,-0.00,-0.02,-0.02,25.71,13.67,-29.78,
40123.3,0.9000000000014552,0.9208691546577071,0.0,0.04345089539153084,0.00,0.00,-0.02,26.12,14.37,-30.52,
40123.4,1.0,0.9208691546577071,-0.0,0.04345089539153084,-0.00,0.01,0.01,25.60,15.23,-31.02,
40123.5,1.0999999999985448,0.8722958213817146,5.961434752782944,0.07256838343618958,0.10,0.05,0.06,25.13,14.84,-30.05,
40123.6,1.1999999999970896,0.9235258523723091,6.1588303126328245,0.08740993547306354,0.02,-0.00,0.02,23.55,13.86,-30.68,
40123.7,1.2999999999956344,0.9108786966440702,0.0,0.04392776707688983,0.00,-0.00,0.01,25.36,13.26,-29.34,
40123.8,1.4000000000014552,0.9109335870413386,0.24497866312686414,0.04527788643271294,0.00,0.05,0.01,24.23,13.86,-29.01,
40123.9,1.5,0.910494371207203,0.0,0.03295509761429812,-0.00,0.00,0.02,25.09,12.32,-30.18,
40124.0,1.5999999999985448,0.9208691546577071,-0.0,0.04345089539153084,-0.02,0.01,0.01,24.43,13.96,-30.52,
40124.1,1.6999999999970896,0.9313431161500041,-0.0,0.05371172930323259,0.01,-0.00,-0.02,25.43,13.35,-29.51,
40124.2,1.7999999999956344,0.9108786966440702,-0.0,0.04392776707688983,-0.00,-0.01,-0.00,25.49,13.52,-30.36,
40124.3,1.9000000000014552,0.9208691546577071,-0.0,0.04345089539153084,-0.00,0.02,-0.02,24.06,12.66,-30.85,
40124.4,2.0,0.9213576938409967,0.0,0.054294411908306,-0.02,-0.01,-0.01,25.77,13.69,-31.19,
40124.5,2.099999999998545,0.9204890004774636,-0.0,0.032597145117952815,-0.00,0.00,-0.01,24.87,13.67,-29.77,
40124.6,2.1999999999970896,0.9214119599831555,0.19739555984988075,0.05536747828613916,-0.01,0.03,0.02,25.43,13.35,-29.51,
40124.7,2.2999999999956344,0.9113725912051558,0.0,0.054889862594153814,-0.02,-0.03,0.02,25.16,13.93,-29.48,
40124.8,2.400000000001455,0.9109335870413386,6.038206644052722,0.04527788643271294,-0.03,0.00,-0.01,25.09,14.37,-30.52,
40124.9,2.5,0.9209234495874237,6.038206644052722,0.04478639694724118,-0.01,0.01,-0.00,24.40,14.03,-29.17,
40125.0,2.599999999998545,0.9220086767487604,0.16514867741462685,0.06602089344658967,0.01,-0.02,-0.01,24.37,13.67,-30.18,
40125.1,2.6999999999970896,0.9109335870413386,6.038206644052722,0.04527788643271294,-0.01,-0.02,0.01,25.98,13.91,-30.19,
40125.2,2.7999999999956344,0.9214119599831555,6.085789747329706,0.05536747828613916,-0.02,-0.01,0.03,24.40,12.66,-28.84,
40125.3,2.900000000001455,0.9319871243745806,6.118036629764959,0.06531301941955567,0.01,-0.02,-0.02,24.23,13.52,-30.01,
40125.4,3.0,0.910494371207203,-0.0,0.03295509761429812,0.02,0.04,-0.06,23.92,13.73,-30.31,
40125.5,3.099999999998545,0.9204890004774636,0.0,0.032597145117952815,0.02,0.02,-0.03,24.46,14.31,-28.89,
40125.6,3.1999999999970896,0.9220086767487604,0.16514867741462685,0.06602089344658967,0.04,-0.00,-0.01,24.38,13.32,-30.38,
40125.7,3.2999999999956344,0.9108786966440702,0.0,0.04392776707688983,-0.00,-0.00,0.02,25.60,12.49,-30.35,
40125.8,3.400000000001455,0.931396800509858,6.085789747329706,0.05477332553461522,-0.03,-0.00,0.01,24.32,14.38,-28.74,
40125.9,3.5,0.9313431161500041,0.0,0.05371172930323259,-0.02,-0.01,-0.04,26.46,13.35,-29.51,
40126.0,3.599999999998545,0.9109335870413386,0.24497866312686414,0.04527788643271294,0.00,0.04,-0.06,24.26,12.87,-29.73,
40126.1,3.6999999999970896,0.9315578350268974,0.38050637711236485,0.05784040954539616,0.01,-0.04,-0.00,24.45,13.56,-29.68,
40126.2,3.7999999999956344,0.9127431182978045,0.1418970546041639,0.07754821580504156,0.02,-0.03,0.02,24.23,13.86,-32.36,
40126.3,3.900000000001455,0.9220086767487604,0.16514867741462685,0.06602089344658967,-0.03,-0.04,0.00,25.56,13.56,-30.87,
40126.4,4.0,0.9121951545584969,0.32175055439664224,0.06938902739238179,-0.01,0.01,-0.02,23.72,13.35,-30.52,
40126.5,4.099999999998545,0.9220086767487604,0.16514867741462685,0.06602089344658967,-0.03,-0.01,-0.00,24.92,14.89,-30.35,
40126.6,4.19999999999709,0.9219544457292888,-0.0,0.06512516333438588,-0.02,0.02,-0.01,25.19,13.79,-29.87,
40126.7,4.299999999995634,0.9213576938409967,0.0,0.054294411908306,-0.01,0.04,-0.01,24.23,14.20,-31.02,
40126.8,4.400000000001455,0.9209234495874237,0.24497866312686414,0.04478639694724118,0.02,0.01,0.00,24.44,14.54,-31.01,
40126.9,4.5,0.9209234495874237,6.038206644052722,0.04478639694724118,0.02,0.00,0.03,24.58,14.52,-30.67,
40127.0,4.599999999998545,0.892972563968233,0.27829965900511133,0.08161727543748368,0.04,0.01,-0.01,25.09,12.32,-29.51,
40127.1,4.69999999999709,0.9135644476444998,0.12435499454676144,0.08836551865361475,-0.03,0.02,0.04,24.40,13.01,-30.18,
40127.2,4.799999999995634,0.931396800509858,0.19739555984988075,0.05477332553461522,-0.02,0.01,0.00,23.89,14.20,-29.68,
40127.3,4.900000000001455,0.9214119599831555,0.19739555984988075,0.05536747828613916,0.01,-0.01,0.02,25.60,14.20,-30.35,
40127.4,5.0,0.9119758768739445,0.0,0.0658387693026938,0.01,0.03,0.00,25.26,14.21,-31.62,
40127.5,5.099999999998545,0.9020532135079394,0.16514867741462685,0.06748362236137152,-0.03,0.06,-0.00,24.92,13.86,-31.02,
40127.6,5.19999999999709,0.9220086767487604,0.16514867741462685,0.06602089344658967,-0.06,0.03,-0.07,25.53,14.18,-30.18,
40127.7,5.299999999995634,0.9155326318597279,0.09966865249116202,0.10999246101297278,-0.12,0.07,-0.16,24.61,14.43,-30.22,
40127.8,5.400000000001455,0.9438749917229505,5.924414636909014,0.09064457964399109,-0.00,0.21,-0.29,24.40,13.69,-29.51,
40127.9,5.5,0.9508943158942533,4.4674103172578254,0.04337389167710866,-0.07,-0.09,-0.30,25.30,14.84,-28.13,
40128.0,5.599999999998545,0.9513148795220223,5.639684198386302,0.05258306161094172,0.07,-0.20,-0.28,24.10,14.41,-28.05,
40128.1,5.69999999999709,0.9110982383914481,5.176036589385496,0.04910484444476324,0.11,0.01,-0.33,23.03,15.74,-28.17,
40128.2,5.799999999995634,0.8814760348415606,4.90978454023457,0.05787868675457736,-0.04,-0.05,-0.34,24.02,14.76,-28.28,
40128.3,5.900000000001455,0.8947625383307014,5.574559035051916,0.10322221306726746,-0.01,-0.21,-0.31,24.60,15.73,-29.39,
40128.4,6.0,0.9135644476444998,5.231535094631212,0.08836551865361475,0.04,-0.10,-0.15,22.90,15.44,-28.44,
40128.5,6.099999999998545,0.8509994124557313,4.4674103172578254,0.048469133823546215,0.05,0.10,0.09,23.48,14.00,-30.55,
40128.6,6.19999999999709,0.8169455306200041,1.1341691669813554,0.20403261816629348,-0.15,-0.45,0.20,24.40,13.01,-31.19,
40128.7,6.299999999995634,0.9047098982546836,0.8621700546672264,0.10208329515856278,-0.19,-0.13,-0.09,23.44,11.51,-30.32,
40128.8,6.400000000001455,0.934826187052973,0.3217505543966422,0.10165732042828093,-0.20,-0.14,-0.19,21.84,13.18,-30.69,
40128.9,6.5,0.9805100713404222,0.43240777557053783,0.14654820316991835,-0.08,-0.15,-0.61,20.30,13.69,-30.18,
40129.0,6.599999999998545,0.9799489782636644,1.2036224929766774,0.14261677956075888,0.03,0.21,-0.91,21.68,13.93,-30.64,
40129.1,6.69999999999709,0.8896066546513689,1.4940244355251187,0.14709356442651592,0.24,-0.11,-1.11,20.47,16.26,-31.69,
40129.2,6.799999999995634,0.8315046602394961,1.5707963267948966,0.060168251155009726,0.17,-0.36,-1.32,19.44,16.60,-31.35,
40129.3,6.900000000001455,0.9447751055145346,5.961434752782944,0.10058317761443093,-0.55,0.27,-1.62,14.38,19.61,-30.44,
40129.4,7.0,0.9129074432821763,6.004885648174475,0.07983118560730416,-0.42,0.40,-1.04,13.11,22.24,-30.18,
40129.5,7.099999999998545,0.9405317644821998,6.211877842394296,0.1497907257902506,-0.38,0.02,-0.81,12.89,23.25,-29.05,
40129.6,7.19999999999709,0.9339164844888435,0.3587706702705722,0.0916138367137286,-0.20,0.12,-0.72,10.54,25.15,-29.75,
40129.7,7.299999999995634,0.9706698717895801,0.5880026035475676,0.03715352687631342,-0.05,-0.05,-0.48,11.06,26.35,-29.17,
40129.8,7.400000000001455,0.9209777413162601,0.7853981633974483,0.04608301060740683,0.04,-0.08,-0.22,9.53,27.86,-28.68,
40129.9,7.5,0.9109335870413386,0.24497866312686414,0.04527788643271294,0.08,-0.10,-0.06,9.18,25.84,-29.01,
40130.0,7.599999999998545,0.9508417323613851,0.0,0.04208040744189058,0.06,-0.09,0.03,10.03,26.35,-30.18,
40130.1,7.69999999999709,0.9235258523723091,2.6224465393432705,0.08740993547306354,0.27,0.14,0.04,8.43,25.53,-28.93,
40130.2,7.799999999995634,0.8850423718670197,2.1293956421384594,0.10679644847037985,0.26,0.01,0.08,10.72,23.95,-29.84,
40130.3,7.900000000001455,0.8730406634286859,2.8632929945846817,0.0834849258799287,-0.03,0.03,-0.10,8.31,22.98,-30.17,
40130.4,8.0,0.9402659198333203,2.677945044588987,0.023783471790970345,-0.17,-0.20,-0.24,8.66,23.92,-30.65,
40130.5,8.099999999998545,0.8609878047916822,2.896613990462929,0.04790640621464668,-0.11,0.11,-0.50,7.30,23.61,-29.84,
40130.6,8.19999999999709,0.9128526715741155,0.982793723247329,0.07907764047072509,-0.15,-0.03,-0.17,5.99,25.41,-30.70,
40130.7,8.299999999995634,0.964157663455516,0.4636476090008061,0.0929013068464175,-0.15,-0.00,-0.20,6.30,25.83,-28.91,
40130.8,8.400000000001455,0.9521029356114811,0.32175055439664224,0.06647617192527687,-0.02,0.15,-0.05,5.41,27.55,-29.34,
40130.9,8.5,0.9406912352095134,0.5880026035475676,0.038338134122698465,-0.03,-0.03,-0.11,5.49,26.66,-29.34,
40131.0,8.599999999998545,0.9200543462209175,3.141592653589793,0.01086913717727018,-0.03,-0.02,-0.11,3.53,26.69,-29.17,
40131.1,8.69999999999709,0.9102197536858888,3.141592653589793,0.021974484296662558,-0.05,-0.06,-0.03,4.07,25.87,-29.11,
40131.2,8.799999999995634,0.9209234495874237,1.3258176636680326,0.04478639694724118,-0.03,0.02,0.09,4.56,27.69,-28.86,
40131.3,8.900000000001455,0.9501052573267869,2.356194490192345,0.014885359051424888,0.03,-0.15,0.08,5.75,25.50,-29.68,
40131.4,9.0,0.9317188417113824,0.7853981633974483,0.06075153970325062,0.07,-0.05,0.14,4.37,26.45,-29.41,
40131.5,9.099999999998545,0.9809179374443103,0.7853981633974483,0.0432652358951219,0.14,0.04,0.12,4.56,26.01,-30.18,
40131.6,9.19999999999709,1.053470455209827,1.2120256565243244,0.08119257900764638,0.22,0.18,0.17,4.99,25.04,-29.88,
40131.7,9.299999999995634,1.117765628385486,1.7234456551901618,0.11794504004807786,0.47,0.13,0.32,6.43,24.51,-29.35,
40131.8,9.400000000001455,1.0202450685987166,1.719686274404394,0.19954605828366914,0.63,-0.35,0.55,5.75,23.10,-28.67,
40131.9,9.5,1.034021276376845,1.4181469983996315,0.2572311564529596,0.66,-0.86,0.45,5.91,21.20,-29.58,
40132.0,9.599999999998545,0.9409038208021051,1.0191413442663497,0.3304420192333185,0.74,-0.66,0.28,5.59,20.20,-29.83,
40132.1,9.69999999999709,0.9413819628609844,0.697902822595057,0.4442625554401395,0.61,0.11,-0.31,1.65,20.70,-28.34,
40132.2,9.799999999995634,0.8420807562223471,1.1839206090638685,0.35354193267280887,0.50,0.72,-0.49,5.32,19.70,-31.07,
40132.3,9.900000000001455,0.7835177087979569,1.4801364395941514,0.4366589618809458,0.54,-0.38,-0.25,6.78,17.28,-32.36,
40132.4,10.0,0.7740800992145451,1.4219063791853994,0.5498078467065772,0.31,-1.20,-0.14,2.85,17.45,-35.21,
40132.5,10.099999999998545,0.8400595217006948,1.0468769791096977,0.6670363362141798,-0.14,0.23,-0.18,0.02,16.54,-34.39,
40132.6,10.19999999999709,0.7658328799418317,1.217805938967986,0.5571810267624312,-0.12,0.42,-0.06,1.14,14.72,-35.21,
40132.7,10.299999999995634,0.8830628516702534,1.1743550435764554,0.5561068561409326,-0.14,-0.06,-0.03,0.42,14.75,-34.76,
40132.8,10.400000000001455,0.9047651629014017,0.9953716762596118,0.5091590115014034,0.04,0.22,0.00,0.20,16.49,-33.82,
40132.9,10.5,0.918313671900838,1.2551806647561303,0.5959708729720217,-0.04,0.10,0.08,0.79,16.77,-33.53,
40133.0,10.599999999998545,0.96591925128346,1.073453610448074,0.42497451604006636,0.01,-0.05,0.04,1.98,15.70,-34.43,
40133.1,10.69999999999709,0.887693640846886,1.0838970949836275,0.44823868144821394,0.41,0.32,0.28,0.99,15.41,-34.21,
40133.2,10.799999999995634,0.872238499494261,1.2627435457711202,0.5578564066855192,0.38,0.35,0.15,2.39,14.19,-33.40,
40133.3,10.900000000001455,0.8572630868059117,1.2548260548419161,0.6921244113536018,0.37,0.28,0.14,2.95,13.31,-34.71,
40133.4,11.0,0.8367197858303579,1.35970299357215,0.7538817971545098,0.25,0.21,0.10,4.04,12.83,-36.38,
40133.5,11.099999999998545,0.7663550091178369,1.4382447944982226,0.9105736017527238,-0.18,0.23,0.05,5.41,11.26,-36.65,
40133.6,11.19999999999709,0.8902246907382427,1.4181469983996315,0.8312035319046637,-0.64,0.12,0.05,6.09,11.81,-36.68,
40133.7,11.299999999995634,0.853580693314932,1.3661545169651188,0.686903479450522,-0.96,0.20,-0.09,6.10,15.23,-36.05,
40133.8,11.400000000001455,0.846994687114388,1.5405025668761214,0.4004053670090776,-1.01,0.35,-0.08,6.06,16.63,-33.21,
40133.9,11.5,0.8609878047916824,1.4536875822280324,0.4089201080003728,-0.92,0.06,-0.16,8.32,20.19,-31.19,
40134.0,11.599999999998545,0.9687104830649867,1.2220253232109897,0.24407132190015787,-0.81,-0.32,-0.05,5.24,20.53,-29.84,
40134.1,11.69999999999709,0.9304837451562493,0.6022873461349642,0.21021574236112545,-0.79,0.59,-0.02,4.72,21.69,-28.97,
40134.2,11.799999999995634,1.032811696293182,0.4048917862850834,0.07380524110595278,-0.83,0.46,0.04,7.30,22.59,-28.84,
40134.3,11.900000000001455,0.9508417323613851,6.07209197395684,0.15115542823393677,-0.47,-0.08,0.01,5.54,23.86,-29.36,
40134.4,12.0,1.0225947388873073,3.4198923125949046,0.07125279841776111,-0.37,0.72,-0.20,6.56,24.86,-28.55,
40134.5,12.099999999998545,0.95420123663722,4.2487413713838835,0.09387351000859356,-0.26,0.20,-0.10,6.44,26.18,-29.34,
40134.6,12.19999999999709,0.9932270636667125,4.71238898038469,0.08063287594517382,-0.33,0.38,-0.08,8.00,27.07,-28.47,
40134.7,12.299999999995634,1.009603882718366,4.1843145319583295,0.13804090168935892,-0.20,0.02,-0.16,9.01,27.72,-27.50,
40134.8,12.400000000001455,1.1051244273836318,3.993558980763065,0.09633853560688023,0.07,-0.21,-0.01,9.39,28.70,-28.41,
40134.9,12.5,1.2104131526053408,5.034139534781332,0.026128578476632407,0.62,-0.25,0.07,7.95,28.54,-28.13,
40135.0,12.599999999998545,1.220327824807744,5.497787143782138,0.023179676538927208,1.14,0.55,0.11,8.15,25.84,-30.01,
40135.1,12.69999999999709,1.0688779163215976,2.498091544796509,0.18822150530477075,1.12,-0.17,0.59,8.88,21.12,-28.69,
40135.2,12.799999999995634,0.9222255689363639,1.7681918866447774,0.33814979650324095,1.07,-0.78,0.42,10.20,20.02,-30.10,
40135.3,12.900000000001455,0.8644651525654461,1.3554386270971586,0.38863355581074355,0.88,-0.37,0.31,9.01,18.82,-30.52,
40135.4,13.0,0.7292461861401813,1.5102643070127895,0.470522867002823,0.73,-0.44,-0.12,8.73,18.07,-33.39,
40135.5,13.099999999998545,0.7021395872616782,1.5707963267948966,0.6235607321590254,0.34,-0.74,-0.23,7.64,16.77,-34.20,
40135.6,13.19999999999709,0.7707788269017255,1.368474698416593,0.5427786570649392,0.01,-0.22,-0.15,7.30,16.09,-34.87,
40135.7,13.299999999995634,0.8075270893288967,1.319793640151862,0.5219592848884778,-0.04,-0.51,0.04,4.03,15.46,-35.31,
40135.8,13.400000000001455,0.8994442728707543,1.089132649240035,0.5847534353052254,-0.12,-0.20,0.10,2.16,15.40,-36.21,
40135.9,13.5,0.9187491496594705,1.0056468867881372,0.5567435865378122,-0.03,0.05,0.02,2.05,15.43,-34.91,
40136.0,13.599999999998545,0.9207062506576134,1.0468769791096977,0.5997915690469574,-0.04,-0.06,0.02,2.67,16.26,-34.37,
40136.1,13.69999999999709,0.936269192059634,1.136842957401,0.5036713910838578,-0.10,0.01,0.03,0.62,15.57,-33.03,
40136.2,13.799999999995634,0.9220086767487603,1.2187520124794793,0.6018541699891855,0.01,0.07,-0.15,2.02,16.84,-34.27,
40136.3,13.900000000001455,0.9224424101265076,1.1525719972156676,0.5631433137455948,-0.13,-0.35,0.01,1.82,16.77,-33.20,
40136.4,14.0,0.8884818512496472,1.1597317794050321,0.4993332859664621,0.10,0.43,-0.04,2.50,15.21,-35.13,
40136.5,14.099999999998545,0.9174420962654809,1.0978897231319675,0.5544504463067115,0.28,-0.23,0.38,4.55,16.08,-34.53,
40136.6,14.19999999999709,0.8415461959987699,1.0873493252276976,0.5666852052775475,0.26,0.18,0.21,4.04,15.91,-33.03,
40136.7,14.299999999995634,0.8618004409374598,1.049361887023153,0.6802076004148285,0.26,0.24,0.07,2.30,15.67,-35.95,
40136.8,14.400000000001455,0.8670640114778148,1.177345688865961,0.7232537181505605,0.41,0.09,0.22,4.49,14.19,-35.37,
40136.9,14.5,0.8295179322956195,1.287700541495401,0.7622100819538679,0.08,0.42,0.19,6.10,13.52,-35.04,
40137.0,14.599999999998545,0.8449260322655469,1.3465615756858005,0.764170327244418,-0.26,0.42,-0.28,8.46,11.81,-33.71,
40137.1,14.69999999999709,0.897440805847383,1.5056711634605107,0.5394422499694731,-0.83,0.28,-0.18,8.32,14.03,-34.20,
40137.2,14.799999999995634,0.8823264701911646,1.463106455962076,0.4354178711204803,-1.01,-0.20,-0.11,8.15,15.23,-34.03,
40137.3,14.900000000001455,0.9216289925995167,1.092443895416239,0.33630421763329954,-1.14,0.31,-0.15,7.37,17.93,-32.24,
40137.4,15.0,0.9065870063044142,1.396124127786657,0.1915837403379601,-1.21,0.60,-0.22,4.90,20.19,-28.17,
40137.5,15.099999999998545,0.8721238444166058,1.7359450042095235,0.06980321748816039,-1.21,-0.02,-0.17,6.62,23.23,-27.51,
40137.6,15.19999999999709,1.0857716150277645,5.176036589385496,0.10315422067197828,-1.33,-0.06,-0.32,5.92,25.32,-27.16,
40137.7,15.299999999995634,1.1280514172678477,4.71238898038469,0.223476601140633,-1.01,0.46,-0.22,5.75,27.21,-25.99,
40137.8,15.400000000001455,1.0579224924350554,4.641081515599399,0.2685606856532891,-0.61,0.48,-0.04,6.64,30.64,-25.09,
40137.9,15.5,1.0148398888494676,4.475540219437769,0.2983738030513829,-0.44,0.15,-0.01,6.78,32.00,-25.32,
40138.0,15.599999999998545,0.9849365461794989,4.453618088420992,0.365149672499039,-0.31,0.13,-0.01,8.82,33.72,-25.00,
40138.1,15.69999999999709,1.0445094542415592,4.460699008626503,0.35329006955263753,-0.15,0.18,0.04,9.24,34.79,-23.58,
40138.2,15.799999999995634,1.101771301132862,4.562017552377555,0.3077720993361689,0.17,-0.09,-0.01,9.69,35.93,-23.48,
40138.3,15.900000000001455,1.1026332119068427,4.411468746024265,0.27898627963013845,0.52,-0.25,-0.01,8.50,34.54,-23.57,
40138.4,16.0,1.1348127598859648,4.458714884246047,0.24833541503180212,0.89,-0.28,0.13,7.81,32.34,-25.66,
40138.5,16.099999999998545,1.0678014796768172,4.504892753949487,0.18285337964011397,1.12,-0.38,0.21,7.12,29.94,-27.00,
40138.6,16.19999999999709,0.9950376877284598,4.068887871591405,0.1006686521578289,1.26,-0.21,0.29,8.37,26.06,-25.87,
40138.7,16.299999999995634,0.8748714191239761,2.432966381462123,0.10557773872024032,0.99,-0.32,0.33,9.01,23.61,-25.82,
40138.8,16.400000000001455,0.8203657720797475,1.5707963267948966,0.15913672579869362,0.64,-0.43,0.30,7.98,23.61,-27.16,
40138.9,16.5,0.874642784226795,0.8110335719191257,0.32087807930877926,0.70,-0.70,0.02,7.95,24.42,-26.84,
40139.0,16.599999999998545,0.8867919710958145,0.8850668158886104,0.3263008336650123,0.66,-0.36,-0.31,6.61,21.90,-29.84,
40139.1,16.69999999999709,0.8481155581640983,1.2827408797442708,0.33845828794916416,0.66,-0.04,-0.37,4.69,21.02,-31.74,
40139.2,16.799999999995634,0.7915806970865321,1.295886485314224,0.537403672604161,0.53,-0.16,-0.26,4.90,19.85,-32.19,
40139.3,16.900000000001455,0.7870832230456954,1.1777383076129642,0.5991169684261358,0.20,-0.22,-0.01,2.85,17.11,-34.87,
40139.4,17.0,0.8516454661418682,1.1479424006619559,0.5410580990684689,0.02,0.15,-0.04,2.33,17.28,-34.03,
40139.5,17.099999999998545,0.875956619930462,1.2793395323170296,0.4969536944281645,-0.01,-0.17,0.02,2.16,17.11,-34.54,
40139.6,17.19999999999709,0.9231467922275417,1.0974402849599816,0.5224462881086558,-0.02,-0.01,-0.05,1.97,16.72,-34.03,
40139.7,17.299999999995634,0.8974408058473828,1.1459641638755542,0.5394422499694731,0.04,0.02,0.03,2.33,16.94,-32.69,
40139.8,17.400000000001455,0.9128526715741154,1.142532173918242,0.5870922213116031,-0.03,-0.06,-0.00,5.58,16.09,-33.87,
40139.9,17.5,0.9049309365912959,1.1824776086224307,0.5531122478618824,-0.09,-0.21,-0.04,3.02,16.26,-33.70,
40140.0,17.599999999998545,0.9535197952848173,1.0636978224025597,0.4465983375351136,-0.14,-0.01,-0.01,2.58,16.60,-34.61,
40140.1,17.69999999999709,0.9406912352095134,1.1071487177940904,0.3901505316234531,0.12,0.18,0.02,0.96,17.63,-32.69,
40140.2,17.799999999995634,0.9086253353280438,1.1902899496825317,0.4939839607893933,0.32,-0.08,0.07,3.49,15.12,-34.60,
40140.3,17.900000000001455,0.8452810183601663,1.194835372923591,0.5044333146620064,0.28,-0.23,0.19,4.04,14.54,-35.04,
40140.4,18.0,0.9583318840568752,0.9652516631899266,0.7207583267050297,0.44,-0.07,0.25,1.31,14.54,-34.03,
40140.5,18.099999999998545,0.8400595217006948,1.0468769791096977,0.6670363362141798,0.35,0.49,0.10,1.57,12.81,-35.69,
40140.6,18.19999999999709,0.799124520960282,1.1938870564700756,0.7023357742655415,0.17,0.51,-0.02,5.24,11.98,-36.88,
40140.7,18.299999999995634,0.7947955712005447,1.3481353861585317,0.7528439031982727,-0.12,-0.16,0.13,4.21,12.54,-36.66,
40140.8,18.400000000001455,0.9022749026765623,1.1071487177940904,0.7001684273179645,-0.33,-1.41,0.60,4.04,14.20,-37.72,
40140.9,18.5,0.9309672389509741,0.9613377888499761,0.7674526932439012,-0.74,0.38,0.16,4.04,14.54,-35.38,
40141.0,18.599999999998545,0.8609297300012354,0.9197196053504169,0.6602420735293217,-0.85,1.19,-0.04,4.00,16.74,-32.45,
40141.1,18.69999999999709,0.8151073548925932,1.2120256565243244,0.43265471721554594,-0.74,0.90,-0.40,7.12,18.65,-33.03,
40141.2,18.799999999995634,0.8725823743349392,1.8337910584758161,0.3136959265383317,-0.52,-0.21,-0.22,8.25,20.58,-31.36,
40141.3,18.900000000001455,0.9626525853079085,0.9209258773829491,0.3322689053374035,-0.41,-0.51,-0.10,6.44,20.36,-30.68,
40141.4,19.0,0.9565040512198577,1.1071487177940904,0.2359585335723381,-0.66,0.40,0.02,4.73,21.39,-30.01,
40141.5,19.099999999998545,0.8748714191239761,0.8621700546672264,0.10557773872024032,-1.05,0.17,0.10,6.36,22.83,-29.36,
40141.6,19.19999999999709,0.9742176348229383,0.11065722117389565,0.09308469863860881,-1.05,0.20,-0.16,5.75,25.84,-29.01,
40141.7,19.299999999995634,0.9523654760647301,5.176036589385496,0.07049566105472514,-0.81,0.64,-0.13,7.12,26.86,-27.33,
40141.8,19.400000000001455,1.076057619275102,4.926449663948511,0.2205184434699081,-0.73,0.05,-0.11,6.95,29.77,-27.16,
40141.9,19.5,1.082866566110525,4.902377268303406,0.2470070281371878,-0.26,0.40,-0.10,7.81,31.65,-27.33,
40142.0,19.599999999998545,0.9441398201537736,4.570491925780526,0.22661756180909295,-0.16,0.23,-0.05,8.24,32.24,-25.90,
40142.1,19.69999999999709,0.9535722311393091,4.632558994672452,0.266140387002201,-0.15,0.11,0.02,8.18,32.17,-25.82,
40142.2,19.799999999995634,0.9701546268507922,4.71238898038469,0.24997862146082245,-0.04,0.09,-0.04,9.35,32.85,-25.15,
40142.3,19.900000000001455,0.9542012366372201,4.553733718198288,0.26854787378162887,-0.01,0.13,-0.10,8.49,32.01,-26.32,
40142.4,20.0,1.0698130677833395,4.632558994672452,0.2366345395787574,0.13,-0.07,0.05,8.66,32.51,-26.49,
40142.5,20.099999999998545,1.1024518130059018,5.034139534781332,0.20216255231514635,0.55,-0.61,0.14,7.30,31.48,-24.48,
40142.6,20.19999999999709,1.1396051947933545,5.206330349304271,0.12992609543986935,0.83,-0.10,-0.03,7.26,30.36,-26.26,
40142.7,20.299999999995634,1.053470455209827,5.924414636909014,0.08119257900764638,1.20,-0.88,-0.04,7.12,25.84,-25.32,
40142.8,20.400000000001455,0.9319871243745806,1.7359450042095235,0.06531301941955567,1.21,-0.68,-0.26,7.11,23.78,-27.68,
40142.9,20.5,0.8857764955111419,0.9994588469612699,0.18901875789842076,1.15,-0.88,0.02,4.66,22.03,-29.00,
40143.0,20.599999999998545,0.8481155581640983,0.8794593980254346,0.45988329657339766,1.01,-0.44,-0.14,2.33,21.05,-30.01,
40143.1,20.69999999999709,0.8318653737234168,1.0074800653029286,0.5707753573541043,0.68,0.23,-0.22,1.34,18.75,-30.98,
40143.2,20.799999999995634,0.8254695633395576,1.186191611972683,0.5810479737521608,0.52,-0.43,-0.08,2.33,18.31,-34.70,
40143.3,20.900000000001455,0.8258934555982388,1.089132649240035,0.6449421314792394,0.31,-0.28,-0.01,1.65,16.25,-32.73,
40143.4,21.0,0.800812087820857,1.089909046599561,0.7048221944783576,0.05,0.18,-0.11,-1.11,15.94,-35.00,
40143.5,21.099999999998545,0.8238931969618393,1.089909046599561,0.6812284137285627,-0.11,0.10,-0.03,-0.75,15.23,-34.03,
40143.6,21.19999999999709,0.8772684879784524,1.0714496051147666,0.6081098566662733,-0.18,0.00,0.04,0.20,15.31,-34.15,
40143.7,21.299999999995634,0.8892131353055914,1.010109331812091,0.6077226062215533,-0.18,-0.01,0.01,0.08,15.54,-33.06,
40143.8,21.400000000001455,0.9047651629014017,0.9884433806509134,0.5735186793902581,-0.19,-0.12,-0.08,-0.41,16.28,-34.36,
40143.9,21.5,0.9190212184710427,0.9314104211087237,0.5572190336448148,-0.13,-0.21,-0.02,0.42,17.49,-33.43,
40144.0,21.599999999998545,0.91,0.982793723247329,0.5410995259571458,-0.11,0.05,-0.00,0.11,16.77,-32.86,
40144.1,21.69999999999709,0.9148770409186143,0.943488134519134,0.5704775906733784,-0.05,0.07,0.00,0.11,17.45,-32.53,
40144.2,21.799999999995634,0.9375499986667377,0.8788749445560378,0.5061448346379531,0.12,0.03,0.07,-0.39,16.64,-33.32,
40144.3,21.900000000001455,0.9099450532861861,0.8760580505981934,0.5409990314219016,0.26,0.19,-0.04,-1.22,17.77,-34.18,
40144.4,22.0,0.8811923740024081,0.9391056924559273,0.6144776563299974,0.24,0.06,0.04,-0.31,17.18,-33.87,
40144.5,22.099999999998545,0.874414089547967,0.9664908199286669,0.6232731625301168,0.19,-0.27,0.11,-0.47,15.99,-33.94,
40144.6,22.19999999999709,0.912633551870629,1.027318732081853,0.6617376934994722,0.15,-0.02,0.14,-0.40,16.26,-34.37,
40144.7,22.299999999995634,0.8426743143112884,1.1583858851975093,0.670967106303765,-0.03,0.40,0.09,-1.48,16.36,-33.65,
40144.8,22.400000000001455,0.8801136290275251,1.0701286019201606,0.7565931801110795,-0.13,0.10,0.20,1.85,16.05,-35.24,
40144.9,22.5,0.8618004409374598,1.049361887023153,0.6802076004148285,-0.15,0.20,0.06,3.02,14.54,-34.70,
40145.0,22.599999999998545,0.8259539938761723,1.0978897231319675,0.6246237663382042,-0.19,0.53,-0.08,3.86,16.41,-35.19,
40145.1,22.69999999999709,0.8210968274204937,1.171280832795522,0.6371359111949467,-0.42,0.46,-0.12,4.21,16.77,-34.54,
40145.2,22.799999999995634,0.866083136886985,1.2742505177251962,0.4496336730892023,-0.65,0.23,-0.10,6.18,18.98,-33.68,
40145.3,22.900000000001455,0.9780593029055038,1.169567527790048,0.37525571471401475,-0.70,0.44,-0.27,6.24,18.75,-31.91,
40145.4,23.0,0.9272000862812729,1.633215136790854,0.3530896415347992,-0.79,0.67,-0.40,8.15,19.68,-29.68,
40145.5,23.099999999998545,0.8661408661412991,2.384758148031105,0.28989573348129977,-0.80,0.30,-0.35,8.50,20.89,-30.17,
40145.6,23.19999999999709,1.0152339631828715,2.0778948311872334,0.10158603697730441,-0.87,0.53,-0.22,9.86,22.42,-28.67,
40145.7,23.299999999995634,1.0036433629531956,3.3865713167166573,0.1650742047702233,-0.77,0.13,-0.12,10.95,23.92,-28.17,
40145.8,23.400000000001455,0.9831073186585481,3.4782674729765204,0.21724192927766958,-0.79,0.09,0.05,9.75,25.45,-28.59,
40145.9,23.5,1.0670051546267245,3.7179678741809767,0.2254630239038631,-0.52,0.36,-0.03,11.40,27.04,-28.17,
40146.0,23.599999999998545,1.004041831797859,3.7578895909858643,0.2972844647558766,-0.19,0.20,-0.02,11.14,28.49,-26.41,
40146.1,23.69999999999709,1.0475686135046238,3.799481258772003,0.26862280205374284,-0.02,0.01,0.06,11.73,29.34,-26.15,
40146.2,23.799999999995634,1.1289818421923359,3.823909208464541,0.18363314589383745,0.35,-0.36,0.08,11.08,28.65,-26.10,
40146.3,23.900000000001455,1.168289347721702,3.64869115798213,0.1771768994749537,0.84,-0.58,0.19,11.06,27.22,-27.62,
40146.4,24.0,1.16619037896906,3.141592653589793,0.10308160852270024,1.41,-0.75,0.28,11.06,25.32,-28.17,
40146.5,24.099999999998545,0.9669539802906858,1.9100889412489412,0.18753595148749352,1.52,-0.65,0.23,8.57,20.79,-28.74,
40146.6,24.19999999999709,0.8235289915965315,1.5413930385908916,0.42578507289055667,1.24,-0.27,0.18,7.29,20.22,-30.21,
40146.7,24.299999999995634,0.7753063910480811,1.5964317353165742,0.5272888324018941,0.86,-0.47,0.09,9.37,17.21,-32.96,
40146.8,24.400000000001455,0.7971198153351853,1.422946961536141,0.638667864067409,0.69,-0.77,-0.03,7.17,15.42,-32.78,
40146.9,24.5,0.7715568676384132,1.3208177053340742,0.6798795565037106,0.26,-0.24,0.01,5.51,14.44,-34.90,
40147.0,24.599999999998545,0.7749193506423749,1.2167988899630005,0.6852290354913464,-0.08,-0.38,0.07,3.87,14.37,-36.88,
40147.1,24.69999999999709,0.8235289915965315,1.142532173918242,0.661150827177507,-0.24,-0.36,0.00,1.91,14.96,-36.06,
40147.2,24.799999999995634,0.8937561188601731,1.0714496051147666,0.595324875665741,-0.30,-0.09,-0.07,1.31,15.74,-34.33,
40147.3,24.900000000001455,0.9008884503644167,1.0516502125483738,0.5668220235949362,-0.28,-0.01,-0.03,1.31,16.60,-34.37,
40147.4,25.0,0.9289779329994874,0.9888912086550111,0.5116741852375258,-0.21,-0.02,-0.01,1.19,17.37,-33.78,
40147.5,25.099999999998545,0.9115920140062659,0.9888912086550111,0.5224168663582253,-0.01,-0.14,0.04,0.28,16.60,-33.36,
40147.6,25.19999999999709,0.9220086767487603,0.9349579032711515,0.6018541699891855,-0.05,-0.01,-0.02,0.11,17.93,-32.66,
40147.7,25.299999999995634,0.9172240729505523,0.9770466600841254,0.5540664744408539,-0.15,0.07,-0.09,-0.01,17.29,-33.71,
40147.8,25.400000000001455,0.9283856957105704,1.0963964440029892,0.4645461801506173,0.10,0.29,-0.01,-0.23,17.45,-32.53,
40147.9,25.5,0.9075791976461338,1.0370881351556351,0.598158217329168,0.27,-0.00,0.06,0.67,17.05,-34.32,
40148.0,25.599999999998545,0.8828363381737296,0.9716210038085896,0.5972587698748479,0.25,-0.09,0.13,0.79,16.09,-32.86,
40148.1,25.69999999999709,0.861278120005379,1.0906212971913698,0.6794576296879214,0.09,-0.05,0.09,-1.25,16.49,-33.66,
40148.2,25.799999999995634,0.8188406438373709,1.1169523252733864,0.5908949827837338,0.01,0.18,0.02,0.78,15.05,-34.20,
40148.3,25.900000000001455,0.8391066678319271,1.1071487177940904,0.5620996201558128,-0.05,0.19,0.17,0.79,15.74,-34.20,
40148.4,26.0,0.929569792968769,0.992894389832651,0.6320385306791888,0.15,0.08,0.19,0.21,16.12,-34.70,
40148.5,26.099999999998545,0.8659676668328904,1.1156955182267019,0.6488214416119623,0.12,0.38,0.14,1.56,16.34,-35.64,
40148.6,26.19999999999709,0.8535221145348256,1.0906212971913698,0.6868197924833421,-0.04,0.50,0.01,2.85,14.03,-35.54,
40148.7,26.299999999995634,0.8670063436907482,1.2610933822524404,0.6503995581879481,-0.39,0.48,0.01,5.40,15.57,-33.37,
40148.8,26.400000000001455,0.8838551917593741,1.3473197256542635,0.5357826041019292,-0.61,0.47,-0.16,6.27,17.11,-35.88,
40148.9,26.5,0.9133454987024352,1.331564726831236,0.4803148205376494,-0.54,0.45,-0.04,6.44,16.94,-32.02,
40149.0,26.599999999998545,0.9252567211320326,1.4827889532671559,0.3778180139228575,-0.59,0.08,-0.10,8.96,17.31,-33.15,
40149.1,26.69999999999709,0.8927485648266257,1.423717971406494,0.31071312006519525,-0.65,0.37,-0.31,8.66,19.51,-30.85,
40149.2,26.799999999995634,0.9473119866232033,1.5152978215491797,0.19147212250784781,-0.65,0.33,-0.21,9.18,21.39,-30.01,
40149.3,26.900000000001455,0.9508417323613851,2.0032041023654346,0.15115542823393677,-0.70,0.51,-0.20,8.83,23.10,-28.00,
40149.4,27.0,0.9561380653441217,2.1587989303424644,0.11337128154371337,-0.68,0.68,-0.17,8.15,24.13,-30.35,
40149.5,27.099999999998545,1.0480935072788116,3.5363837732895544,0.12435499454676144,-0.61,0.51,-0.20,9.78,23.71,-29.48,
40149.6,27.19999999999709,0.9868130522039116,3.5464844398748765,0.2336463398277423,-0.48,0.20,-0.09,11.74,27.04,-29.17,
40149.7,27.299999999995634,1.029465880930495,3.4474715249946453,0.19477479879935347,-0.29,0.06,-0.15,10.72,28.06,-26.49,
40149.8,27.400000000001455,0.9964938534682489,3.6444358645176536,0.23110917844454573,-0.16,0.13,0.08,10.41,28.23,-27.10,
40149.9,27.5,1.0611785900591852,3.690142056040321,0.20012172037864806,0.12,-0.12,0.08,12.94,28.58,-26.66,
40150.0,27.599999999998545,1.0691117808723276,3.6052402625905993,0.18936648381356658,0.40,-0.09,0.14,11.50,28.56,-27.89,
40150.1,27.69999999999709,1.103902169578446,3.37268332078569,0.15887217128247108,0.61,0.01,0.27,13.28,27.21,-26.66,
40150.2,27.799999999995634,1.124188596277333,3.011890116433881,0.20781770334928382,1.08,-0.54,0.21,13.11,24.30,-27.16,
40150.3,27.900000000001455,0.9203260291874831,2.44685437739309,0.2574256042747704,1.20,-0.87,0.31,12.05,22.31,-29.24,
40150.4,28.0,0.901443287178955,1.6078164426688268,0.30440442650630434,0.95,-0.56,0.30,10.55,19.68,-31.02,
40150.5,28.099999999998545,0.8690799733051039,1.460139105621001,0.42990042769986425,0.96,-0.49,-0.03,9.83,18.82,-31.50,
40150.6,28.19999999999709,0.7991870869827665,1.4094212163742053,0.5765435186428345,0.88,-0.90,-0.05,7.81,16.94,-34.70,
40150.7,28.299999999995634,0.7857480512225277,1.3408918986629919,0.6615238769963869,0.39,-0.36,-0.09,6.27,15.06,-36.21,
40150.8,28.400000000001455,0.7824321056807421,1.3499675570655483,0.6968935893390665,-0.05,-0.00,-0.07,5.07,14.79,-35.47,
40150.9,28.5,0.7981854421122951,1.33105321792444,0.6191929776448003,-0.22,-0.20,0.01,4.49,14.72,-36.48,
40151.0,28.599999999998545,0.8501176389182852,1.1341691669813554,0.6238210191179928,-0.27,-0.43,0.01,1.99,15.91,-36.38,
40151.1,28.69999999999709,0.8704596486914256,1.0882830317724197,0.5760195842297315,-0.32,-0.03,-0.10,0.96,15.91,-34.37,
40151.2,28.799999999995634,0.9089004345911603,1.0074800653029286,0.5172504128769678,-0.24,0.06,-0.08,1.99,16.60,-34.37,
40151.3,28.900000000001455,0.9065318527222307,1.085174233497428,0.46568271718518556,-0.17,0.13,-0.07,1.43,16.44,-33.34,
40151.4,29.0,0.8866228059327146,1.1814796049617557,0.49547542946522716,-0.10,0.03,-0.15,2.74,18.17,-34.10,
40151.5,29.099999999998545,0.9362157870918435,1.0873493252276976,0.5035678691264157,-0.13,-0.10,0.00,1.14,17.45,-33.53,
40151.6,29.19999999999709,0.934986630920464,1.0343608691901653,0.4784421524864659,0.19,0.00,0.15,1.33,19.31,-33.03,
40151.7,29.299999999995634,0.9283318372220141,1.125495282907211,0.5529311179268724,0.23,-0.13,0.09,0.79,17.80,-32.53,
40151.8,29.400000000001455,0.9299462350050137,1.0882830317724197,0.5350075357049592,0.26,0.01,0.07,1.65,17.97,-34.03,
40151.9,29.5,0.8690799733051038,1.0563450137358688,0.6535291618747039,0.34,0.04,0.09,2.26,15.58,-33.65,
40152.0,29.599999999998545,0.8162107570964744,1.3547113544981102,0.540169291748594,0.08,0.16,0.18,3.02,17.28,-33.03,
40152.1,29.69999999999709,0.8683893136145792,1.2870022175865687,0.6135561455119167,0.12,0.05,0.14,3.56,15.74,-36.19,
40152.2,29.799999999995634,0.8595929269136641,1.2120256565243244,0.6389782313262757,0.09,0.20,0.27,4.23,15.53,-35.40,
40152.3,29.900000000001455,0.8237718130647589,1.2368512549500026,0.6810466340670023,-0.15,0.21,0.13,6.78,14.54,-34.70,
40152.4,30.0,0.9113725912051558,1.125495282907211,0.5644564910235739,-0.33,0.26,0.13,6.19,16.15,-35.04,
40152.5,30.099999999998545,0.9334880824091971,1.306307944245664,0.5618175499462102,-0.41,0.34,-0.11,4.90,17.45,-34.20,
40152.6,30.19999999999709,0.9477341399358787,1.422946961536141,0.5252042548783891,-0.25,-0.02,-0.12,9.47,16.27,-34.36,
40152.7,30.299999999995634,0.9247702417357513,1.382574821490126,0.48062371171412394,-0.34,0.24,-0.15,7.79,16.90,-34.17,
40152.8,30.400000000001455,0.9235258523723091,1.217805938967986,0.45393264558489643,-0.41,0.42,-0.20,8.32,16.77,-32.86,
40152.9,30.5,0.8937001734362593,1.4801364395941514,0.37984233560378355,-0.64,0.77,-0.17,8.63,18.38,-33.38,
40153.0,30.599999999998545,0.9489994731294639,1.8337910584758161,0.28768022308856994,-0.70,0.20,-0.22,10.37,19.32,-32.31,
40153.1,30.69999999999709,0.9906563480844404,2.0344439357957027,0.2045680412017182,-0.65,0.47,-0.22,11.37,20.92,-32.08,
40153.2,30.799999999995634,1.0037429949942367,2.007423486608438,0.16566897973603986,-0.60,0.33,-0.32,11.69,22.30,-30.91,
40153.3,30.900000000001455,1.0623088063270492,2.6224465393432705,0.15237643607162438,-0.19,0.51,-0.16,13.11,22.59,-29.17,
40153.4,31.0,0.9632237538599222,3.0940095503128098,0.22003617396952005,-0.25,0.13,-0.03,11.82,24.29,-28.76,
40153.5,31.099999999998545,0.9856977224281286,2.961739153797315,0.22884346066946867,-0.21,0.02,-0.03,11.96,23.91,-29.17,
40153.6,31.19999999999709,1.0798611021793498,2.896613990462929,0.19208816881053528,0.08,-0.16,0.10,13.10,23.69,-28.14,
40153.7,31.299999999995634,1.1498260738042079,2.214297435588181,0.13082739607405694,0.51,-0.43,0.29,12.68,23.57,-29.65,
40153.8,31.400000000001455,1.1145402639653716,2.0152155366959956,0.21023587956266737,0.91,-0.40,0.24,12.26,21.39,-30.01,
40153.9,31.5,0.9962429422585637,2.214297435588181,0.30587887140485215,1.10,-0.62,0.17,12.05,21.66,-29.61,
40154.0,31.599999999998545,0.869310071263413,1.9949907346986635,0.4020263036673494,1.17,-1.02,0.28,11.89,18.42,-31.53,
40154.1,31.69999999999709,0.82,1.4056476493802699,0.6353263859645211,0.91,-0.65,0.01,7.28,16.02,-33.00,
40154.2,31.799999999995634,0.7783315488916018,1.3948567013423687,0.6276262765903613,0.61,-0.04,-0.10,6.76,14.32,-34.58,
40154.3,31.900000000001455,0.7517978451685001,1.4909663410826592,0.7304397233386393,0.31,-0.27,-0.11,6.55,13.27,-36.27,
40154.4,32.0,0.7612489737267303,1.3212094013579119,0.7633893312407816,-0.09,-0.42,-0.05,5.24,13.35,-35.54,
40154.5,32.099999999998545,0.7823042886243179,1.2610933822524404,0.7356428857296042,-0.43,-0.09,-0.02,3.96,13.15,-36.69,
40154.6,32.19999999999709,0.8596510920134982,1.1902899496825317,0.598970502566378,-0.43,-0.11,-0.02,3.06,13.62,-36.28,
40154.7,32.299999999995634,0.926228913390205,1.1505996131856213,0.5893035278537757,-0.32,-0.48,-0.00,3.36,15.23,-34.37,
40154.8,32.400000000001455,0.9502631214563679,1.0232340908548991,0.5297787628957938,-0.18,-0.09,-0.00,1.40,16.07,-33.85,
40154.9,32.5,0.9100549433962766,1.0873493252276976,0.5194759394259088,-0.12,0.01,0.03,3.02,16.26,-32.36,
40155.0,32.599999999998545,0.9447221813845592,1.0269638704927742,0.5608377764634548,-0.09,-0.26,0.00,0.61,15.92,-33.58,
40155.1,32.69999999999709,0.9666436778875658,0.9272952180016123,0.42662749312687615,0.11,0.37,0.03,1.24,16.60,-32.99,
40155.2,32.799999999995634,0.9689685237405805,1.0978897231319675,0.5218444674389412,0.28,0.03,0.11,1.99,15.91,-33.70,
40155.3,32.900000000001455,0.9114274518577987,1.079632728508636,0.5645515476508937,0.25,-0.10,0.16,0.94,15.40,-33.83,
40155.4,33.0,0.8911228871485684,1.0783105609229715,0.5493644189884543,0.32,-0.13,0.01,0.62,15.57,-33.70,
40155.5,33.099999999998545,0.9012213934433647,1.049361887023153,0.6453059575759297,0.30,-0.04,0.15,0.28,14.20,-35.04,
40155.6,33.19999999999709,0.8608716512930368,1.0636978224025597,0.6409748359504848,0.34,-0.08,0.18,-0.04,14.55,-35.37,
40155.7,33.299999999995634,0.8413085046521281,1.0026915943204695,0.7244960570064138,0.41,-0.02,0.22,1.31,13.52,-35.38,
40155.8,33.400000000001455,0.7870832230456956,1.226577643812429,0.7971022185000135,-0.04,0.52,-0.06,0.47,11.90,-35.52,
40155.9,33.5,0.8331266410336425,1.2597980461893556,0.7838854107654125,-0.16,0.25,-0.07,2.03,13.22,-35.50,
40156.0,33.599999999998545,0.8884255736976507,1.2548260548419161,0.6633876414990766,-0.16,-0.17,0.08,1.65,12.83,-35.71,
40156.1,33.69999999999709,0.9292470069900683,1.2583047670603775,0.8258011222666419,-0.37,0.37,-0.10,4.69,12.79,-36.05,
40156.2,33.799999999995634,0.9020532135079394,1.3481353861585317,0.6465298720085779,-0.65,0.45,-0.23,5.07,13.86,-36.05,
40156.3,33.900000000001455,0.973755616158387,1.2304143881529896,0.5502957052213959,-0.59,0.01,-0.18,6.27,13.01,-34.20,
40156.4,34.0,0.8987213138676527,1.2986504362637092,0.5198378327213,-0.66,0.27,-0.29,6.97,14.59,-33.58,
40156.5,34.099999999998545,0.8746427842267951,1.5707963267948966,0.3868757177310281,-0.83,0.64,-0.35,7.64,17.11,-32.53,
40156.6,34.19999999999709,0.9360021367496979,1.80634130751576,0.27825481418609105,-1.00,0.44,-0.27,8.00,19.83,-32.17,
40156.7,34.299999999995634,0.9891915891272024,2.3036114285814033,0.13642908157248523,-0.97,0.57,-0.26,9.52,20.02,-31.35,
40156.8,34.400000000001455,1.067988763985839,2.137525544318403,0.1223890435200946,-0.77,0.29,-0.33,10.89,24.47,-31.35,
40156.9,34.5,1.0062802790475425,3.0860941483440762,0.18012488208389643,-0.51,0.53,-0.24,12.04,25.28,-28.25,
40157.0,34.599999999998545,0.9848350115628506,3.4146013566765037,0.26676555665805934,-0.44,0.26,-0.17,11.40,26.01,-28.50,
40157.1,34.69999999999709,1.035519193448388,3.5464844398748765,0.2224668685584443,-0.25,-0.44,0.03,10.20,27.89,-28.00,
40157.2,34.799999999995634,1.0705606008068858,3.7850937623830774,0.14057605140955787,0.11,-0.24,0.12,10.26,26.24,-28.28,
40157.3,34.900000000001455,1.0686907878334126,3.4400915851759724,0.12761839901452898,0.35,-0.05,0.14,9.52,27.55,-28.34,
40157.4,35.0,0.9839207285142436,3.3865713167166573,0.16841442981661064,0.66,-1.10,0.28,9.95,27.40,-28.38,
40157.5,35.099999999998545,1.0633908030446757,0.7853981633974483,0.0798794929537872,0.88,-1.21,0.29,8.32,24.30,-28.84,
40157.6,35.19999999999709,1.103313192162588,0.7328151017865066,0.2463613449337315,1.25,-0.26,0.11,4.56,23.61,-29.51,
40157.7,35.299999999995634,0.8874119674649424,1.4108832036366774,0.36167898432408496,1.25,-0.12,-0.00,5.25,20.44,-30.65,
40157.8,35.400000000001455,0.8246817568007673,1.2924966677897851,0.45714608707847537,0.97,-0.95,0.26,4.04,18.31,-31.02,
40157.9,35.5,0.8802840450672726,0.9685089806599324,0.723100050260534,0.69,-0.19,-0.18,2.81,16.63,-33.33,
40158.0,35.599999999998545,0.788416133777081,1.236059489478082,0.6658585021386672,0.26,1.02,-0.26,3.19,14.72,-35.54,
40158.1,35.69999999999709,0.7790378681424928,1.4858945333451747,0.6503804759887998,0.10,-0.28,-0.17,6.10,14.54,-36.05,
40158.2,35.799999999995634,0.8110487038396647,1.3208177053340742,0.6411114235682502,-0.11,-0.52,-0.06,3.51,13.60,-37.37,
40158.3,35.900000000001455,0.8144937077718895,1.1938870564700756,0.6864724344875228,-0.31,-0.31,0.03,3.36,14.89,-36.72,
40158.4,36.0,0.8668909966079934,1.044169055361146,0.6110975518008899,-0.30,-0.15,0.02,-0.23,16.09,-35.88,
40158.5,36.099999999998545,0.8832326986700617,1.0303768265243125,0.5564161747829313,-0.25,-0.21,0.02,-0.06,16.26,-33.36,
40158.6,36.19999999999709,0.9542536350467835,1.037952439175508,0.4943672455289888,-0.21,-0.02,-0.04,-0.23,17.45,-32.19,
40158.7,36.299999999995634,0.9178235124467012,1.0516502125483738,0.5551211675567871,-0.07,-0.18,-0.01,0.69,17.16,-33.39,
40158.8,36.400000000001455,0.9489467845985886,0.9664908199286669,0.5678859586508788,-0.14,-0.20,-0.03,0.13,17.28,-32.02,
40158.9,36.5,0.9907572861200669,0.7853981633974483,0.3802210430368116,0.04,0.44,0.01,-0.23,15.74,-32.53,
40159.0,36.599999999998545,0.9568176419778223,1.073453610448074,0.42928357998887917,0.28,0.23,0.09,0.62,17.33,-33.22,
40159.1,36.69999999999709,0.870976463516667,1.085174233497428,0.486306225431557,0.31,-0.38,0.11,2.33,17.28,-32.69,
40159.2,36.799999999995634,0.8026830009412185,0.913721391083243,0.5832073938825333,0.18,-0.10,0.05,-1.77,16.60,-34.70,
40159.3,36.900000000001455,0.8884818512496471,0.9048270894157868,0.6449731163810898,0.26,-0.31,0.28,0.24,15.53,-34.05,
40159.4,37.0,0.8452810183601664,1.1273479903751584,0.5514080065794642,0.16,0.45,0.15,-0.75,14.20,-34.37,
40159.5,37.099999999998545,0.77,1.2490457723982544,0.6125547383393389,0.05,0.49,-0.06,1.00,14.88,-36.96,
40159.6,37.19999999999709,0.8183520025025907,1.2555816270441855,0.6325900042383615,-0.16,-0.01,0.16,3.59,15.09,-34.00,
40159.7,37.299999999995634,0.9390953093270139,1.1872688108379048,0.7135443410114005,-0.29,0.04,0.03,2.85,14.72,-34.54,
40159.8,37.400000000001455,0.9343446901438462,1.1832725210146178,0.6021724681162519,-0.47,0.87,0.02,4.11,17.11,-34.35,
40159.9,37.5,0.920271699010678,1.378095568132511,0.4711625099107427,-0.48,0.18,-0.11,6.78,17.28,-33.36,
40160.0,37.599999999998545,0.9857484466130292,1.2341215074081695,0.44440352780862175,-0.60,0.41,-0.24,7.09,17.33,-33.35,
40160.1,37.69999999999709,0.9126883367283708,1.9401299844685223,0.3727904993824479,-0.67,1.41,-0.54,11.65,19.19,-33.67,
40160.2,37.799999999995634,0.8825531145489205,2.214297435588181,0.3468348975810076,-0.73,0.19,-0.29,12.26,19.34,-31.02,
40160.3,37.900000000001455,0.9192932067626738,2.5415424401880395,0.25312291180687657,-1.02,0.51,-0.15,11.70,21.45,-29.43,
40160.4,38.0,0.9514725429564429,3.0419240010986313,0.21285250244542644,-0.92,0.27,-0.36,14.29,24.79,-29.95,
40160.5,38.099999999998545,0.9582275303913993,3.4496454346135694,0.24332629617130858,-0.85,-0.04,-0.36,11.96,25.84,-26.68,
40160.6,38.19999999999709,1.0547511554864493,3.6052402625905993,0.32361856530398636,-0.70,0.23,-0.17,13.46,28.23,-26.94,
40160.7,38.299999999995634,1.084665847162157,3.7656157065665496,0.287976145370503,-0.38,-0.06,-0.04,12.41,29.99,-27.51,
40160.8,38.400000000001455,1.0664895686315923,3.8815675375656644,0.2963499307311153,-0.05,0.11,0.03,11.91,29.94,-24.65,
40160.9,38.5,1.1000454536063498,3.797288279831329,0.3027975711973056,0.16,-0.12,0.13,12.89,30.73,-26.42,
40161.0,38.599999999998545,1.138639539099183,3.7578895909858643,0.26126046273753,0.56,-0.23,0.31,12.48,30.03,-26.77,
40161.1,38.69999999999709,1.1915536076903968,3.365069254730426,0.1904912466671013,1.01,-0.28,0.38,12.44,26.96,-27.28,
40161.2,38.799999999995634,1.0833743581975714,2.9147938055359073,0.24885904930680108,1.58,-0.79,0.26,12.79,26.06,-27.24,
40161.3,38.900000000001455,0.875956619930462,2.27068919651414,0.287514682275122,1.59,-1.23,0.32,11.23,21.05,-28.67,
40161.4,39.0,0.7531932023060219,1.4157995848709557,0.4445069207447131,1.26,-1.35,0.12,8.83,19.23,-30.94,
40161.5,39.099999999998545,0.751265598839718,1.4288992721907328,0.6001090327173351,0.80,-0.49,-0.14,6.31,15.23,-34.55,
40161.6,39.19999999999709,0.7236021006050218,1.4876550949064553,0.7283608647751378,0.31,-0.14,-0.11,4.73,14.89,-36.05,
40161.7,39.299999999995634,0.7484650960465691,1.3208177053340742,0.705081770770051,-0.09,-0.34,0.03,1.47,14.26,-35.95,
40161.8,39.400000000001455,0.8072793816269558,1.2422431562434455,0.6136339679724253,-0.29,-0.21,0.12,3.36,14.54,-36.05,
40161.9,39.5,0.8339064695755753,1.089132649240035,0.6377332006986509,-0.27,-0.51,0.08,0.77,15.20,-34.73,
40162.0,39.599999999998545,0.8912911982062877,0.870903457075653,0.5912292379538201,-0.29,-0.08,0.04,-0.74,16.26,-34.98,
40162.1,39.69999999999709,0.9161877536837086,0.9716210038085896,0.5727033471379603,-0.24,0.09,-0.13,-1.60,18.82,-32.19,
40162.2,39.799999999995634,0.8867919710958145,1.0222469243443686,0.49582828612938407,-0.20,-0.11,-0.07,-1.05,18.46,-32.65,
40162.3,39.900000000001455,0.9259049627256569,0.9530406012286641,0.5275966290477636,-0.22,-0.15,-0.07,-0.58,17.80,-32.19,
40162.4,40.0,0.9976472322419383,0.960070362405688,0.5114173051111854,0.19,0.03,0.07,-0.33,18.39,-32.25,
40162.5,40.099999999998545,0.918313671900838,1.0096329145065444,0.466959695156512,0.41,0.13,-0.02,1.09,17.78,-32.80,
40162.6,40.19999999999709,0.8630758946929291,1.0265158418489166,0.5406029521425637,0.47,0.21,0.09,0.79,17.80,-33.53,
40162.7,40.299999999995634,0.8237718130647589,1.0541011880326194,0.6615296380474361,0.42,0.27,0.05,0.41,15.76,-34.68,
40162.8,40.400000000001455,0.7890500617831546,1.2737321144538538,0.706855174308201,0.14,0.30,0.12,1.48,14.03,-35.21,
40162.9,40.5,0.8324061508662703,1.1978086049948358,0.6352969076630538,-0.08,0.11,0.17,2.85,14.72,-35.54,
40163.0,40.599999999998545,0.8745856161634491,1.1743550435764554,0.5621427077519059,0.04,-0.08,0.26,1.31,13.51,-34.04,
40163.1,40.69999999999709,0.8773254812211942,1.1593400833811944,0.7532205717181213,0.05,0.04,0.08,1.82,12.66,-35.21,
40163.2,40.799999999995634,0.8605230967266363,1.223410363876577,0.799241930750249,-0.38,0.52,-0.08,3.36,14.20,-35.71,
40163.3,40.900000000001455,0.9278469701410896,1.24339611499467,0.6475811711722329,-0.61,0.44,-0.12,4.13,13.38,-33.63,
40163.4,41.0,0.9958915603618699,1.338692488719741,0.6034497741933724,-0.50,0.47,-0.45,5.07,14.89,-33.70,
40163.5,41.099999999998545,0.9551439682058406,1.4094212163742053,0.4736305294951726,-0.54,0.49,-0.27,6.78,16.59,-32.38,
40163.6,41.19999999999709,0.9156964562561111,1.6295521495106193,0.3811023072859725,-0.89,0.38,-0.08,8.15,17.28,-32.36,
40163.7,41.299999999995634,0.9572878355019455,1.6814535479687924,0.1903354997750753,-0.89,0.03,-0.07,7.98,20.53,-32.19,
40163.8,41.400000000001455,0.9815294188153506,1.5707963267948966,0.15342392157884518,-0.82,0.06,-0.34,7.32,21.63,-31.30,
40163.9,41.5,1.042784733298297,1.9756881130799802,0.0730981128017289,-0.59,0.79,-0.17,8.32,24.64,-31.19,
40164.0,41.599999999998545,1.0144456614328832,2.819842099193151,0.09365425773598605,-0.47,0.50,-0.12,10.72,25.32,-29.51,
40164.1,41.69999999999709,1.0159724405711013,3.141592653589793,0.10848331155497139,-0.28,0.09,-0.02,10.36,25.98,-29.00,
40164.2,41.799999999995634,1.000299955013495,3.3526859868125394,0.14362859053107405,-0.10,0.11,-0.02,10.72,26.01,-29.51,
40164.3,41.900000000001455,1.028688485402651,3.368391501643679,0.13006224564207497,0.14,-0.07,0.03,10.33,27.73,-28.59,
40164.4,42.0,1.035905401086412,3.232252540790538,0.10682826636872271,0.35,-0.09,0.08,9.86,25.50,-28.67,
40164.5,42.099999999998545,1.1000909053346455,2.79856871316909,0.13554962198529447,0.51,-0.15,0.27,11.74,25.67,-30.52,
40164.6,42.19999999999709,1.1144505372604028,2.0344439357957027,0.16121186019421752,0.97,-0.95,0.42,10.08,23.52,-29.83,
40164.7,42.299999999995634,1.0043903623591774,1.5707963267948966,0.22082876972934834,1.30,-1.31,0.23,8.91,21.58,-31.32,
40164.8,42.400000000001455,0.9415412895885129,1.306832603169192,0.4192464491129873,1.25,-0.61,0.10,5.37,18.05,-31.06,
40164.9,42.5,0.8453401682163223,1.2835148733977624,0.5737000119699226,1.01,-0.16,0.04,5.24,15.40,-33.20,
40165.0,42.599999999998545,0.77110310594628,1.4089588955564738,0.6995412740854844,0.56,-0.07,-0.08,4.56,13.69,-36.88,
40165.1,42.69999999999709,0.8038034585643433,1.4559197213779975,0.709186361077119,0.26,-0.07,0.01,5.41,11.68,-35.28,
40165.2,42.799999999995634,0.802122185206219,1.446441332248135,0.780424503507022,0.05,-0.07,0.01,5.07,11.81,-35.04,
40165.3,42.900000000001455,0.8060397012554655,1.3090828243936916,0.8027173106367881,-0.27,-0.21,-0.04,4.90,12.66,-37.55,
40165.4,43.0,0.8601162712098871,1.1801892830972098,0.6961166806235817,-0.53,-0.03,-0.06,4.38,12.17,-37.06,
40165.5,43.099999999998545,0.8853247991556544,1.1160770519739271,0.6013790836954391,-0.41,-0.60,-0.04,4.39,15.23,-35.04,
40165.6,43.19999999999709,0.8887069258197552,1.0974402849599816,0.5449078457809282,-0.40,-0.16,-0.05,0.88,16.08,-34.78,
40165.7,43.299999999995634,0.8996666049153987,1.0343608691901653,0.4989132455807562,-0.30,-0.25,-0.01,1.02,16.11,-33.84,
40165.8,43.400000000001455,0.9468896451012653,0.8865015351337469,0.5444113415831586,-0.14,-0.21,0.03,-0.23,17.11,-33.53,
40165.9,43.5,0.9451983918733674,0.906021831977551,0.5205560866286171,-0.11,0.10,-0.04,0.29,17.95,-32.97,
40166.0,43.599999999998545,0.9285472524325296,1.0146300966744435,0.48836763634607366,0.14,0.08,0.06,-0.40,17.63,-33.70,
40166.1,43.69999999999709,0.9325234581499813,0.9964914966201949,0.4492302982820637,0.31,0.01,0.09,1.99,16.94,-32.69,
40166.2,43.799999999995634,0.9002777349240622,0.9770466600841254,0.5657553483959032,0.44,0.00,0.25,1.14,16.39,-33.60,
40166.3,43.900000000001455,0.8556868586112562,1.0541011880326194,0.6328084301185436,0.39,0.09,0.23,0.79,15.40,-34.20,
40166.4,44.0,0.8608716512930368,1.1505996131856213,0.6409748359504848,0.35,-0.17,0.26,2.54,15.12,-35.76,
40166.5,44.099999999998545,0.8552777326693358,1.0982993912778327,0.6321559197473333,0.20,0.20,0.07,2.65,15.37,-36.02,
40166.6,44.19999999999709,0.8372574275573792,1.0986743443911198,0.6819513206458446,0.09,0.30,-0.12,2.16,13.35,-35.54,
40166.7,44.299999999995634,0.7869561614219689,1.1902899496825317,0.663493218770368,-0.02,0.25,-0.23,4.31,12.88,-36.85,
40166.8,44.400000000001455,0.8348053665376141,1.4209838702219992,0.6971956856878693,-0.19,0.27,-0.23,3.79,12.33,-35.51,
40166.9,44.5,0.938402898546248,1.2838575738641271,0.7446991359328233,-0.39,-0.01,-0.10,6.50,13.14,-36.49,
40167.0,44.599999999998545,0.9376566535784834,1.3876855095324125,0.6257377741248282,-0.57,0.53,-0.20,5.36,14.50,-35.91,
40167.1,44.69999999999709,0.9693296652842107,1.446441332248135,0.5224920325114404,-0.56,0.69,-0.10,7.64,15.40,-35.54,
40167.2,44.799999999995634,0.9486832980505138,1.5208379310729538,0.4358308608517523,-0.39,0.20,-0.05,7.89,16.84,-33.28,
40167.3,44.900000000001455,0.9330058949438637,1.4141944498128813,0.42501171909709684,-0.28,-0.13,-0.03,9.01,18.14,-32.86,
40167.4,45.0,0.9179324593890337,1.5437758776076318,0.4150404592425313,-0.44,0.22,0.01,7.79,18.74,-32.31,
40167.5,45.099999999998545,0.9291931984253866,1.3339475658479762,0.3268506997912809,-0.58,0.05,-0.01,8.98,19.56,-32.14,
40167.6,45.19999999999709,0.9073036977771004,1.4801364395941514,0.24594871665211135,-0.60,-0.07,-0.11,8.15,20.70,-32.02,
40167.7,45.299999999995634,0.9369098142297368,1.2847448850775784,0.1902790134397423,-0.53,-0.42,-0.13,7.81,22.07,-31.86,
40167.8,45.400000000001455,1.0038924245156948,0.9994588469612699,0.16655686656573718,-0.33,-0.35,-0.34,6.38,22.57,-31.69,
40167.9,45.5,0.9464142856064673,1.5707963267948966,0.11649146069465016,-0.16,0.38,-0.34,4.21,22.29,-30.64,
40168.0,45.599999999998545,0.9605727458136629,0.8850668158886104,0.14850562902420436,-0.18,-0.02,-0.10,5.13,22.69,-30.44,
40168.1,45.69999999999709,0.9544631999192006,1.3521273809209546,0.0967448719534338,-0.07,0.15,-0.06,5.41,24.47,-29.01,
40168.2,45.799999999995634,0.9267685795278129,1.3909428270024184,0.12093243271233702,-0.01,0.09,-0.06,5.41,23.78,-31.69,
40168.3,45.900000000001455,0.8936442245099556,1.6951513213416582,0.09034059147696312,-0.04,0.08,-0.05,6.30,23.03,-31.21,
40168.4,46.0,0.8239538822045805,1.446441332248135,0.09800522533494586,-0.05,0.20,-0.12,6.22,23.90,-30.62,
40168.5,46.099999999998545,0.9047098982546836,1.7894652726688387,0.10208329515856278,-0.10,0.25,-0.08,7.21,24.29,-29.90,
40168.6,46.19999999999709,0.9534149149242421,1.6951513213416582,0.08466300618173732,-0.17,-0.05,0.01,7.39,24.47,-31.09,
40168.7,46.299999999995634,0.952732911156112,2.1587989303424644,0.07576105952975769,-0.02,0.03,0.06,6.10,25.15,-30.01,
40168.8,46.400000000001455,0.9426558226627574,2.356194490192345,0.07508271598487022,-0.01,-0.04,-0.01,6.75,22.97,-30.24,
