Time,aclx,acly,aclz,gx,gy,gz,mr,mtheta,mphi71338.500000,-3.780259,1.033734,0.926631,-0.017027,0.047343,-0.188302,0.000000,-0.275062,-2.671848
71338.600000,-3.723865,1.028821,0.940151,-0.044733,-0.002459,-0.202472,0.000000,-0.301498,-2.670858
71338.700000,-3.685062,1.026285,0.937250,-0.063802,-0.035141,-0.213100,0.000000,-0.312412,-2.670651
71338.800000,-3.669643,1.012458,0.933812,-0.075591,-0.056411,-0.224672,0.000000,-0.323084,-2.668453
71338.900000,-3.640094,0.994488,0.924483,-0.082284,-0.073426,-0.239882,0.000000,-0.332678,-2.668096
71339.100000,-3.612385,0.992964,0.936447,-0.086515,-0.087348,-0.260442,0.000000,-0.347726,-2.667427
71339.200000,-3.535006,0.957927,0.932058,-0.095227,-0.117908,-0.287494,0.000000,-0.333910,-2.654123
71339.300000,-3.460185,0.907905,0.910115,-0.103939,-0.145073,-0.309136,0.000000,-0.305008,-2.635413
71339.400000,-3.424885,0.904270,0.916115,-0.120118,-0.175633,-0.319957,0.000000,-0.325275,-2.634215
71339.500000,-3.421476,0.918835,0.921225,-0.126549,-0.186102,-0.332130,0.000000,-0.334473,-2.638911
71339.600000,-3.258143,0.721808,0.783989,-0.273199,-0.318246,-0.441692,0.000000,-0.183263,-2.614012
71339.700000,-3.111196,0.539453,0.627277,-0.391432,-0.409926,-0.506617,0.000000,-0.005902,-2.342195
71339.800000,-2.927296,0.353483,0.438314,-0.508421,-0.484629,-0.539080,0.000000,0.137731,-2.089677
71339.900000,-2.769869,0.181544,0.308139,-0.632877,-0.576309,-0.647289,0.000000,0.299926,-2.071287
71340.100000,-2.602607,0.016816,0.181134,-0.751110,-0.583100,-0.593184,0.000000,0.474551,-2.069929
71340.200000,-2.357267,-0.162808,0.008715,-0.868099,-0.555935,-0.503912,0.000000,0.613405,-1.817712
71340.300000,-2.205881,-0.310002,-0.117657,-0.983843,-0.484629,-0.409229,0.000000,0.764277,-1.410891
71340.400000,-2.042784,-0.438974,-0.232377,-1.113278,-0.579704,-0.495796,0.000000,0.897196,-1.045501
71340.500000,-1.831250,-0.654713,-0.454923,-1.194381,-0.319944,-0.438761,0.000000,1.044694,-0.716683
71340.600000,-1.403019,-0.997592,-0.796063,-1.286271,-0.284291,-0.447102,0.000000,1.301292,-0.282341
71340.700000,-1.263937,-1.003320,-0.868545,-1.149370,-0.111117,-0.352419,0.000000,1.280256,-0.048361
71340.800000,-1.163532,-1.003977,-0.936270,-1.014957,0.072243,-0.279378,0.000000,1.239128,-0.067270
71340.900000,-1.068727,-1.005143,-0.970877,-0.881789,0.218252,-0.244210,0.000000,1.231177,-0.065990
71341.100000,-0.941615,-1.008650,-1.050568,-0.747377,0.405008,-0.125180,0.000000,1.202565,0.166769
71341.200000,-0.866923,-1.011802,-1.127019,-0.622921,0.510271,-0.165759,0.000000,1.166544,0.418792
71341.300000,-0.879981,-1.013177,-1.177563,-0.503443,0.578182,-0.236095,0.000000,1.173698,0.419553
71341.400000,-0.813917,-1.015531,-1.257009,-0.386454,0.598555,-0.309136,0.000000,1.131783,0.252751
71341.500000,-0.741472,-1.029611,-1.332345,-0.245197,0.785028,-0.205661,0.000000,1.095837,0.126192
71341.600000,-0.586400,-1.035786,-1.408500,-0.076559,0.615533,-0.227979,0.000000,1.093874,0.127673
71341.700000,-0.572830,-1.039840,-1.398722,-0.091493,0.527248,-0.217158,0.000000,1.103837,0.129841
71341.800000,-0.515556,-1.043308,-1.403012,-0.102694,0.388030,-0.219863,0.000000,1.097757,0.130403
71341.900000,-0.486773,-1.048653,-1.393107,-0.111406,0.235230,-0.222568,0.000000,1.104158,0.132537
71342.100000,-0.489107,-1.050139,-1.373778,-0.126341,0.136759,-0.217158,0.000000,1.106510,0.133896
71342.200000,-0.475130,-1.052965,-1.368739,-0.130075,-0.039810,-0.211747,0.000000,1.112799,0.136581
71342.300000,-0.432303,-1.057534,-1.369499,-0.131319,-0.223170,-0.203632,0.000000,1.103804,0.137008
71342.400000,-0.385470,-1.061109,-1.367389,-0.130075,-0.406531,-0.190106,0.000000,1.097432,0.137623
71342.500000,-0.341255,-1.066932,-1.349753,-0.123126,-0.637429,-0.170944,0.000000,1.120122,0.142661
71342.600000,-0.275463,-1.063217,-1.348072,-0.116385,-0.844558,-0.173874,0.000000,1.127129,0.142822
71342.700000,-0.247122,-1.060251,-1.346912,-0.102694,-0.817394,-0.187400,0.000000,1.136429,0.143830
71342.800000,-0.218354,-1.054445,-1.352788,-0.089004,-0.773251,-0.200927,0.000000,1.134518,0.143111
71342.900000,-0.262322,-1.055366,-1.353500,-0.079048,-0.688362,-0.203632,0.000000,1.140041,0.143421
71343.100000,-0.244003,-1.051940,-1.360130,-0.070336,-0.610264,-0.209042,0.000000,1.140267,0.142434
71343.200000,-0.224422,-1.051098,-1.363348,-0.056646,-0.545749,-0.214453,0.000000,1.147173,0.143522
71343.300000,-0.209879,-1.050743,-1.360657,-0.050423,-0.454069,-0.230684,0.000000,1.162885,0.147020
71343.400000,-0.250921,-1.046471,-1.327569,-0.045445,-0.355597,-0.246915,0.000000,1.191889,-0.083072
71343.500000,-0.222186,-1.044383,-1.326458,-0.039844,-0.195440,-0.250297,0.000000,1.214273,-0.060124
71343.600000,-0.223544,-0.958717,-1.139641,0.271918,-0.457464,-0.136001,0.000000,1.005731,-0.319220
71343.700000,-0.222562,-0.856616,-0.924970,0.590526,-0.922656,0.034428,0.000000,0.758768,-0.565171
71343.800000,-0.243333,-0.734799,-0.725796,0.885487,-1.353892,0.150753,0.000000,0.605243,-0.798396
71343.900000,-0.293175,-0.668210,-0.548706,1.174225,-1.781733,0.253551,0.000000,0.439994,-1.033255
71344.100000,-0.291440,-0.595685,-0.371379,1.456740,-2.192596,0.337413,0.000000,0.306277,-1.265003
71344.200000,-0.296313,-0.506293,-0.179583,1.770369,-2.654392,0.499727,0.000000,0.133994,-1.499734
71344.300000,-0.287654,-0.411686,0.012529,2.037949,-3.010926,0.561947,0.000000,-0.054022,-1.736464
71344.400000,-0.228282,-0.241486,0.230462,2.296818,-3.296153,0.621462,0.000000,-0.328098,-1.583611
71344.500000,-0.227408,-0.166759,0.422175,2.668527,-3.874530,0.830892,0.000000,-0.568733,-1.660802
71344.600000,-0.088791,0.146882,0.831895,2.902919,-4.267283,0.924448,0.000000,-1.012601,-1.670647
71344.700000,0.093282,0.301645,0.886526,2.588045,-3.812278,0.789186,0.000000,-1.076145,-1.275947
71344.800000,0.238352,0.434447,0.922656,2.259481,-3.350482,0.629578,0.000000,-1.103353,-0.873649
71344.900000,0.423223,0.539132,0.984156,1.954564,-2.919246,0.521369,0.000000,-1.236800,-0.482690
71345.100000,0.657059,0.707567,1.053036,1.662092,-2.511778,0.429391,0.000000,-1.350065,-0.091309
71345.200000,0.830549,0.870868,1.131669,1.377088,-2.128080,0.356350,0.000000,-1.479899,0.299389
71345.300000,0.971750,1.012577,1.197150,1.053502,-1.669679,0.202152,0.000000,-1.569335,0.691694
71345.400000,1.100409,1.152210,1.256973,0.783433,-1.360683,0.145342,0.000000,-1.650327,1.087349
71345.500000,1.232927,1.252998,1.297691,0.473537,-1.038954,0.072076,0.000000,-1.670951,1.154005
71345.600000,1.531119,1.531489,1.398977,-0.193547,-0.162050,-0.195516,0.000000,-1.817913,1.881198
71345.700000,1.513927,1.525659,1.399269,-0.281911,-0.128095,-0.198221,0.000000,-1.823822,1.883457
71345.800000,1.516675,1.519482,1.399547,-0.376498,-0.100930,-0.209042,0.000000,-1.836026,1.886305
71345.900000,1.385386,1.421462,1.398544,-0.459883,-0.053392,-0.209042,0.000000,-1.813560,1.485527
71346.100000,1.343759,1.417253,1.388740,-0.558204,-0.026228,-0.233389,0.000000,-1.794860,1.489544
71346.200000,1.233980,1.341111,1.358038,-0.667725,0.011123,-0.268557,0.000000,-1.709046,1.096204
71346.300000,1.137546,1.251655,1.301068,-0.780980,0.048474,-0.309136,0.000000,-1.566875,0.706730
71346.400000,1.112058,1.238506,1.304443,-0.888012,0.065452,-0.349714,0.000000,-1.569010,0.712069
71346.500000,1.089554,1.241557,1.324418,-1.031240,0.078469,-0.411483,0.000000,-1.594504,0.811059
71346.600000,0.827513,0.977519,1.154832,-1.235244,0.242021,-0.482270,0.000000,-1.300028,0.330505
71346.700000,0.655899,0.756980,1.002304,-1.253913,0.299746,-0.530964,0.000000,-1.020360,-0.059055
71346.800000,0.491467,0.533932,0.809848,-1.255157,0.388030,-0.576953,0.000000,-0.723039,-0.211452
71346.900000,0.323994,0.310558,0.611600,-1.246445,0.493293,-0.612121,0.000000,-0.429657,-0.366951
71347.100000,0.259298,0.177712,0.437983,-1.245201,0.591764,-0.652699,0.000000,-0.166750,-0.351877
71347.200000,0.109909,-0.044753,0.199275,-1.225288,0.710609,-0.663520,0.000000,0.113168,-0.511400
71347.300000,-0.003880,-0.201043,0.056527,-1.224043,0.788707,-0.674341,0.000000,0.314897,-0.503604
71347.400000,-0.080780,-0.339844,-0.059821,-1.189196,0.904156,-0.652699,0.000000,0.452796,-0.499779
71347.500000,-0.231363,-0.587839,-0.329795,-1.129353,1.062049,-0.597468,0.000000,0.757028,-0.595755
71347.600000,-0.489021,-0.990363,-0.737044,-0.990066,1.206361,-0.547196,0.000000,1.279289,-0.976629
71347.700000,-0.460835,-0.997271,-0.813806,-0.869344,1.148636,-0.490386,0.000000,1.289950,-0.745476
71347.800000,-0.435889,-1.002292,-0.896578,-0.752355,1.087516,-0.436281,0.000000,1.288734,-0.517590
71347.900000,-0.435481,-1.007770,-0.944786,-0.649056,1.002627,-0.384882,0.000000,1.277260,-0.523011
71348.100000,-0.450284,-1.011226,-0.986789,-0.550736,0.904156,-0.333483,0.000000,1.275340,-0.525090
71348.200000,-0.445822,-1.015246,-1.053702,-0.456150,0.798893,-0.287494,0.000000,1.266628,-0.296099
71348.300000,-0.464342,-1.014167,-1.051974,-0.365297,0.700422,-0.246915,0.000000,1.270337,-0.295729
71348.400000,-0.467088,-1.018973,-1.120322,-0.250797,0.646093,-0.195516,0.000000,1.260005,-0.067698
71348.500000,-0.453405,-1.024544,-1.201829,-0.153929,0.529795,-0.175903,0.000000,1.239513,0.158288
71348.600000,-0.484506,-1.032834,-1.262083,-0.011842,0.316724,-0.149527,0.000000,1.249890,0.159735
71348.700000,-0.494344,-1.032684,-1.270112,-0.016820,0.279373,-0.149527,0.000000,1.233508,0.154320
71348.800000,-0.516082,-1.029928,-1.276815,-0.021798,0.242021,-0.146822,0.000000,1.220235,0.148754
71348.900000,-0.522080,-1.030282,-1.278186,-0.026776,0.208066,-0.144117,0.000000,1.217554,0.147744
71349.100000,-0.559338,-1.029302,-1.261123,-0.031755,0.174110,-0.138706,0.000000,1.241542,0.307702
71349.200000,-0.559088,-1.030464,-1.266767,-0.037977,0.140155,-0.141412,0.000000,1.233250,0.305966
71349.300000,-0.548151,-1.032753,-1.270921,-0.041711,0.106199,-0.138706,0.000000,1.227733,0.305978
71349.400000,-0.677176,-0.979814,-1.110108,-0.045445,0.065452,-0.138706,0.000000,1.121350,0.071856
71349.500000,-0.874823,-0.815068,-0.762270,-0.048971,0.003766,-0.138706,0.000000,0.822357,-0.360268
71349.600000,-0.989109,-0.667457,-0.496588,0.154930,-0.206193,-0.049434,0.000000,0.602603,-0.648769
71349.700000,-1.021177,-0.499964,-0.269975,0.367749,-0.345411,0.034428,0.000000,0.377571,-0.904218
71349.800000,-1.081597,-0.372156,-0.059208,0.574346,-0.467651,0.110174,0.000000,0.191842,-1.146109
71349.900000,-1.086023,-0.185237,0.170366,0.777210,-0.572913,0.180510,0.000000,-0.043219,-0.988463
71350.100000,-1.102054,0.012884,0.397845,0.992519,-0.732505,0.267078,0.000000,-0.273113,-0.832243
71350.200000,-1.117746,0.147736,0.596763,1.189159,-0.813998,0.334708,0.000000,-0.511938,-1.238071
71350.300000,-1.179859,0.293769,0.818318,1.383311,-0.878514,0.407749,0.000000,-0.720356,-1.486228
71350.400000,-1.056489,0.542097,1.065245,1.596131,-1.031314,0.491611,0.000000,-0.972998,-1.331419
71350.500000,-0.795017,0.723386,1.138268,1.794638,-1.029616,0.572994,0.000000,-1.092216,-1.451904
71350.600000,-0.456277,0.940791,1.207476,1.955808,-1.126390,0.626873,0.000000,-1.221935,-0.961436
71350.700000,-0.257231,1.057343,1.239721,1.738010,-1.000754,0.534895,0.000000,-1.295655,-0.563242
71350.800000,-0.072727,1.131578,1.258405,1.521457,-0.885305,0.442917,0.000000,-1.330733,-0.150480
71350.900000,0.116530,1.245900,1.294382,1.309882,-0.790229,0.359055,0.000000,-1.402216,0.248138
71351.100000,0.264187,1.299863,1.309019,1.103285,-0.708736,0.277899,0.000000,-1.425228,0.247539
71351.200000,0.399534,1.343913,1.324556,0.885487,-0.576309,0.183216,0.000000,-1.443534,0.248166
71351.300000,0.575953,1.450528,1.350550,0.687601,-0.518584,0.110174,0.000000,-1.490853,0.648121
71351.400000,0.753114,1.538571,1.356523,0.489716,-0.471046,0.031723,0.000000,-1.534307,1.052670
71351.500000,0.763225,1.527512,1.329118,0.252213,-0.319944,-0.061833,0.000000,-1.541917,1.121681
71351.600000,0.821587,1.528067,1.354035,-0.244574,-0.199402,-0.352419,0.000000,-1.622431,1.457937
71351.700000,0.763354,1.483108,1.347581,-0.397655,-0.114513,-0.498501,0.000000,-1.618640,1.466812
71351.800000,0.673408,1.432207,1.342948,-0.547003,-0.053392,-0.633763,0.000000,-1.601699,1.053919
71351.900000,0.572631,1.316305,1.291637,-0.707551,0.055266,-0.787961,0.000000,-1.482477,0.667887
71352.100000,0.481336,1.260056,1.286864,-0.871833,0.174110,-0.944864,0.000000,-1.472591,0.255750
71352.200000,0.398062,1.196725,1.288552,-1.039848,0.299746,-1.099062,0.000000,-1.468023,-0.154056
71352.300000,0.315256,1.142071,1.293875,-1.210353,0.442359,-1.253260,0.000000,-1.470445,-0.144743
71352.400000,0.228537,1.072158,1.296716,-1.364679,0.513666,-1.399342,0.000000,-1.470208,-0.553496
71352.500000,0.149300,0.986698,1.330768,-1.568579,0.760127,-1.574505,0.000000,-1.484520,-1.097976
71352.600000,0.024420,0.696043,1.126389,-1.766672,0.897365,-1.786189,0.000000,-1.223068,-1.521254
71352.700000,0.022956,0.530007,0.885002,-1.663373,0.876991,-1.713148,0.000000,-0.958343,-1.266586
71352.800000,0.002408,0.329807,0.649164,-1.551363,0.849827,-1.631991,0.000000,-0.700579,-1.429296
71352.900000,0.040606,0.131427,0.419917,-1.455532,0.846431,-1.572476,0.000000,-0.465072,-1.170006
71353.100000,0.076127,-0.000919,0.242614,-1.328586,0.812476,-1.477793,0.000000,-0.321484,-0.936482
71353.200000,0.115398,-0.191916,0.011853,-1.190440,0.788707,-1.377700,0.000000,-0.089963,-0.679733
71353.300000,0.124089,-0.374357,-0.229789,-1.047316,0.764938,-1.277607,0.000000,0.147480,-0.426340
71353.400000,0.157563,-0.567022,-0.459255,-0.899213,0.730982,-1.174808,0.000000,0.398817,-0.588970
71353.500000,0.176341,-0.773120,-0.752796,-0.725493,0.797478,-1.041350,0.000000,0.727745,-0.282902
71353.600000,0.222918,-1.087327,-1.211453,-0.438726,0.601951,-0.815013,0.000000,1.188065,0.181415
71353.700000,0.232240,-1.088315,-1.232597,-0.381476,0.588369,-0.739267,0.000000,1.188384,0.181360
71353.800000,0.308846,-1.092699,-1.253202,-0.326715,0.571391,-0.663520,0.000000,1.156561,0.179848
71353.900000,0.350171,-1.093892,-1.266322,-0.279422,0.551017,-0.590479,0.000000,1.131296,0.177917
71354.100000,0.348532,-1.091834,-1.291166,-0.218439,0.527248,-0.509322,0.000000,1.123858,0.176663
71354.200000,0.358422,-1.089807,-1.318770,-0.177368,0.489897,-0.441692,0.000000,1.103314,0.174018
71354.300000,0.372026,-1.089783,-1.343019,-0.143765,0.438964,-0.382177,0.000000,1.100321,0.173913
71354.400000,0.400854,-1.092985,-1.360752,-0.112651,0.381239,-0.322662,0.000000,1.099834,0.175893
71354.500000,0.396247,-1.093722,-1.381794,-0.083196,0.321251,-0.265176,0.000000,1.099205,0.173883
71354.600000,0.369693,-1.088590,-1.350192,0.055365,0.116386,-0.044023,0.000000,1.073924,0.168699
71354.700000,0.248288,-1.078074,-1.289632,0.153685,0.034892,0.099354,0.000000,1.088324,-0.062596
71354.800000,0.179921,-1.071878,-1.255221,0.376461,-0.100930,0.302246,0.000000,1.109539,-0.058229
71354.900000,0.063258,-1.063598,-1.210012,0.472292,-0.162050,0.440212,0.000000,1.151673,-0.051129
71355.100000,-0.027203,-1.058869,-1.161192,0.576836,-0.280895,0.583589,0.000000,1.193123,-0.038150
71355.200000,-0.239992,-0.993875,-0.991003,0.681379,-0.403135,0.726966,0.000000,1.030944,-0.284978
71355.300000,-0.315085,-0.988962,-0.936089,0.787166,-0.542353,0.870343,0.000000,1.077596,-0.261553
71355.400000,-0.410507,-0.981024,-0.872742,0.894198,-0.695153,1.013720,0.000000,1.130389,-0.188804
71355.500000,-0.628299,-0.776630,-0.557699,0.992622,-0.737032,1.168143,0.000000,0.732367,0.128077
71355.600000,-0.718203,-0.497450,-0.256216,1.102040,-0.939634,1.330232,0.000000,0.458497,0.279315
71355.700000,-0.662546,-0.248847,-0.075552,1.021144,-0.976985,1.230138,0.000000,0.208948,0.426937
71355.800000,-0.540797,-0.008606,0.102598,0.932780,-1.000754,1.116519,0.000000,-0.046608,0.811389
71355.900000,-0.478880,0.238056,0.305786,0.718715,-0.963403,0.940679,0.000000,-0.302511,0.959696
71356.100000,-0.407508,0.485018,0.506806,0.631596,-0.990567,0.827059,0.000000,-0.560491,1.104167
71356.200000,-0.336355,0.731204,0.701365,0.535765,-0.949820,0.705324,0.000000,-0.821697,1.244634
71356.300000,-0.149970,0.915268,0.775751,0.438689,-0.895491,0.580884,0.000000,-0.871869,1.646138
71356.400000,-0.080467,1.159072,0.965157,0.340369,-0.813998,0.453738,0.000000,-1.136322,1.777718
71356.500000,0.036981,1.422965,1.164493,0.224832,-0.687230,0.302696,0.000000,-1.412494,1.858881
71356.600000,0.311734,1.673621,1.253737,0.069055,-0.623847,0.064186,0.000000,-1.428634,1.852891
71356.700000,0.315102,1.675887,1.257573,0.069055,-0.505002,0.018197,0.000000,-1.416360,1.851097
71356.800000,0.326241,1.671900,1.263454,0.069055,-0.386157,-0.033203,0.000000,-1.418644,1.851909
71356.900000,0.326426,1.655919,1.265015,0.072789,-0.270708,-0.065665,0.000000,-1.419094,1.858328
71357.100000,0.318686,1.617807,1.264656,0.080256,-0.162050,-0.108949,0.000000,-1.418873,1.450213
71357.200000,0.332595,1.615777,1.260236,0.087723,-0.056788,-0.154938,0.000000,-1.420588,1.450119
71357.300000,0.356234,1.614873,1.256956,0.093946,0.048474,-0.200927,0.000000,-1.426847,1.449390
71357.400000,0.361069,1.528319,1.217547,0.098924,0.153737,-0.246915,0.000000,-1.349620,1.061515
71357.500000,0.390878,1.540212,1.211651,0.101621,0.277675,-0.309812,0.000000,-1.364432,1.125535
71357.600000,0.231202,1.297675,1.086340,-0.076559,0.561204,-0.517438,0.000000,-1.143595,0.679968
71357.700000,0.064056,1.067776,0.994517,-0.258265,0.720795,-0.660815,0.000000,-0.984325,0.300607
71357.800000,-0.084505,0.839070,0.907018,-0.433748,0.890573,-0.787961,0.000000,-0.820419,-0.077695
71357.900000,-0.082763,0.587189,0.719062,-0.603008,1.067143,-0.904285,0.000000,-0.564839,-0.223309
71358.100000,-0.159132,0.363516,0.565433,-0.793425,1.216547,-1.066599,0.000000,-0.378316,-0.608618
71358.200000,-0.311177,0.171461,0.468461,-0.952729,1.403303,-1.158577,0.000000,-0.193326,-0.579296
71358.300000,-0.405712,-0.063788,0.300012,-1.104566,1.600246,-1.226207,0.000000,0.038906,-0.731047
71358.400000,-0.572493,-0.291782,0.185578,-1.251424,1.793793,-1.280312,0.000000,0.236879,-1.108514
71358.500000,-0.759387,-0.474815,0.113887,-1.400875,2.030067,-1.286850,0.000000,0.395854,-1.199822
71358.600000,-0.859596,-0.920302,-0.216501,-1.547629,2.119766,-1.331711,0.000000,0.801341,-1.627821
71358.700000,-0.690462,-0.937069,-0.340349,-1.372146,1.943197,-1.172103,0.000000,0.824902,-1.401569
71358.800000,-0.501182,-0.960436,-0.486279,-1.202886,1.763233,-1.023315,0.000000,0.899401,-1.174367
71358.900000,-0.317136,-0.982637,-0.632751,-1.041093,1.566290,-0.885349,0.000000,0.953479,-0.948697
71359.100000,-0.309158,-0.980637,-0.678903,-0.885523,1.369347,-0.755498,0.000000,0.935340,-0.954400
71359.200000,-0.214739,-0.989833,-0.763264,-0.707551,1.196174,-0.585069,0.000000,0.991726,-0.728311
71359.300000,-0.046408,-1.009217,-0.903077,-0.563182,0.985649,-0.474154,0.000000,1.039115,-0.503478
71359.400000,0.063941,-1.024050,-0.968340,-0.426280,0.761542,-0.384882,0.000000,1.039625,-0.503631
71359.500000,0.283134,-1.050289,-1.109585,-0.271436,0.489331,-0.294933,0.000000,1.080052,-0.239703
71359.600000,0.478219,-1.086291,-1.267148,0.141239,-0.080557,0.058775,0.000000,1.161395,0.182704
71359.700000,0.340169,-1.087403,-1.187455,0.334146,-0.246939,0.313066,0.000000,1.191810,0.194931
71359.800000,0.210910,-1.090019,-1.109641,0.537010,-0.420113,0.578179,0.000000,1.221241,0.209791
71359.900000,-0.038152,-0.978322,-0.910286,0.749829,-0.606869,0.851407,0.000000,1.058912,-0.034727
71360.100000,-0.175611,-0.978485,-0.820123,0.972606,-0.800416,1.138161,0.000000,1.094916,-0.278547
71360.200000,-0.426194,-0.891767,-0.610421,1.149333,-0.960007,1.373515,0.000000,0.882243,-0.114804
71360.300000,-0.672842,-0.793724,-0.395256,1.389533,-1.194301,1.679206,0.000000,0.670172,0.044881
71360.400000,-0.808097,-0.796148,-0.302883,1.638446,-1.442177,1.995717,0.000000,0.701362,-0.193068
71360.500000,-1.050038,-0.621688,0.013209,1.969188,-1.801540,2.405559,0.000000,0.317834,0.122631
71360.600000,-1.246422,-0.320399,0.366031,2.158672,-1.934533,2.655793,0.000000,0.025732,0.268700
71360.700000,-1.141002,-0.059775,0.519443,1.994390,-1.751173,2.444785,0.000000,-0.234062,0.411240
71360.800000,-1.042047,0.194260,0.671350,1.805217,-1.557626,2.204020,0.000000,-0.489547,0.552028
71360.900000,-0.949069,0.452310,0.830879,1.604842,-1.360683,1.949728,0.000000,-0.743514,0.688318
71361.100000,-0.716144,0.600195,0.872779,1.392023,-1.163741,1.681911,0.000000,-0.818742,1.082417
71361.200000,-0.610906,0.850296,1.018876,1.166757,-0.956612,1.397862,0.000000,-1.083237,1.481086
71361.300000,-0.363487,1.023080,1.037903,0.997497,-0.769856,1.181444,0.000000,-1.108196,1.467151
71361.400000,-0.140161,1.180836,1.058016,0.749829,-0.532166,0.873048,0.000000,-1.124216,1.459836
71361.500000,0.063787,1.459561,1.215672,0.442734,-0.248354,0.496120,0.000000,-1.417121,1.851830
71361.600000,0.395060,1.723015,1.242445,-0.016820,0.265790,-0.079191,0.000000,-1.434228,1.845651
71361.700000,0.421509,1.713329,1.243819,-0.021798,0.238626,-0.081897,0.000000,-1.453717,1.846729
71361.800000,0.407438,1.679139,1.234352,-0.030510,0.208066,-0.087307,0.000000,-1.455597,1.852068
71361.900000,0.434953,1.676875,1.230891,-0.036733,0.174110,-0.084602,0.000000,-1.466832,1.850897
71362.100000,0.459956,1.667418,1.226153,-0.045445,0.143550,-0.081897,0.000000,-1.481109,1.852991
71362.200000,0.445009,1.587164,1.193146,-0.036733,0.140155,-0.076486,0.000000,-1.435575,1.461961
71362.300000,0.470091,1.582945,1.189354,-0.047934,0.126572,-0.076486,0.000000,-1.439851,1.461353
71362.400000,0.489125,1.465058,1.115160,-0.071580,0.096012,-0.092718,0.000000,-1.287922,1.083738
71362.500000,0.519733,1.463869,1.119007,-0.093464,0.087806,-0.099030,0.000000,-1.322394,1.150540
71362.600000,0.478137,1.185978,0.928458,-0.224661,0.303141,-0.241505,0.000000,-1.025487,0.702562
71362.700000,0.467453,0.935835,0.739449,-0.362808,0.489897,-0.374061,0.000000,-0.774806,0.551554
71362.800000,0.431225,0.685135,0.571180,-0.487264,0.676653,-0.501207,0.000000,-0.504057,0.162493
71362.900000,0.448193,0.458166,0.373366,-0.603008,0.863409,-0.620237,0.000000,-0.232468,0.156312
71363.100000,0.445790,0.206460,0.175255,-0.711284,1.053560,-0.733856,0.000000,-0.009544,0.003767
71363.200000,0.436653,-0.044963,-0.005935,-0.841963,1.274272,-0.888054,0.000000,0.265761,-0.052422
71363.300000,0.441493,-0.228792,-0.168168,-0.951485,1.444050,-0.990853,0.000000,0.488797,0.216625
71363.400000,0.416265,-0.476028,-0.364442,-1.032381,1.624015,-1.080125,0.000000,0.736081,0.064576
71363.500000,0.363721,-0.657875,-0.545449,-1.097409,1.805960,-1.150461,0.000000,0.818977,0.278079
71363.600000,0.347665,-1.106479,-0.941643,-1.164304,1.963571,-1.250554,0.000000,1.270730,-0.020790
71363.700000,0.390354,-1.106989,-1.015234,-1.029892,1.742859,-1.115293,0.000000,1.235306,0.210290
71363.800000,0.407653,-1.107728,-1.061258,-0.907925,1.542521,-1.004379,0.000000,1.227861,0.209034
71363.900000,0.461668,-1.107239,-1.130333,-0.792181,1.352370,-0.904285,0.000000,1.188472,0.445525
71364.100000,0.474696,-1.103883,-1.163435,-0.682660,1.165614,-0.815013,0.000000,1.143076,0.293774
71364.200000,0.483285,-1.103522,-1.197028,-0.576872,0.982254,-0.725740,0.000000,1.155992,0.294036
71364.300000,0.510283,-1.099729,-1.258583,-0.446193,0.768333,-0.595890,0.000000,1.104622,0.195544
71364.400000,0.551560,-1.096295,-1.315733,-0.351607,0.588369,-0.517438,0.000000,1.052467,0.166760
71364.500000,0.592528,-1.095108,-1.367823,-0.249760,0.383503,-0.438761,0.000000,1.028591,0.163689
71364.600000,0.602963,-1.096927,-1.384085,0.009316,-0.063579,-0.160348,0.000000,1.045732,0.166149
71364.700000,0.476268,-1.093803,-1.290975,0.122571,-0.206193,0.001965,0.000000,1.041951,-0.061017
71364.800000,0.402785,-1.095470,-1.239209,0.243293,-0.358993,0.172395,0.000000,1.055326,-0.060598
71364.900000,0.331746,-1.098215,-1.183676,0.371483,-0.525375,0.353645,0.000000,1.069352,-0.058712
71365.100000,0.146738,-1.036087,-1.002250,0.503406,-0.698549,0.540305,0.000000,0.877601,-0.306803
71365.200000,0.054948,-1.040197,-0.932981,0.647775,-0.902283,0.748608,0.000000,0.913669,-0.295895
71365.300000,-0.102900,-0.942527,-0.722819,0.752319,-1.034709,0.902806,0.000000,0.672981,-0.136656
71365.400000,-0.188438,-0.942844,-0.642505,0.912867,-1.296168,1.124634,0.000000,0.711817,-0.127996
71365.500000,-0.311855,-0.954960,-0.560112,1.138651,-1.705050,1.421082,0.000000,0.807804,-0.092688
71365.600000,-0.316617,-0.679583,-0.229872,1.253876,-1.836062,1.595344,0.000000,0.540012,0.035118
71365.700000,-0.168266,-0.412962,-0.022473,1.146844,-1.673075,1.451967,0.000000,0.277326,0.184660
71365.800000,0.045512,-0.152507,0.131932,1.038567,-1.499901,1.292358,0.000000,0.025118,0.561443
71365.900000,0.207176,0.109736,0.329871,0.915356,-1.326728,1.143571,0.000000,-0.241130,0.712297
71366.100000,0.381938,0.377791,0.516121,0.784677,-1.143367,0.983963,0.000000,-0.515605,0.859819
71366.200000,0.656059,0.579565,0.582498,0.647775,-0.956612,0.816239,0.000000,-0.580480,1.257746
71366.300000,0.848782,0.846750,0.761866,0.508385,-0.722318,0.616052,0.000000,-0.874268,1.397458
71366.400000,1.110301,1.012402,0.795539,0.406331,-0.559331,0.467264,0.000000,-0.900327,1.387948
71366.500000,1.328846,1.304268,0.999027,0.207720,-0.267030,0.213424,0.000000,-1.258210,1.562452
71366.600000,1.666830,1.737556,1.295905,-0.227150,0.377844,-0.284789,0.000000,-1.796541,1.842592
71366.700000,1.675016,1.703767,1.284273,-0.362808,0.459337,-0.390292,0.000000,-1.814494,1.849496
71366.800000,1.661612,1.665711,1.269295,-0.502198,0.547622,-0.503912,0.000000,-1.829576,1.858086
71366.900000,1.617928,1.544434,1.205405,-0.662747,0.649489,-0.617531,0.000000,-1.727186,1.477333
71367.100000,1.610548,1.505206,1.191500,-0.773513,0.730982,-0.728446,0.000000,-1.743780,1.483774
71367.200000,1.582568,1.351981,1.057623,-0.937794,0.863409,-0.869117,0.000000,-1.495697,1.110218
71367.300000,1.435320,1.184358,1.028909,-1.049805,0.951694,-0.977327,0.000000,-1.515328,1.121385
71367.400000,1.286620,1.017137,0.990264,-1.175506,1.026396,-1.074715,0.000000,-1.534247,1.132869
71367.500000,1.364052,0.793764,0.681392,-1.436241,1.248805,-1.291809,0.000000,-1.073857,0.918226
71367.600000,1.273876,0.454646,0.373080,-1.545140,1.430468,-1.402047,0.000000,-0.740887,0.678966
71367.700000,1.226897,0.237799,0.137323,-1.419439,1.386325,-1.315480,0.000000,-0.490776,0.515261
71367.800000,1.153956,0.007110,-0.095449,-1.285027,1.321810,-1.223502,0.000000,-0.224298,0.359004
71367.900000,1.103397,-0.222146,-0.319944,-1.145636,1.247107,-1.128819,0.000000,0.039332,0.201979
71368.100000,1.091490,-0.365413,-0.499555,-0.990066,1.152032,-1.023315,0.000000,0.179021,0.433866
71368.200000,1.032076,-0.588238,-0.733953,-0.875566,1.084120,-0.934043,0.000000,0.436289,0.276528
71368.300000,0.998124,-0.701784,-0.841921,-0.707551,0.965276,-0.812308,0.000000,0.432712,0.501696
71368.400000,1.071223,-0.798590,-1.058430,-0.588073,0.938111,-0.728446,0.000000,0.699413,0.341195
71368.500000,1.156522,-0.915354,-1.269675,-0.434577,0.806816,-0.604907,0.000000,0.972992,0.182915
71368.600000,0.992800,-1.113471,-1.391919,-0.081537,0.520457,-0.328072,0.000000,0.942393,0.181068
71368.700000,1.020195,-1.114745,-1.407809,-0.079048,0.449151,-0.317251,0.000000,0.920549,0.180567
71368.800000,1.023888,-1.116500,-1.416144,-0.074070,0.391426,-0.309136,0.000000,0.916658,0.180145
71368.900000,1.035453,-1.117850,-1.429324,-0.070336,0.347284,-0.301020,0.000000,0.897762,0.179406
71369.100000,1.057204,-1.116881,-1.459160,-0.062661,0.299463,-0.294933,0.000000,0.864903,0.178926
71369.200000,1.075528,-1.115324,-1.481501,-0.056167,0.244633,-0.285205,0.000000,0.840340,0.178850
71369.300000,0.940454,-1.106300,-1.532543,-0.038133,0.027111,-0.263936,0.000000,0.796169,0.167127
71369.400000,0.937846,-1.106197,-1.536070,-0.036422,0.007657,-0.257116,0.000000,0.792562,0.166748
71369.500000,0.931940,-1.106359,-1.535838,-0.031573,-0.031251,-0.241618,0.000000,0.796575,0.166770
71369.700000,0.900175,-1.106282,-1.531205,-0.019891,-0.082724,-0.217849,0.000000,0.803336,0.170858
71369.900000,0.863221,-1.064957,-1.474692,0.042151,-0.104181,-0.165298,0.000000,0.752031,0.206234
71373.500000,0.844748,-0.979946,-1.379632,0.038019,-0.105953,-0.163504,0.000000,0.688502,0.096951
71373.600000,0.862395,-0.947697,-1.356279,0.036593,-0.111400,-0.159785,0.000000,0.694638,0.097355
71373.700000,0.880278,-0.915522,-1.332182,0.035737,-0.117625,-0.156685,0.000000,0.702472,0.097842
71373.800000,0.888338,-0.878394,-1.301971,0.036034,-0.129612,-0.150103,0.000000,0.711482,0.096657
71373.900000,0.895951,-0.840163,-1.270718,0.036345,-0.137248,-0.143882,0.000000,0.721228,0.095375
71374.100000,0.951627,0.136690,-0.269340,0.253250,-0.457464,0.234615,0.000000,0.594834,-0.076462
71374.200000,1.032074,0.277502,-0.162217,0.247027,-0.423509,0.223794,0.000000,0.640166,-0.071682
71374.300000,1.133887,0.417451,-0.069502,0.227114,-0.348806,0.180510,0.000000,0.656223,-0.067404
71374.400000,1.317690,0.558535,-0.013214,0.186044,-0.199402,0.099354,0.000000,0.636646,-0.084415
71374.500000,1.565205,0.515244,-0.163226,-0.074070,-0.136301,-0.116388,0.000000,0.935141,-0.190292
71374.600000,1.653436,0.548638,-0.203776,-0.040466,-0.124699,-0.076486,0.000000,1.026573,0.402714
71374.700000,1.535858,0.665768,-0.065026,-0.013086,-0.083952,-0.046729,0.000000,0.790357,0.553503
71374.800000,1.424854,0.782459,0.083281,0.009316,-0.046601,-0.016971,0.000000,0.545930,0.704210
71374.900000,1.303769,0.897235,0.228296,0.032963,-0.012646,0.012786,0.000000,0.306816,0.854536
71375.100000,1.202469,1.014295,0.375786,0.062832,0.011123,0.042544,0.000000,0.059451,1.004080
71375.200000,1.117953,1.130218,0.506427,0.080256,0.031497,0.066891,0.000000,-0.209166,1.114259
71375.300000,1.021698,1.243869,0.656219,0.095191,0.048474,0.088533,0.000000,-0.469538,1.264145
71375.400000,0.915969,1.360567,0.804691,0.108881,0.065452,0.110174,0.000000,-0.721604,1.412502
71375.500000,0.726625,1.464619,0.958702,0.116452,0.072243,0.126631,0.000000,-1.008751,1.589469
71375.600000,0.449871,1.629722,1.222636,0.019272,0.150341,0.056070,0.000000,-1.472697,1.870434
71375.700000,0.361948,1.562941,1.225553,-0.118874,0.184297,-0.076486,0.000000,-1.458573,1.465510
71375.800000,0.290109,1.520071,1.242010,-0.257020,0.211461,-0.217158,0.000000,-1.464059,1.475230
71375.900000,0.190517,1.422130,1.220575,-0.393922,0.242021,-0.360535,0.000000,-1.395965,1.083036
71376.100000,0.139971,1.376865,1.230664,-0.533312,0.272581,-0.506617,0.000000,-1.407688,1.092800
71376.200000,0.071956,1.247218,1.165630,-0.681415,0.309933,-0.655405,0.000000,-1.257367,0.712304
71376.300000,0.007572,1.197335,1.177573,-0.804627,0.347284,-0.777140,0.000000,-1.264178,0.722690
71376.400000,-0.078188,1.152368,1.185139,-0.945262,0.398217,-0.917812,0.000000,-1.257565,0.730605
71376.500000,-0.176281,1.104007,1.205265,-1.119085,0.467543,-1.083507,0.000000,-1.270612,0.844300
71376.600000,-0.180659,0.826746,1.008556,-1.287516,0.608742,-1.264081,0.000000,-1.013672,0.598092
71376.700000,-0.101356,0.616714,0.784562,-1.225288,0.663071,-1.218092,0.000000,-0.773001,0.436740
71376.800000,-0.031371,0.423914,0.571309,-1.155593,0.707213,-1.155871,0.000000,-0.542077,0.691284
71376.900000,0.063941,0.210063,0.334311,-1.090875,0.751355,-1.104472,0.000000,-0.307748,0.530376
71377.100000,0.149520,0.051445,0.145380,-1.012468,0.792102,-1.026021,0.000000,-0.124048,0.773273
71377.200000,0.208863,-0.158289,-0.073778,-0.929083,0.819267,-0.936748,0.000000,0.133187,0.615199
71377.300000,0.267953,-0.284477,-0.223814,-0.840719,0.839640,-0.844770,0.000000,0.232632,0.846891
71377.400000,0.352070,-0.488089,-0.454746,-0.764801,0.863409,-0.774435,0.000000,0.469995,0.685579
71377.500000,0.441562,-0.728020,-0.725396,-0.644493,0.865956,-0.656983,0.000000,0.760121,0.499654
71377.600000,0.608030,-1.100230,-1.167662,-0.441215,0.829453,-0.482270,0.000000,1.174314,0.200899
71377.700000,0.607205,-1.097367,-1.204486,-0.393922,0.730982,-0.436281,0.000000,1.140832,0.196082
71377.800000,0.598159,-1.095869,-1.223932,-0.347873,0.632511,-0.392998,0.000000,1.123813,0.192774
71377.900000,0.623310,-1.094030,-1.252709,-0.306802,0.537435,-0.360535,0.000000,1.107385,0.190781
71378.100000,0.615055,-1.091807,-1.264049,-0.257020,0.438964,-0.309136,0.000000,1.097205,0.189172
71378.200000,0.597683,-1.089130,-1.278938,-0.218439,0.350679,-0.284789,0.000000,1.111285,0.192798
71378.300000,0.616580,-1.087516,-1.310971,-0.184835,0.272581,-0.263147,0.000000,1.080655,0.188260
71378.400000,0.635157,-1.087163,-1.339478,-0.153721,0.201275,-0.244210,0.000000,1.050296,0.184851
71378.500000,0.398436,-1.057272,-1.202168,-0.119703,0.109594,-0.220539,0.000000,0.912535,-0.239507
71378.600000,0.135053,-0.949185,-0.997109,0.258228,-0.175633,0.056070,0.000000,0.694192,-0.531049
71378.700000,-0.107118,-0.814261,-0.751066,0.579325,-0.342015,0.299540,0.000000,0.504477,-0.789174
71378.800000,-0.308907,-0.703846,-0.535090,0.892954,-0.525375,0.540305,0.000000,0.361349,-1.029763
71378.900000,-0.476970,-0.519767,-0.296239,1.204094,-0.722318,0.778365,0.000000,0.138955,-0.874268
71379.100000,-0.702148,-0.396110,-0.084517,1.506522,-0.929447,1.013720,0.000000,-0.020092,-1.116985
71379.200000,-0.877540,-0.205723,0.151201,1.805217,-1.136576,1.249075,0.000000,-0.238381,-0.961820
71379.300000,-1.072484,-0.084254,0.329100,2.095199,-1.350497,1.487135,0.000000,-0.408620,-1.208903
71379.400000,-1.175705,0.108294,0.559684,2.378959,-1.567812,1.717079,0.000000,-0.570659,-1.454039
71379.500000,-1.110786,0.438565,0.859814,2.772344,-1.714388,2.006313,0.000000,-0.841483,-1.032520
71379.600000,-1.011535,0.786140,1.147530,3.027375,-1.853040,2.190494,0.000000,-1.110431,-0.527035
71379.700000,-0.773892,0.920177,1.153053,2.697566,-1.696844,1.941613,0.000000,-1.170089,-0.123101
71379.800000,-0.537689,1.025661,1.167616,2.372736,-1.527066,1.681911,0.000000,-1.209076,0.291403
71379.900000,-0.324614,1.156020,1.214283,2.057862,-1.343705,1.424915,0.000000,-1.290391,0.689146
71380.100000,-0.161308,1.212193,1.227551,1.740500,-1.146763,1.181444,0.000000,-1.307688,0.689207
71380.200000,0.025677,1.286637,1.266675,1.433093,-0.936238,0.937974,0.000000,-1.373060,0.682245
71380.300000,0.183083,1.336604,1.287282,1.140621,-0.729109,0.699914,0.000000,-1.387410,0.682732
71380.400000,0.403248,1.456403,1.350827,0.858106,-0.515189,0.464559,0.000000,-1.491331,1.078256
71380.500000,0.495058,1.333334,1.252000,0.538565,-0.260805,0.196065,0.000000,-1.292283,0.810266
71380.600000,0.509006,1.111132,1.133093,-0.183591,0.170715,-0.379472,0.000000,-1.128292,0.331755
71380.700000,0.462025,0.885170,0.994425,-0.303069,0.323515,-0.487681,0.000000,-0.950654,-0.046910
71380.800000,0.454425,0.664781,0.859409,-0.413835,0.489897,-0.585069,0.000000,-0.686491,-0.430725
71380.900000,0.407879,0.447655,0.744973,-0.527090,0.642698,-0.663520,0.000000,-0.492476,-0.808138
71381.100000,0.403977,0.225373,0.568729,-0.641589,0.795498,-0.739267,0.000000,-0.233533,-0.960179
71381.200000,0.444641,-0.019511,0.331950,-0.752355,0.941507,-0.825834,0.000000,0.010369,-1.113886
71381.300000,0.430899,-0.194187,0.217928,-0.767290,0.999231,-0.836655,0.000000,0.196355,-1.086100
71381.400000,0.418885,-0.410440,0.081940,-0.761067,1.060351,-0.825834,0.000000,0.401305,-1.463540
71381.500000,0.489131,-0.655550,-0.182242,-0.933127,1.261255,-0.986795,0.000000,0.650464,-1.469019
71381.600000,0.513761,-0.906938,-0.451850,-1.017446,1.372743,-1.028726,0.000000,0.784040,-1.163029
71381.700000,0.583542,-0.933765,-0.602443,-0.876811,1.236921,-0.879938,0.000000,0.853370,-0.938406
71381.800000,0.650097,-0.953091,-0.724160,-0.738665,1.090912,-0.731151,0.000000,0.912329,-0.714005
71381.900000,0.692578,-0.974174,-0.826937,-0.626654,0.921133,-0.644584,0.000000,0.873379,-0.485556
71382.100000,0.761291,-0.998747,-0.975356,-0.502198,0.747960,-0.520143,0.000000,0.913184,-0.262966
71382.200000,0.793826,-1.018209,-1.063798,-0.378987,0.567995,-0.401113,0.000000,0.883557,-0.265674
71382.300000,0.780601,-1.016500,-1.084122,-0.254531,0.388030,-0.282083,0.000000,0.871117,-0.266797
71382.400000,0.834127,-1.038724,-1.232031,-0.227150,0.292955,-0.236095,0.000000,0.892344,-0.046269
71382.500000,0.862817,-1.067431,-1.366390,-0.210971,0.150058,-0.190782,0.000000,0.923434,0.175746
71382.600000,0.845019,-1.102769,-1.475543,0.019272,-0.182424,0.053365,0.000000,0.927475,0.174453
71382.700000,0.840289,-1.103360,-1.476857,0.006827,-0.216379,0.034428,0.000000,0.924812,0.173918
71382.800000,0.819927,-1.106200,-1.464832,0.003093,-0.321642,0.020902,0.000000,0.918804,0.173508
71382.900000,0.809953,-1.105693,-1.464524,-0.014331,-0.358993,-0.000740,0.000000,0.919876,0.172933
71383.100000,0.791460,-1.105879,-1.461382,-0.014331,-0.379366,0.018197,0.000000,0.934410,0.173636
71383.200000,0.780330,-1.107371,-1.461873,-0.026776,-0.389553,-0.006150,0.000000,0.933824,0.172819
71383.300000,0.797361,-1.107117,-1.466587,-0.045548,-0.382196,-0.037035,0.000000,0.919770,0.172061
71383.400000,0.802384,-1.108089,-1.475498,-0.061432,-0.375971,-0.058590,0.000000,0.909998,0.170568
71383.500000,0.703370,-1.114486,-1.379168,0.215530,-0.476532,0.186337,0.000000,0.962702,0.190024
71383.600000,0.577555,-1.118891,-1.261089,0.446157,-0.671667,0.456443,0.000000,1.011078,0.338546
71383.700000,0.368654,-1.080792,-1.051718,0.685735,-0.842860,0.741619,0.000000,0.880409,0.118091
71383.900000,0.239471,-1.080498,-0.929871,0.952693,-0.995378,1.039194,0.000000,0.929287,-0.098925
71384.100000,0.179681,-0.980116,-0.848125,1.220792,-1.076305,1.331810,0.000000,0.965115,-0.310388
71384.200000,0.170343,-0.759286,-0.642102,1.509426,-1.203922,1.629385,0.000000,0.751482,-0.167180
71384.300000,0.024816,-0.753943,-0.524453,1.803765,-1.325313,1.926959,0.000000,0.764492,-0.379653
71384.400000,-0.113412,-0.640264,-0.288041,2.104948,-1.440479,2.219575,0.000000,0.544832,-0.238969
71384.500000,-0.454711,-0.408660,0.182895,2.714161,-1.670811,2.799846,0.000000,0.136274,0.040525
71384.600000,-0.576905,-0.096283,0.596032,2.965147,-1.757964,3.048050,0.000000,-0.162909,0.184896
71384.700000,-0.469598,0.159548,0.738812,2.619159,-1.608559,2.726128,0.000000,-0.441083,0.316413
71384.800000,-0.321174,0.399525,0.887369,2.366513,-1.367474,2.404206,0.000000,-0.737532,0.312541
71384.900000,-0.033878,0.595883,0.912112,2.092710,-1.160345,2.084990,0.000000,-0.831447,0.709574
71385.100000,0.133310,0.837048,1.024867,1.787793,-0.980380,1.754952,0.000000,-1.120662,1.101929
71385.200000,0.230982,0.974303,1.184082,1.471674,-0.810602,1.424915,0.000000,-1.398437,1.488746
71385.300000,0.229807,0.983093,1.207824,1.148089,-0.654407,1.097582,0.000000,-1.397410,1.486661
71385.400000,0.399770,1.226568,1.330400,0.819525,-0.515189,0.775660,0.000000,-1.659593,1.870354
71385.500000,0.527888,1.321936,1.328302,0.431326,-0.382196,0.406848,0.000000,-1.646665,1.117733
71385.600000,0.763418,1.454886,1.331766,-0.326715,0.014519,-0.333483,0.000000,-1.635792,0.648360
71385.700000,0.685260,1.373748,1.331999,-0.464862,0.136759,-0.476860,0.000000,-1.615604,0.243058
71385.800000,0.618160,1.249640,1.305495,-0.604252,0.265790,-0.620237,0.000000,-1.537943,-0.144716
71385.900000,0.504306,1.173596,1.294346,-0.748621,0.384635,-0.752793,0.000000,-1.508494,-0.550989
71386.100000,0.353694,1.090839,1.303911,-0.891746,0.513666,-0.896170,0.000000,-1.478230,-0.954703
71386.200000,0.285771,0.943499,1.245495,-1.034870,0.639302,-1.042252,0.000000,-1.290968,-1.333785
71386.300000,0.183449,0.844435,1.245204,-1.179239,0.754751,-1.191039,0.000000,-1.251791,-1.735450
71386.400000,0.086454,0.663428,1.196829,-1.298717,0.907551,-1.329006,0.000000,-1.231103,-2.133725
71386.500000,0.110300,0.295997,0.868376,-1.453354,1.074500,-1.524909,0.000000,-0.754053,-2.508333
71386.600000,0.103174,-0.016418,0.609994,-1.638482,1.362556,-1.748316,0.000000,-0.421440,-2.235004
71386.700000,0.188998,-0.183424,0.400823,-1.562564,1.376139,-1.680685,0.000000,-0.158486,-1.972487
71386.800000,0.289830,-0.348914,0.165016,-1.481667,1.386325,-1.607644,0.000000,0.046767,-1.721466
71386.900000,0.370523,-0.478019,-0.023687,-1.395793,1.393116,-1.529193,0.000000,0.225329,-1.482767
71387.100000,0.465914,-0.640766,-0.265715,-1.303695,1.399908,-1.456152,0.000000,0.464261,-1.229878
71387.200000,0.584303,-0.795028,-0.531892,-1.209109,1.403303,-1.383111,0.000000,0.653984,-0.981994
71387.300000,0.636230,-0.891642,-0.701605,-1.109544,1.413490,-1.307364,0.000000,0.737370,-0.753957
71387.400000,0.729613,-1.038699,-0.936296,-1.006245,1.437259,-1.223502,0.000000,0.941101,-0.507949
71387.500000,0.857946,-1.105265,-1.112166,-0.900043,1.429336,-1.115744,0.000000,1.130537,-0.225894
71387.600000,0.906990,-1.113095,-1.221509,-0.692616,1.291250,-0.898875,0.000000,1.053605,0.203412
71387.700000,0.904670,-1.112126,-1.260150,-0.622921,1.128263,-0.817718,0.000000,1.022653,0.199474
71387.800000,0.903333,-1.110616,-1.306659,-0.560693,0.961880,-0.741972,0.000000,0.974604,0.187359
71387.900000,0.891396,-1.111749,-1.326118,-0.500954,0.802289,-0.668931,0.000000,0.982994,0.187164
71388.100000,0.900320,-1.110283,-1.363859,-0.443704,0.649489,-0.601300,0.000000,0.950131,0.183197
71388.200000,0.930066,-1.110031,-1.384103,-0.387699,0.500084,-0.536375,0.000000,0.907487,0.180578
71388.300000,0.948099,-1.112806,-1.385786,-0.332938,0.354075,-0.471449,0.000000,0.902059,0.181871
71388.400000,0.953923,-1.111066,-1.397432,-0.280667,0.211461,-0.409229,0.000000,0.872852,0.178112
71388.500000,0.880999,-1.124136,-1.380397,-0.116281,-0.391534,-0.118868,0.000000,0.858465,0.179518
71388.600000,0.671543,-1.138893,-1.290214,0.188533,-0.936238,0.280604,0.000000,0.888414,-0.054417
71388.700000,0.608592,-1.146857,-1.190908,0.657732,-1.323332,0.778365,0.000000,0.913082,-0.052924
71388.800000,0.528433,-1.154264,-1.090242,0.856862,-1.591581,1.067825,0.000000,0.948095,-0.050624
71388.900000,0.303177,-1.080343,-0.836100,1.065948,-1.836062,1.357284,0.000000,0.742087,-0.306394
71389.100000,0.165845,-1.088208,-0.724864,1.340996,-1.934533,1.665680,0.000000,0.782598,-0.302755
71389.200000,0.013195,-1.096293,-0.606118,1.629734,-2.039795,1.979486,0.000000,0.831620,-0.292270
71389.300000,0.002702,-0.833455,-0.360943,1.933406,-2.158640,2.298703,0.000000,0.619710,-0.142027
71389.400000,0.014486,-0.687546,-0.239036,2.247036,-2.301254,2.628740,0.000000,0.698957,-0.112078
71389.500000,-0.258300,-0.740909,-0.111117,2.650273,-2.448960,3.015588,0.000000,0.821850,0.186859
71389.600000,-0.259887,-0.442470,0.224909,2.787175,-2.165431,3.080513,0.000000,0.591778,0.341231
71389.700000,-0.025777,-0.182942,0.349458,2.574355,-1.924346,2.809990,0.000000,0.305314,0.726187
71389.800000,0.034355,0.065922,0.513180,2.112623,-1.516879,2.333871,0.000000,0.040186,0.879592
71389.900000,0.107107,0.311592,0.674050,1.920961,-1.228256,2.063348,0.000000,-0.230057,1.032635
71390.100000,0.354940,0.482840,0.679651,1.719342,-0.966798,1.779299,0.000000,-0.262113,1.444948
71390.200000,0.515343,0.745065,0.827275,1.450517,-0.854745,1.468198,0.000000,-0.540532,1.594058
71390.300000,0.684390,1.004235,0.969153,1.165513,-0.735900,1.146276,0.000000,-0.827153,1.738712
71390.400000,0.678640,0.991862,0.987047,0.861840,-0.600078,0.832470,0.000000,-0.833454,1.743504
71390.500000,0.694225,1.111758,1.098592,0.491791,-0.407097,0.456443,0.000000,-1.180015,1.868305
71390.600000,0.935475,1.528111,1.339460,-0.240841,0.000937,-0.298315,0.000000,-1.702513,1.463976
71390.700000,0.800142,1.449132,1.355266,-0.393922,0.116386,-0.474154,0.000000,-1.677268,1.057278
71390.800000,0.714436,1.417880,1.338290,-0.532068,0.174110,-0.628352,0.000000,-1.667452,1.065777
71390.900000,0.664044,1.387278,1.326972,-0.681415,0.231835,-0.779845,0.000000,-1.663837,1.072225
71391.100000,0.630611,1.364833,1.310759,-0.832007,0.292955,-0.923222,0.000000,-1.660509,1.078815
71391.200000,0.532142,1.332477,1.307182,-0.983843,0.364262,-1.058483,0.000000,-1.646002,1.080575
71391.300000,0.438445,1.211371,1.215498,-1.114522,0.438964,-1.185629,0.000000,-1.473403,0.698241
71391.400000,0.336446,1.164993,1.219917,-1.246445,0.506875,-1.312775,0.000000,-1.467780,0.704980
71391.500000,0.199506,0.758143,0.935389,-1.430537,0.623173,-1.505071,0.000000,-1.027517,0.105697
71391.600000,0.061525,0.458301,0.728335,-1.679552,0.934716,-1.791600,0.000000,-0.706623,-0.209046
71391.700000,0.157411,0.264699,0.486750,-1.556341,1.053560,-1.675275,0.000000,-0.487067,0.049327
71391.800000,0.225396,0.088339,0.263178,-1.528961,1.182592,-1.659044,0.000000,-0.230748,0.307988
71391.900000,0.279464,-0.132454,0.038517,-1.509048,1.362556,-1.661749,0.000000,-0.013660,0.148270
71392.100000,0.295098,-0.349125,-0.162485,-1.462999,1.511961,-1.645517,0.000000,0.266280,-0.004905
71392.200000,0.301799,-0.570343,-0.362338,-1.413217,1.654575,-1.626581,0.000000,0.536978,-0.161070
71392.300000,0.392273,-0.787276,-0.589058,-1.357211,1.780210,-1.599529,0.000000,0.747070,-0.317478
71392.400000,0.434851,-0.924838,-0.713674,-1.311163,1.878682,-1.561655,0.000000,0.834410,-0.085988
71392.500000,0.492230,-1.134123,-0.953471,-1.344973,2.132783,-1.624101,0.000000,1.087348,-0.209603
71392.600000,0.638128,-1.148455,-1.068396,-1.056028,2.157118,-1.385816,0.000000,1.089508,0.208346
71392.700000,0.639107,-1.146993,-1.047356,-0.828273,1.916033,-1.166692,0.000000,1.132200,0.308139
71392.800000,0.658549,-1.147730,-1.039306,-0.716263,1.759837,-1.072009,0.000000,1.133889,0.310713
71392.900000,0.675588,-1.123477,-1.017926,-0.486019,1.542521,-0.847476,0.000000,1.092551,0.306550
71393.100000,0.509464,-1.075610,-0.887543,-0.261998,1.331996,-0.625647,0.000000,1.084041,0.082033
71393.200000,0.541120,-1.068946,-0.914384,-0.054157,1.152032,-0.422755,0.000000,1.049166,0.076391
71393.300000,0.578508,-1.063788,-0.936616,0.149951,0.975462,-0.222568,0.000000,1.020415,0.073913
71393.400000,0.367547,-1.031722,-0.834630,0.350326,0.741169,-0.022382,0.000000,0.900232,-0.159045
71393.500000,0.427750,-1.034308,-0.871010,0.583058,0.262112,0.215904,0.000000,0.906427,-0.127984
71393.600000,0.224951,-0.883848,-0.646888,1.004964,-0.243544,0.672862,0.000000,0.715576,-0.397957
71393.700000,-0.019990,-0.749984,-0.436746,0.996252,-0.209588,0.735082,0.000000,0.548434,-0.639885
71393.800000,-0.255169,-0.600240,-0.242712,0.981318,-0.297873,0.737787,0.000000,0.328894,-0.985586
71393.900000,-0.518135,-0.436343,-0.042488,0.961405,-0.369180,0.743197,0.000000,0.166475,-1.227337
71394.100000,-0.781385,-0.293902,0.113561,0.939003,-0.348806,0.808123,0.000000,0.010138,-1.478974
71394.200000,-0.857785,-0.198187,0.183850,0.897932,-0.294477,0.886574,0.000000,-0.119627,-1.495410
71394.300000,-1.157014,-0.031735,0.379925,0.848150,-0.260522,0.965026,0.000000,-0.276089,-1.748179
71394.400000,-1.479478,0.144458,0.582587,0.790900,-0.240148,1.029951,0.000000,-0.427305,-2.004097
71394.500000,-1.548117,0.285382,0.726241,0.690298,-0.120738,1.063992,0.000000,-0.497909,-2.053707
71394.600000,-2.158760,0.590538,1.111513,0.505896,0.262395,1.143571,0.000000,-0.784636,-2.515610
71394.700000,-2.346826,0.635596,1.108326,0.378950,0.388030,1.224728,0.000000,-0.745557,-2.532566
71394.800000,-2.475124,0.673992,1.110547,0.248272,0.462733,1.284243,0.000000,-0.727380,-2.546100
71394.900000,-2.632144,0.734838,1.094935,0.123816,0.649489,1.443851,0.000000,-0.669954,-2.144563
71395.100000,-2.756573,0.739883,1.115379,0.004338,0.809080,1.479019,0.000000,-0.640345,-2.157984
71395.200000,-2.589117,0.868865,1.115572,-0.167412,0.802289,1.676501,0.000000,-0.568741,-1.766794
71395.300000,-2.472517,0.955224,1.113934,-0.339161,0.744564,1.890213,0.000000,-0.549859,-1.779651
71395.400000,-2.399825,1.039568,1.099905,-0.535801,0.683444,2.158031,0.000000,-0.477260,-1.398309
71395.500000,-2.580576,0.977612,1.134186,-0.854409,0.570259,2.747770,0.000000,-0.477662,-1.499443
71395.600000,-2.519928,1.194668,1.051918,-1.007490,0.656280,2.772117,0.000000,-0.346627,-1.039278
71395.700000,-2.273966,1.341973,0.969110,-0.958952,0.622324,2.607098,0.000000,-0.289616,-0.656854
71395.800000,-2.052836,1.484821,0.905555,-0.904191,0.388030,2.406912,0.000000,-0.232979,-0.272283
71395.900000,-1.893173,1.633751,0.837147,-0.878056,0.425382,2.277061,0.000000,-0.168882,0.111284
71396.100000,-1.660267,1.749836,0.771602,-0.856898,0.449151,2.095811,0.000000,-0.130043,0.082474
71396.200000,-1.495379,1.850245,0.723606,-0.890003,0.374788,2.200232,0.000000,-0.091841,0.350965
71396.300000,-1.608924,1.823975,0.685625,-0.866578,0.371053,2.053429,0.000000,-0.099244,0.196729
71396.400000,-1.749024,1.879780,0.648440,-0.813338,0.389728,1.825288,0.000000,-0.037299,0.547320
71396.500000,-1.759444,1.911403,0.628303,-0.694038,0.451091,1.442692,0.000000,-0.052295,0.394464
