time,ax,ay,az,gx,gy,gz,mx,my,mz,
53131.7,-0.08,-0.02,0.93,-0.02,-0.09,-0.04,23.16,-32.86,-23.46,
53131.8,-0.14,-0.04,0.93,-0.01,0.06,-0.01,22.18,-31.69,-23.22,
53131.9,-0.13,-0.03,0.92,-0.01,-0.01,0.02,23.38,-31.86,-23.39,
53132.0,-0.12,-0.03,0.91,0.00,0.02,0.01,22.20,-33.66,-24.35,
53132.1,-0.12,-0.02,0.92,0.01,-0.01,0.01,22.70,-34.25,-24.39,
53132.2,-0.12,-0.03,0.91,0.01,-0.03,0.02,22.39,-32.85,-23.84,
53132.3,-0.12,-0.02,0.91,-0.01,0.02,0.06,24.24,-33.74,-22.55,
53132.4,-0.13,-0.04,0.92,-0.03,-0.08,0.12,21.50,-34.77,-24.56,
53132.5,-0.12,-0.03,0.92,0.08,0.03,0.10,21.88,-33.63,-23.73,
53132.6,-0.09,-0.02,0.92,0.07,-0.06,0.08,23.04,-34.60,-23.39,
53132.7,-0.08,-0.03,0.91,-0.00,-0.08,0.13,23.04,-33.91,-23.72,
53132.8,-0.08,-0.01,0.92,0.04,-0.04,0.20,21.80,-33.45,-23.25,
53132.9,-0.08,0.02,0.90,0.03,-0.15,0.21,19.44,-35.80,-24.23,
53133.0,-0.07,0.01,0.93,0.05,-0.15,0.22,19.62,-35.99,-23.75,
53133.1,-0.06,0.01,0.93,-0.07,-0.16,0.15,18.52,-35.42,-24.33,
53133.2,-0.03,-0.01,0.93,-0.21,-0.18,0.13,16.32,-36.42,-25.25,
53133.3,-0.04,-0.04,0.95,-0.12,-0.06,0.22,16.54,-36.11,-26.64,
53133.4,-0.01,-0.02,0.90,-0.15,-0.09,0.17,16.88,-36.31,-26.41,
53133.5,0.02,-0.06,0.91,-0.15,-0.20,0.28,14.14,-34.25,-28.08,
53133.6,0.02,-0.07,0.89,-0.09,-0.22,0.35,14.33,-35.77,-27.94,
53133.7,0.03,-0.10,0.87,-0.11,-0.39,0.34,11.77,-34.92,-29.09,
53133.8,0.07,-0.11,0.84,-0.10,-0.42,0.42,8.47,-34.84,-30.33,
53133.9,0.15,-0.18,0.84,0.05,-0.61,0.51,7.52,-33.86,-30.50,
53134.0,0.21,-0.11,0.89,0.35,-0.68,0.58,3.70,-36.14,-31.27,
53134.1,0.28,-0.05,0.89,0.41,-0.44,0.71,2.62,-36.41,-30.49,
53134.2,0.20,-0.01,0.87,0.29,-0.47,0.61,-2.14,-37.87,-28.59,
53134.3,0.31,0.02,0.88,0.15,-0.74,0.29,-3.31,-39.05,-29.09,
53134.4,0.37,0.05,0.94,0.06,-0.56,0.02,-8.33,-39.59,-28.12,
53134.5,0.48,0.04,0.90,0.13,-0.12,-0.02,-10.84,-39.73,-27.75,
53134.6,0.44,0.03,0.83,0.19,0.27,0.03,-9.49,-40.05,-26.44,
53134.7,0.43,-0.02,0.77,0.07,0.01,-0.01,-9.27,-40.84,-27.94,
53134.8,0.47,-0.03,0.85,-0.04,-0.24,0.13,-10.15,-41.44,-24.39,
53134.9,0.41,-0.02,0.83,-0.06,0.15,-0.13,-9.52,-40.91,-27.15,
53135.0,0.44,-0.00,0.81,0.03,0.13,-0.16,-8.96,-39.90,-26.91,
53135.1,0.36,0.01,0.79,0.07,0.24,-0.13,-7.08,-41.44,-27.41,
53135.2,0.47,-0.03,0.87,0.02,-0.22,0.03,-7.36,-40.97,-27.21,
53135.3,0.42,0.01,0.81,0.07,0.12,0.09,-7.76,-42.47,-25.74,
53135.4,0.45,0.01,0.82,0.03,-0.12,0.04,-6.81,-41.39,-25.90,
53135.5,0.44,0.01,0.81,0.04,0.02,0.02,-8.61,-42.98,-26.91,
53135.6,0.43,0.01,0.81,-0.01,-0.04,0.02,-9.07,-41.51,-26.73,
53135.7,0.43,0.02,0.82,0.00,0.01,-0.01,-8.29,-43.06,-26.74,
53135.8,0.42,0.02,0.81,0.05,0.04,0.03,-8.25,-42.01,-25.70,
53135.9,0.43,0.02,0.80,0.02,-0.07,0.04,-6.39,-42.81,-26.41,
53136.0,0.45,0.01,0.80,-0.00,-0.01,0.03,-9.47,-41.78,-26.74,
53136.1,0.44,0.01,0.80,0.00,0.01,0.02,-10.15,-42.81,-25.74,
53136.2,0.44,0.02,0.81,-0.01,0.01,0.01,-8.74,-41.50,-26.13,
53136.3,0.44,0.01,0.82,-0.01,0.02,0.01,-8.67,-41.21,-25.62,
53136.4,0.43,0.01,0.82,-0.02,-0.01,0.01,-10.15,-41.10,-26.07,
53136.5,0.43,0.01,0.82,-0.01,-0.02,0.02,-8.62,-41.61,-25.57,
53136.6,0.43,0.02,0.81,0.04,0.06,0.00,-8.06,-40.77,-26.35,
53136.7,0.43,0.02,0.82,-0.02,-0.02,0.00,-8.62,-41.27,-25.90,
53136.8,0.39,0.01,0.81,-0.00,0.09,0.03,-8.50,-41.94,-26.31,
53136.9,0.41,0.01,0.81,0.01,0.11,0.02,-8.27,-40.24,-28.92,
53137.0,0.43,0.01,0.83,-0.04,0.00,-0.01,-7.59,-42.64,-26.24,
53137.1,0.39,0.01,0.83,-0.03,0.00,-0.01,-7.75,-41.93,-26.85,
53137.2,0.41,0.00,0.82,-0.00,0.02,0.01,-7.08,-41.10,-26.41,
53137.3,0.40,0.00,0.82,-0.02,-0.00,0.01,-8.28,-41.72,-27.53,
53137.4,0.41,0.00,0.82,-0.01,-0.01,0.01,-9.13,-42.47,-25.74,
53137.5,0.41,0.01,0.82,0.00,0.03,-0.00,-8.27,-40.93,-27.58,
53137.6,0.41,0.00,0.82,-0.05,-0.03,0.01,-8.65,-41.71,-26.94,
53137.7,0.39,0.00,0.84,-0.03,-0.04,-0.01,-7.80,-41.14,-27.87,
53137.8,0.40,-0.00,0.81,0.00,-0.06,0.03,-7.76,-40.76,-27.75,
53137.9,0.43,-0.00,0.81,-0.00,-0.04,0.03,-8.27,-42.26,-27.58,
53138.0,0.43,-0.00,0.81,-0.01,0.02,0.01,-8.27,-40.93,-27.58,
53138.1,0.41,-0.01,0.82,-0.02,-0.01,0.01,-8.32,-40.66,-27.53,
53138.2,0.42,-0.01,0.82,-0.01,-0.02,0.01,-7.48,-41.24,-26.54,
53138.3,0.42,-0.00,0.82,-0.00,-0.02,0.01,-9.28,-41.58,-26.56,
53138.4,0.43,-0.01,0.83,-0.01,-0.02,0.02,-8.62,-41.67,-27.24,
53138.5,0.42,-0.00,0.82,0.01,0.01,0.00,-10.15,-40.76,-27.75,
53138.6,0.43,-0.01,0.81,0.01,-0.01,0.01,-8.96,-40.93,-27.58,
53138.7,0.42,-0.01,0.81,0.00,-0.03,0.02,-7.93,-40.70,-27.52,
53138.8,0.42,-0.01,0.81,-0.02,-0.01,0.01,-9.76,-40.50,-27.05,
53138.9,0.42,-0.02,0.81,0.00,-0.01,0.01,-8.32,-41.35,-26.53,
53139.0,0.43,-0.01,0.81,-0.01,-0.01,0.00,-8.25,-41.02,-28.37,
53139.1,0.43,-0.02,0.81,-0.01,-0.01,0.01,-9.64,-41.27,-26.91,
53139.2,0.42,-0.01,0.82,-0.00,-0.00,0.01,-8.35,-41.29,-26.94,
53139.3,0.43,-0.02,0.81,-0.00,0.00,0.01,-7.25,-40.93,-26.91,
53139.4,0.42,-0.01,0.81,0.00,-0.01,0.01,-8.94,-42.24,-27.28,
53139.5,0.42,-0.02,0.82,-0.00,0.01,0.00,-8.38,-39.60,-26.74,
53139.6,0.42,-0.01,0.81,-0.01,-0.03,0.01,-8.96,-41.95,-28.25,
53139.7,0.42,-0.01,0.81,0.01,0.01,0.01,-8.13,-40.79,-27.11,
53139.8,0.43,-0.01,0.81,-0.00,-0.03,0.02,-8.53,-41.26,-27.55,
53139.9,0.43,-0.02,0.81,-0.00,0.01,0.01,-9.33,-40.90,-26.82,
53140.0,0.43,-0.03,0.82,0.01,-0.00,0.01,-9.34,-40.97,-27.12,
53140.1,0.43,-0.02,0.81,0.02,-0.03,0.02,-8.67,-41.65,-26.36,
53140.2,0.43,-0.02,0.82,0.05,-0.04,0.03,-9.13,-41.78,-27.41,
53140.3,0.44,-0.00,0.83,0.06,-0.03,0.06,-7.96,-40.94,-26.59,
53140.4,0.41,-0.00,0.82,0.04,0.06,0.05,-9.64,-40.93,-24.90,
53140.5,0.43,0.01,0.83,0.06,0.10,0.03,-10.57,-41.12,-25.90,
53140.6,0.40,0.05,0.85,0.11,0.33,-0.03,-9.50,-41.62,-26.53,
53140.7,0.39,0.05,0.83,0.03,0.10,-0.06,-8.44,-40.41,-24.73,
53140.8,0.41,0.02,0.87,0.01,0.09,-0.09,-7.59,-42.30,-25.23,
53140.9,0.41,0.00,0.84,-0.02,-0.01,-0.02,-6.22,-40.93,-24.90,
53141.0,0.40,-0.00,0.85,0.04,0.38,0.02,-6.56,-40.24,-23.56,
53141.1,0.31,0.05,0.86,0.07,0.37,0.03,-6.50,-41.21,-23.28,
53141.2,0.29,0.05,0.89,0.04,0.28,0.00,-4.68,-40.76,-23.39,
53141.3,0.29,0.03,0.86,0.04,0.43,-0.01,-5.19,-41.27,-24.56,
53141.4,0.24,0.03,0.85,0.03,0.44,0.02,-4.34,-41.20,-23.39,
53141.5,0.16,0.04,0.85,0.03,0.40,-0.07,-2.97,-42.47,-23.39,
53141.6,0.16,0.05,0.84,-0.06,-0.01,-0.19,-1.75,-41.46,-23.04,
53141.7,0.21,0.04,0.89,0.01,-0.11,-0.13,-0.57,-42.12,-23.72,
53141.8,0.19,0.07,0.91,0.11,0.06,-0.03,-0.06,-41.27,-22.55,
53141.9,0.16,0.08,0.90,0.06,0.03,-0.08,-0.23,-41.56,-21.94,
53142.0,0.17,0.11,0.93,-0.01,-0.01,-0.20,-0.57,-42.47,-22.72,
53142.1,0.17,0.06,0.93,-0.13,0.11,-0.31,1.49,-41.62,-22.38,
53142.2,0.15,0.02,0.91,-0.11,0.19,-0.21,1.99,-42.30,-23.22,
53142.3,0.10,0.05,0.91,-0.01,0.23,-0.07,3.36,-41.61,-23.22,
53142.4,0.04,0.09,0.95,0.07,0.30,-0.08,4.75,-42.19,-21.77,
53142.5,0.01,0.12,0.96,0.05,0.32,-0.20,5.14,-41.03,-21.38,
53142.6,-0.04,0.10,0.91,0.01,0.28,-0.40,5.76,-40.93,-20.21,
53142.7,0.03,0.06,0.91,0.15,0.35,-0.38,9.69,-41.78,-19.37,
53142.8,-0.02,0.09,0.90,0.08,0.46,-0.32,9.86,-42.30,-19.20,
53142.9,-0.07,0.12,0.89,0.01,0.40,-0.24,11.87,-40.62,-18.30,
53143.0,-0.13,0.13,0.90,-0.09,0.22,-0.32,12.84,-42.07,-17.14,
53143.1,-0.15,0.07,0.91,0.05,0.21,-0.27,13.97,-40.59,-17.86,
53143.2,-0.18,0.08,0.86,0.19,0.25,-0.33,15.37,-40.16,-16.16,
53143.3,-0.18,0.07,0.93,0.07,-0.08,-0.25,15.68,-37.51,-13.84,
53143.4,-0.25,0.05,0.89,0.11,0.36,-0.27,18.42,-37.85,-13.50,
53143.5,-0.28,0.08,0.90,0.07,0.06,-0.17,18.86,-38.25,-12.48,
53143.6,-0.14,0.05,0.89,-0.03,-0.90,0.20,18.73,-37.53,-12.37,
53143.7,-0.06,0.12,0.89,-0.00,-0.20,0.29,18.08,-38.53,-11.49,
53143.8,-0.09,0.18,0.89,-0.03,0.10,0.41,16.37,-40.73,-11.83,
53143.9,-0.20,0.19,0.76,-0.04,-1.37,0.31,15.85,-40.76,-11.66,
53144.0,0.12,0.16,0.95,-0.05,-1.19,0.18,12.82,-42.87,-10.50,
53144.1,0.15,0.13,0.91,0.02,-0.48,0.13,10.54,-42.66,-9.54,
53144.2,0.22,0.11,0.90,0.12,-0.28,0.19,10.03,-43.84,-10.65,
53144.3,0.15,0.16,0.87,0.06,-0.33,0.18,9.90,-44.20,-8.03,
53144.4,0.29,0.13,0.84,-0.03,-1.09,0.14,7.13,-45.03,-8.47,
53144.5,0.45,0.14,0.89,-0.01,-1.05,0.16,7.54,-45.70,-7.30,
53144.6,0.49,0.12,0.84,0.13,-0.21,0.06,5.07,-47.18,-8.69,
53144.7,0.44,0.14,0.78,0.07,0.36,0.11,4.56,-45.89,-10.32,
53144.8,0.37,0.12,0.78,0.05,0.19,0.11,5.75,-46.23,-8.81,
53144.9,0.38,0.16,0.85,-0.01,0.23,0.03,4.03,-45.70,-8.89,
53145.0,0.41,0.15,0.85,-0.04,0.26,-0.03,3.74,-46.17,-11.35,
53145.1,0.38,0.16,0.88,-0.03,0.40,-0.04,3.85,-45.31,-10.55,
53145.2,0.34,0.13,0.91,-0.14,0.23,-0.02,3.02,-45.03,-11.49,
53145.3,0.27,0.12,0.92,-0.20,0.68,0.03,3.36,-44.69,-14.17,
53145.4,0.17,0.07,0.89,-0.21,0.70,0.06,3.18,-42.37,-15.81,
53145.5,0.15,0.05,0.91,-0.22,0.58,0.12,3.10,-42.44,-18.10,
53145.6,0.08,0.05,0.93,-0.18,0.88,0.14,4.05,-40.93,-19.20,
53145.7,-0.01,0.03,0.90,-0.24,0.90,0.10,4.30,-41.18,-21.97,
53145.8,-0.14,0.01,0.90,-0.28,0.87,0.09,7.47,-39.56,-21.55,
53145.9,-0.18,-0.02,0.91,-0.32,0.92,0.07,8.58,-38.79,-23.68,
53146.0,-0.29,-0.08,0.85,-0.27,0.81,0.20,8.19,-37.90,-23.57,
53146.1,-0.38,-0.06,0.80,-0.23,0.68,0.14,11.06,-39.05,-24.06,
53146.2,-0.43,-0.07,0.77,-0.24,0.46,0.09,12.82,-37.43,-24.70,
53146.3,-0.44,-0.11,0.81,-0.13,0.23,0.15,13.11,-38.36,-24.73,
53146.4,-0.53,-0.12,0.77,-0.10,0.29,0.07,13.68,-35.51,-25.29,
53146.5,-0.50,-0.12,0.75,-0.04,0.05,0.05,14.40,-37.02,-24.74,
53146.6,-0.51,-0.10,0.76,-0.04,-0.16,0.04,15.85,-35.97,-24.73,
53146.7,-0.53,-0.10,0.72,-0.04,-0.24,-0.15,13.61,-36.95,-25.17,
53146.8,-0.43,-0.10,0.71,0.03,-0.98,-0.28,14.48,-35.97,-26.74,
53146.9,-0.27,-0.13,0.80,0.26,-1.88,-0.56,11.01,-36.26,-28.38,
53147.0,-0.04,-0.11,0.89,0.42,-1.87,-0.60,7.73,-37.37,-26.37,
53147.1,0.12,-0.03,0.88,0.39,-1.70,-0.60,3.53,-38.02,-25.74,
53147.2,0.34,-0.05,0.93,0.43,-1.23,-0.49,3.19,-38.36,-24.06,
53147.3,0.40,0.03,0.86,0.38,-0.90,-0.40,3.35,-39.33,-22.10,
53147.4,0.53,0.13,0.90,0.22,-1.12,-0.15,3.70,-42.30,-18.19,
53147.5,0.51,0.13,0.78,0.06,-0.09,-0.10,4.05,-43.48,-16.67,
53147.6,0.50,0.14,0.80,-0.01,-0.14,0.01,5.42,-43.32,-15.51,
53147.7,0.53,0.08,0.76,0.00,-0.17,-0.01,6.61,-44.86,-14.34,
53147.8,0.49,0.07,0.76,0.01,-0.23,-0.04,7.80,-43.34,-16.16,
53147.9,0.63,0.06,0.86,-0.06,-0.88,0.04,8.67,-42.47,-13.33,
53148.0,0.58,0.10,0.71,-0.12,0.07,-0.09,8.32,-43.49,-14.68,
53148.1,0.65,0.15,0.74,-0.10,-0.04,-0.14,8.39,-41.99,-13.68,
53148.2,0.58,0.11,0.75,-0.15,0.26,-0.22,8.84,-40.59,-15.85,
53148.3,0.53,0.11,0.70,0.03,0.46,-0.30,8.84,-40.58,-16.85,
53148.4,0.51,0.12,0.73,-0.13,0.18,-0.19,8.82,-38.02,-16.95,
53148.5,0.51,0.13,0.73,-0.21,0.35,-0.17,10.21,-37.85,-16.52,
53148.6,0.47,0.08,0.83,-0.23,0.09,-0.17,9.43,-36.09,-19.37,
53148.7,0.39,0.04,0.84,-0.28,0.10,-0.02,9.69,-35.28,-20.37,
53148.8,0.38,-0.00,0.77,-0.57,0.06,0.17,10.38,-33.23,-24.73,
53148.9,0.37,-0.04,0.81,-0.48,0.07,0.26,9.86,-32.21,-26.40,
53149.0,0.36,-0.06,0.80,-0.05,-0.21,0.21,8.84,-32.03,-26.24,
53149.1,0.42,-0.07,0.74,0.10,-0.30,0.14,7.87,-30.72,-27.29,
53149.2,0.50,-0.09,0.72,0.16,-0.21,0.33,6.27,-32.20,-28.08,
53149.3,0.48,-0.09,0.78,0.23,-0.30,0.53,4.22,-31.52,-30.43,
53149.4,0.48,-0.07,0.77,0.20,-0.10,0.57,1.84,-33.78,-29.30,
53149.5,0.46,-0.09,0.77,0.16,-0.20,0.51,-0.40,-34.08,-30.93,
53149.6,0.51,-0.16,0.71,0.24,-0.31,0.45,-3.61,-34.66,-30.21,
53149.7,0.53,-0.11,0.68,0.15,-0.50,0.44,-5.19,-35.80,-29.25,
53149.8,0.55,-0.07,0.71,0.37,-0.24,0.49,-9.13,-35.62,-29.42,
53149.9,0.53,-0.03,0.71,0.70,-0.26,0.27,-10.91,-36.60,-28.02,
53150.0,0.54,0.06,0.73,0.97,0.82,0.07,-11.95,-38.42,-26.12,
53150.1,0.48,0.17,0.80,0.77,1.24,-0.20,-9.81,-40.41,-26.07,
53150.2,0.44,0.14,0.86,0.04,0.54,-0.14,-6.22,-43.32,-24.56,
53150.3,0.27,0.11,0.82,0.40,0.40,-0.17,-3.31,-45.55,-24.39,
53150.4,0.32,0.09,0.84,-0.04,-0.19,-0.02,-3.31,-44.86,-23.05,
53150.5,0.32,0.13,0.87,-0.06,-0.29,0.04,-3.33,-44.85,-22.24,
53150.6,0.33,0.11,0.83,-0.11,-0.18,0.06,-3.14,-45.03,-23.56,
53150.7,0.37,0.11,0.83,-0.01,-0.06,0.05,-2.97,-44.52,-23.72,
53150.8,0.41,0.10,0.84,-0.03,-0.04,0.05,-4.00,-45.43,-23.84,
53150.9,0.37,0.10,0.85,0.03,-0.06,0.06,-5.36,-44.86,-22.05,
53151.0,0.39,0.11,0.79,0.09,0.00,0.06,-4.90,-44.55,-22.65,
53151.1,0.41,0.11,0.82,0.03,-0.10,0.04,-5.88,-44.35,-22.22,
53151.2,0.43,0.12,0.82,0.02,-0.05,0.05,-7.25,-45.03,-22.22,
53151.3,0.39,0.12,0.81,0.04,0.02,0.02,-5.12,-44.49,-22.35,
53151.4,0.40,0.12,0.80,0.04,0.10,0.01,-4.51,-44.69,-22.22,
53151.5,0.41,0.13,0.81,0.06,0.13,0.03,-6.39,-45.55,-22.72,
53151.6,0.38,0.13,0.81,0.02,-0.02,0.03,-4.34,-44.52,-22.05,
53151.7,0.41,0.13,0.81,0.01,-0.02,0.02,-5.02,-45.21,-22.72,
53151.8,0.40,0.13,0.80,0.01,-0.02,0.02,-5.88,-45.79,-22.08,
53151.9,0.35,0.14,1.07,0.14,0.24,0.09,-5.53,-46.40,-23.22,
53152.0,0.46,0.13,0.85,-0.02,-0.11,0.05,-6.22,-46.40,-22.55,
53152.1,0.35,0.14,0.82,0.06,0.16,-0.08,-5.90,-45.42,-21.84,
53152.2,0.45,0.14,0.88,0.02,0.01,-0.04,-5.49,-45.12,-21.89,
53152.3,0.37,0.14,0.82,0.10,0.67,-0.00,-3.47,-46.35,-21.22,
53152.4,0.27,0.14,0.89,0.21,1.33,-0.20,-2.79,-45.02,-21.71,
53152.5,0.09,0.18,0.84,0.18,0.99,-0.24,-0.74,-47.77,-21.21,
53152.6,0.19,0.22,0.90,0.12,0.46,-0.41,3.76,-47.86,-20.66,
53152.7,-0.04,0.16,0.87,-0.01,0.67,-0.50,6.10,-47.08,-21.01,
53152.8,-0.03,0.22,0.89,-0.02,0.36,-0.23,7.64,-46.23,-19.37,
53152.9,-0.05,0.21,0.92,-0.07,0.02,-0.26,10.34,-46.75,-19.94,
53153.0,0.11,-0.13,0.94,-0.08,-0.46,-0.08,12.62,-47.02,-19.39,
53153.1,-0.05,0.23,0.94,-0.03,0.37,0.14,11.73,-47.04,-19.58,
53153.2,-0.21,0.17,1.00,-0.11,0.73,0.07,11.20,-46.13,-18.98,
53153.3,-0.08,0.28,0.91,0.01,0.55,0.06,12.26,-46.75,-18.86,
53153.4,-0.24,0.18,0.90,-0.04,0.21,0.13,14.37,-47.15,-19.31,
53153.5,-0.22,0.17,0.83,0.11,0.81,0.47,13.30,-47.26,-18.66,
53153.6,-0.25,0.17,0.84,0.03,-0.69,0.12,13.63,-48.11,-18.19,
53153.7,-0.14,0.29,0.90,-0.09,-0.76,0.04,12.17,-47.34,-18.75,
53153.8,0.07,0.28,0.91,0.03,-0.05,-0.09,11.92,-47.43,-18.19,
53153.9,-0.23,0.14,0.88,-0.10,0.76,-0.40,10.47,-47.18,-20.28,
53154.0,-0.21,0.13,0.86,-0.11,0.65,-0.20,13.37,-47.55,-19.35,
53154.1,-0.23,0.20,0.88,0.03,0.31,0.06,14.87,-46.14,-19.65,
53154.2,-0.32,0.19,0.87,0.03,0.35,0.23,16.11,-46.15,-17.44,
53154.3,-0.46,0.16,0.81,0.16,-0.39,0.50,15.51,-45.55,-16.35,
53154.4,-0.16,0.27,0.80,-0.11,-1.25,0.18,13.09,-48.80,-17.56,
53154.5,-0.04,0.18,0.92,-0.17,-0.40,-0.15,9.57,-46.88,-19.78,
53154.6,-0.09,0.24,0.89,-0.01,0.13,0.15,9.35,-47.26,-19.37,
53154.7,-0.13,0.23,0.91,-0.05,-0.16,0.05,9.52,-47.77,-19.87,
53154.8,-0.12,0.26,0.93,0.01,0.06,0.08,8.03,-47.18,-19.62,
53154.9,-0.15,0.26,0.91,0.20,0.10,0.10,9.89,-47.74,-18.46,
53155.0,-0.08,0.26,0.90,0.29,0.36,0.09,7.92,-47.83,-17.25,
53155.1,-0.22,0.32,0.91,0.27,0.57,-0.09,9.17,-48.11,-16.35,
53155.2,-0.25,0.34,0.92,0.11,-0.02,-0.30,10.55,-47.77,-12.83,
53155.3,-0.28,0.32,0.90,0.11,0.50,-0.71,12.26,-46.57,-13.06,
53155.4,-0.41,0.26,0.86,0.20,0.71,-1.08,15.38,-45.39,-11.48,
53155.5,-0.40,0.24,0.78,0.25,0.46,-1.08,18.93,-45.21,-10.65,
53155.6,-0.43,0.22,0.74,0.15,0.31,-1.21,22.25,-42.80,-7.31,
53155.7,-0.54,0.16,0.72,0.14,0.53,-1.08,26.63,-39.90,-4.45,
53155.8,-0.55,0.11,0.72,0.15,0.46,-0.60,28.31,-37.99,-2.28,
53155.9,-0.58,0.12,0.63,0.17,0.76,-0.23,31.05,-36.22,0.89,
53156.0,-0.64,0.11,0.63,-0.07,0.19,-0.16,30.74,-36.82,1.58,
53156.1,-0.64,0.07,0.65,-0.20,-0.07,-0.03,31.94,-35.72,1.99,
53156.2,-0.62,0.08,0.69,-0.18,-0.02,0.30,31.25,-35.28,1.08,
53156.3,-0.66,0.10,0.67,-0.30,-0.07,0.46,30.89,-35.01,0.79,
53156.4,-0.73,0.12,0.64,-0.18,0.07,0.12,28.13,-37.10,0.64,
53156.5,-0.70,0.10,0.66,-0.05,-0.24,-0.11,28.68,-36.82,-0.10,
53156.6,-0.66,0.04,0.71,-0.00,-0.09,-0.26,27.41,-36.04,0.68,
53156.7,-0.62,0.05,0.77,-0.05,-0.13,0.07,28.03,-35.37,0.54,
53156.8,-0.58,0.09,0.78,-0.16,-0.70,0.43,25.95,-36.14,0.24,
53156.9,-0.62,0.11,0.72,-0.21,0.33,0.16,26.34,-38.43,-0.15,
53157.0,-0.52,0.08,0.78,0.02,-1.08,0.47,25.26,-39.22,-0.77,
53157.1,-0.52,0.12,0.80,0.02,-0.65,0.25,22.70,-41.44,-0.93,
53157.2,-0.43,0.19,0.83,0.06,-1.52,0.35,22.18,-43.27,-1.13,
53157.3,-0.25,0.22,0.90,0.05,-0.96,0.20,19.27,-44.52,-3.28,
53157.4,-0.14,0.16,0.90,0.01,-0.71,0.25,18.59,-45.21,-4.62,
53157.5,-0.11,0.16,0.87,0.04,-0.78,0.16,17.32,-45.99,-5.73,
53157.6,-0.06,0.18,0.90,0.01,-1.03,0.14,14.83,-46.23,-4.96,
53157.7,0.12,0.24,0.96,-0.01,-1.00,0.29,15.85,-47.26,-7.30,
53157.8,0.23,0.23,0.97,-0.19,0.85,0.16,12.60,-47.43,-8.47,
53157.9,0.07,0.19,1.02,-0.46,0.63,0.09,12.77,-46.92,-9.65,
53158.0,-0.14,0.07,0.91,-0.64,1.50,0.08,12.07,-44.42,-12.47,
53158.1,-0.25,-0.00,0.85,-0.38,0.69,0.16,14.65,-40.93,-16.85,
53158.2,-0.27,-0.03,0.84,-0.36,0.85,0.15,14.65,-40.93,-18.19,
53158.3,-0.40,-0.07,0.84,-0.33,0.48,0.11,14.91,-39.40,-17.80,
53158.4,-0.41,-0.07,0.85,-0.22,0.60,0.11,15.68,-39.22,-19.87,
53158.5,-0.48,-0.06,0.81,-0.15,0.66,0.09,17.06,-38.98,-20.66,
53158.6,-0.54,-0.07,0.72,-0.21,0.46,0.03,18.76,-37.86,-19.88,
53158.7,-0.55,-0.09,0.69,-0.27,0.13,-0.04,20.98,-36.65,-20.71,
53158.8,-0.58,-0.14,0.61,-0.25,0.29,-0.11,20.93,-36.02,-20.18,
53158.9,-0.56,-0.12,0.61,0.29,-0.68,-0.10,20.47,-35.45,-19.87,
53159.0,-0.50,-0.12,0.74,0.56,-1.04,-0.25,19.44,-36.98,-21.55,
53159.1,-0.34,-0.07,0.82,0.72,-1.42,-0.39,18.93,-37.34,-21.71,
53159.2,-0.17,0.02,0.95,0.60,-1.30,-0.41,15.85,-37.34,-19.37,
53159.3,-0.05,0.07,0.98,0.50,-0.88,-0.33,14.14,-39.84,-19.37,
53159.4,0.02,0.11,0.98,0.32,-0.69,-0.19,15.51,-41.78,-17.36,
53159.5,0.05,0.11,0.99,0.11,-0.67,-0.05,14.65,-42.30,-16.52,
53159.6,0.12,0.13,0.93,0.12,-0.26,0.01,15.68,-43.66,-15.18,
53159.7,0.10,0.16,0.92,0.16,-0.21,-0.02,14.83,-42.81,-14.00,
53159.8,0.13,0.14,0.91,0.04,-0.33,-0.05,13.63,-44.01,-13.84,
53159.9,0.19,0.14,0.92,-0.02,-0.31,0.01,16.23,-44.97,-13.35,
53160.0,0.16,0.14,0.90,-0.05,0.09,-0.06,15.51,-44.52,-13.00,
53160.1,0.19,0.21,0.92,-0.04,0.55,-0.12,14.65,-42.64,-12.83,
53160.2,0.04,0.18,0.93,-0.02,0.46,-0.25,16.56,-42.20,-11.77,
53160.3,0.06,0.18,0.88,0.12,0.62,-0.30,17.73,-42.98,-12.83,
53160.4,0.01,0.18,0.90,0.14,0.03,-0.38,19.59,-39.46,-11.30,
53160.5,-0.04,0.16,0.89,0.13,0.01,-0.58,21.33,-38.70,-12.33,
53160.6,-0.01,0.14,0.85,0.03,-0.56,-0.43,21.67,-36.31,-13.67,
53160.7,0.06,0.14,0.89,-0.03,-0.08,-0.20,21.33,-35.28,-14.89,
53160.8,0.04,0.12,0.90,-0.20,0.02,0.04,22.18,-34.77,-16.52,
53160.9,0.04,0.09,0.91,-0.26,-0.10,0.18,21.54,-34.80,-17.98,
53161.0,0.06,0.02,0.88,-0.36,-0.33,0.33,20.81,-33.74,-19.20,
53161.1,0.15,0.01,0.90,-0.39,-0.73,0.56,21.33,-34.25,-21.38,
53161.2,0.16,0.01,0.89,-0.16,0.10,0.65,17.79,-33.08,-25.64,
53161.3,0.14,-0.03,0.78,0.06,0.30,0.86,15.85,-35.28,-24.39,
53161.4,0.19,-0.05,0.67,-0.03,-0.68,0.73,13.46,-36.83,-25.89,
53161.5,0.41,0.06,0.81,0.51,-1.05,0.89,6.61,-37.68,-28.42,
53161.6,0.29,0.21,1.02,1.00,0.42,0.43,4.22,-39.39,-27.08,
53161.7,0.10,0.27,1.00,0.64,0.66,0.31,3.53,-42.41,-24.11,
53161.8,0.20,0.21,1.02,0.36,-0.27,0.54,3.91,-44.24,-23.24,
53161.9,0.11,0.30,0.88,0.55,0.60,0.25,1.31,-46.06,-21.55,
53162.0,0.08,0.25,0.78,0.40,0.72,0.25,2.51,-47.61,-20.06,
53162.1,0.19,0.27,0.95,-0.20,-0.88,-0.04,3.02,-49.14,-17.86,
53162.2,0.21,0.19,0.92,-0.21,0.01,-0.36,3.36,-47.09,-20.21,
53162.3,0.16,0.20,0.88,-0.08,-0.02,0.04,2.20,-46.62,-20.59,
53162.4,0.22,0.18,0.88,-0.04,-0.11,0.02,3.19,-47.26,-21.04,
53162.5,0.22,0.20,0.87,0.02,-0.06,0.03,1.68,-47.69,-20.31,
53162.6,0.25,0.20,0.85,0.01,-0.01,0.08,0.81,-47.14,-21.75,
53162.7,0.26,0.20,0.90,0.12,-0.01,0.06,0.79,-47.94,-21.04,
53162.8,0.24,0.22,0.87,0.06,-0.02,0.05,1.04,-47.29,-21.13,
53162.9,0.24,0.21,0.83,0.06,-0.07,0.06,1.82,-46.92,-20.36,
53163.0,0.22,0.23,0.84,0.09,-0.21,-0.03,0.28,-47.77,-19.54,
53163.1,0.25,0.23,0.83,0.01,-0.35,-0.05,0.84,-47.36,-20.24,
53163.2,0.30,0.22,0.82,0.03,-0.09,0.06,0.50,-48.24,-18.82,
53163.3,0.30,0.23,0.83,-0.02,-0.09,0.06,0.30,-47.67,-20.46,
53163.4,0.33,0.22,0.84,-0.02,-0.10,0.05,0.92,-48.11,-20.20,
53163.5,0.31,0.22,0.83,-0.01,-0.09,0.06,-0.74,-48.46,-19.54,
53163.6,0.30,0.22,0.84,0.01,-0.05,0.05,-0.47,-46.93,-18.75,
53163.7,0.34,0.24,0.85,0.09,-0.15,0.09,-1.09,-47.09,-19.54,
53163.8,0.33,0.22,0.84,0.14,-0.22,0.09,-2.11,-47.68,-18.87,
53163.9,0.31,0.22,0.79,0.08,-0.05,0.10,-2.67,-47.85,-17.73,
53164.0,0.34,0.27,0.80,0.16,-0.04,0.14,-2.28,-46.23,-17.36,
53164.1,0.37,0.32,0.85,0.23,0.03,0.33,-4.62,-47.36,-16.79,
53164.2,0.34,0.34,0.85,0.20,0.04,0.27,-5.06,-46.88,-16.20,
53164.3,0.33,0.34,0.86,0.04,-0.36,0.02,-5.67,-48.03,-14.84,
53164.4,0.42,0.25,0.83,0.00,0.48,-0.16,-5.33,-46.95,-13.00,
53164.5,0.42,0.23,0.81,0.17,0.31,0.09,-4.28,-47.38,-12.28,
53164.6,0.37,0.22,0.72,0.11,0.37,0.08,-3.65,-45.89,-10.99,
53164.7,0.35,0.20,0.74,-0.11,0.40,-0.10,-3.14,-46.40,-11.16,
53164.8,0.26,0.24,0.81,-0.18,0.29,-0.16,-3.14,-47.68,-11.74,
53164.9,0.25,0.33,0.90,-0.24,0.41,-0.29,-1.09,-47.09,-11.83,
53165.0,0.18,0.35,0.96,-0.23,0.40,-0.32,0.72,-47.04,-12.92,
53165.1,0.11,0.29,0.92,-0.16,0.82,-0.48,2.51,-45.21,-11.66,
53165.2,0.11,0.24,0.88,-0.10,0.46,-0.47,5.70,-45.52,-10.68,
53165.3,0.04,0.16,0.81,-0.05,0.67,-0.59,6.51,-44.35,-11.05,
53165.4,-0.04,0.19,0.84,-0.11,0.66,-0.60,11.06,-44.52,-8.64,
53165.5,-0.15,0.14,0.85,-0.10,0.48,-0.55,12.11,-43.66,-9.32,
53165.6,-0.16,0.12,0.80,-0.08,0.97,-0.53,13.29,-42.64,-8.47,
53165.7,-0.24,0.15,0.88,0.01,0.08,-0.43,17.34,-42.20,-8.53,
53165.8,-0.31,0.09,0.87,0.00,0.58,-0.40,17.30,-40.76,-8.09,
53165.9,-0.40,0.04,0.82,0.13,-0.00,-0.18,19.96,-40.41,-5.96,
53166.0,-0.25,0.15,0.86,-0.01,-0.33,0.15,19.13,-41.97,-6.50,
53166.1,-0.27,0.16,0.87,0.08,-0.29,0.15,18.25,-42.47,-4.62,
53166.2,-0.20,0.24,0.89,0.14,-0.30,0.47,19.06,-43.57,-3.91,
53166.3,-0.26,0.22,0.77,0.15,-1.04,0.33,15.68,-47.13,-2.88,
53166.4,-0.03,0.29,0.92,-0.05,-1.31,0.12,15.85,-46.57,-4.96,
53166.5,0.05,0.24,0.90,-0.13,-0.28,0.04,12.86,-48.63,-4.22,
53166.6,0.11,0.18,0.93,-0.00,-1.06,0.24,12.88,-48.40,-4.60,
53166.7,0.06,0.23,0.83,0.08,-0.47,-0.01,12.28,-50.79,-5.85,
53166.8,0.31,0.24,0.90,0.20,-1.20,0.39,10.72,-50.68,-6.30,
53166.9,0.42,0.27,0.96,-0.05,0.32,0.19,7.98,-51.36,-6.97,
53167.0,0.26,0.26,0.90,-0.30,0.31,-0.06,9.35,-49.31,-7.97,
53167.1,0.32,0.21,0.95,-0.47,0.59,0.05,7.38,-48.67,-11.51,
53167.2,0.08,0.13,0.94,-0.53,0.89,-0.02,8.15,-45.38,-15.87,
53167.3,-0.01,0.07,0.93,-0.49,1.52,-0.06,8.09,-42.98,-18.32,
53167.4,-0.17,0.02,0.92,-0.50,1.13,-0.05,9.85,-41.26,-19.83,
53167.5,-0.27,-0.05,0.94,-0.54,1.19,-0.06,13.46,-40.07,-21.38,
53167.6,-0.37,-0.10,0.81,-0.59,1.45,-0.02,16.05,-36.34,-21.55,
53167.7,-0.49,-0.13,0.68,-0.65,1.14,0.10,19.22,-36.45,-22.34,
53167.8,-0.64,-0.17,0.62,-0.50,1.12,0.09,22.18,-34.77,-24.23,
53167.9,-0.69,-0.18,0.49,-0.16,0.63,0.07,23.54,-34.83,-21.22,
53168.0,-0.68,-0.18,0.50,-0.01,-0.17,0.02,24.58,-33.06,-21.88,
53168.1,-0.64,-0.17,0.58,0.11,-0.43,-0.08,23.41,-33.33,-21.99,
53168.2,-0.57,-0.18,0.62,0.26,-1.28,-0.25,22.92,-33.51,-23.22,
53168.3,-0.42,-0.15,0.74,0.50,-1.44,-0.37,22.01,-33.91,-24.39,
53168.4,-0.31,-0.12,0.83,0.77,-1.47,-0.38,20.30,-34.94,-24.06,
53168.5,-0.14,-0.06,0.99,1.02,-1.28,-0.22,16.40,-36.33,-22.78,
53168.6,-0.04,0.09,0.98,0.84,-0.99,0.00,13.96,-40.67,-20.47,
53168.7,0.08,0.17,0.97,0.58,-1.43,0.09,11.72,-43.45,-17.00,
53168.8,0.25,0.23,1.03,0.20,-1.22,-0.01,11.23,-44.35,-15.51,
53168.9,0.30,0.20,0.95,0.03,-0.51,-0.04,9.01,-43.84,-14.34,
53169.0,0.29,0.19,0.87,0.01,-0.33,-0.05,10.33,-45.19,-14.02,
53169.1,0.30,0.19,0.85,0.07,-0.04,-0.03,10.70,-45.25,-13.32,
53169.2,0.29,0.18,0.86,0.03,0.07,0.03,10.72,-46.23,-10.65,
53169.3,0.26,0.18,0.85,-0.01,0.18,0.03,10.16,-46.41,-11.69,
53169.4,0.27,0.16,0.82,-0.05,-0.12,-0.01,11.57,-46.06,-11.83,
53169.5,0.31,0.21,0.83,-0.00,-0.42,-0.16,11.59,-46.47,-12.79,
53169.6,0.40,0.22,0.88,-0.16,0.39,-0.21,13.11,-46.91,-12.34,
53169.7,0.22,0.24,0.81,-0.05,0.66,-0.41,12.77,-44.18,-10.99,
53169.8,0.28,0.27,0.85,-0.01,0.28,-0.25,14.28,-44.09,-12.19,
53169.9,0.22,0.22,0.88,-0.17,0.06,-0.33,16.88,-41.44,-12.33,
53170.0,0.28,0.13,0.89,-0.39,-0.17,-0.22,16.37,-38.19,-14.47,
53170.1,0.17,0.03,0.88,-0.47,0.43,-0.06,17.34,-37.27,-15.12,
53170.2,0.14,-0.01,0.85,-0.67,0.06,0.43,17.56,-35.62,-19.37,
53170.3,0.17,-0.13,0.83,-0.51,-0.23,0.78,15.83,-35.47,-21.65,
53170.4,0.08,-0.11,0.86,-0.02,-0.31,0.80,13.97,-34.43,-24.23,
53170.5,0.16,-0.09,0.93,0.33,-0.92,0.71,10.87,-36.16,-25.94,
53170.6,0.31,-0.05,0.93,0.37,-0.70,0.61,5.49,-37.43,-26.77,
53170.7,0.27,-0.00,0.87,0.48,0.28,0.39,2.33,-38.53,-25.90,
53170.8,0.29,0.08,0.87,0.52,-0.31,0.35,1.66,-40.26,-25.27,
53170.9,0.27,0.16,0.89,0.65,0.53,0.20,1.56,-41.64,-23.80,
53171.0,0.27,0.20,0.89,0.51,0.07,0.31,0.98,-44.69,-22.86,
53171.1,0.25,0.29,0.83,0.26,0.12,0.17,0.52,-46.64,-20.58,
53171.2,0.12,0.39,0.98,-0.01,-0.41,-0.21,-0.06,-45.03,-20.54,
53171.3,0.36,0.14,0.99,-0.11,-0.09,-0.11,-0.57,-47.26,-21.71,
53171.4,0.21,0.18,0.81,0.01,0.11,0.12,0.76,-47.30,-21.75,
53171.5,0.29,0.20,0.87,-0.01,0.08,0.06,-0.06,-46.06,-22.22,
53171.6,0.28,0.17,0.87,0.03,-0.22,0.17,-1.30,-47.03,-21.23,
53171.7,0.33,0.16,0.82,-0.02,-0.57,0.16,-0.57,-47.26,-22.38,
53171.8,0.38,0.15,0.82,0.04,-0.22,0.09,-3.82,-46.40,-20.21,
53171.9,0.37,0.17,0.81,0.03,-0.05,-0.00,-3.15,-46.75,-20.25,
53172.0,0.39,0.19,0.82,0.02,-0.05,-0.03,-4.68,-47.60,-21.04,
53172.1,0.38,0.18,0.83,0.03,-0.02,0.01,-4.17,-46.40,-21.21,
53172.2,0.35,0.20,0.85,0.02,-0.01,0.03,-3.22,-47.21,-19.94,
53172.3,0.25,0.28,0.83,0.03,0.02,-0.03,-2.97,-47.26,-20.37,
53172.4,0.43,0.24,0.92,0.01,-0.42,-0.02,-4.01,-45.28,-19.06,
53172.5,0.36,0.20,0.85,0.00,-0.14,-0.03,-3.70,-45.30,-18.06,
53172.6,0.34,0.17,0.81,0.31,0.11,0.04,-1.43,-46.40,-17.19,
53172.7,0.34,0.20,0.83,0.29,0.09,-0.00,-4.66,-45.25,-15.98,
53172.8,0.35,0.21,0.82,-0.02,0.61,-0.13,-1.43,-47.09,-14.17,
53172.9,0.25,0.20,0.85,-0.18,0.31,-0.23,-0.94,-45.88,-14.35,
53173.0,0.30,0.22,0.87,0.09,0.50,-0.11,1.27,-45.90,-13.73,
53173.1,0.20,0.25,0.83,0.21,0.70,-0.15,0.62,-45.72,-12.83,
53173.2,0.14,0.28,0.87,0.18,0.46,-0.24,3.02,-45.03,-11.83,
53173.3,0.09,0.29,0.85,0.04,0.42,-0.44,2.61,-45.89,-9.35,
53173.4,0.04,0.23,0.80,-0.01,0.25,-0.54,4.90,-47.94,-10.65,
53173.5,0.10,0.26,0.83,0.09,0.04,-0.40,5.98,-46.68,-9.39,
53173.6,-0.03,0.26,0.82,-0.06,0.50,-0.24,8.84,-46.40,-8.81,
53173.7,-0.07,0.26,0.84,0.03,0.10,-0.08,8.84,-46.06,-9.48,
53173.8,-0.23,0.25,0.82,0.31,-0.10,-0.38,9.70,-46.55,-8.31,
53173.9,-0.17,0.30,0.92,-0.07,-0.57,-0.64,12.43,-44.86,-5.63,
53174.0,-0.07,0.23,0.90,-0.27,0.05,-0.57,15.80,-43.80,-6.35,
53174.1,-0.10,0.20,0.86,-0.15,0.59,-0.41,17.09,-42.11,-7.99,
53174.2,-0.10,0.18,0.91,-0.09,-0.26,-0.37,18.59,-40.76,-5.96,
53174.3,0.02,0.20,0.89,-0.20,-1.30,0.30,17.24,-43.15,-6.65,
53174.4,0.16,0.22,0.92,-0.21,0.28,0.53,14.31,-46.06,-8.81,
53174.5,-0.03,0.24,0.86,-0.14,-0.35,0.57,15.51,-47.94,-9.65,
53174.6,0.29,0.24,0.88,0.13,-1.82,0.53,12.02,-48.35,-9.92,
53174.7,0.32,0.31,0.88,0.29,-0.79,0.21,10.89,-51.54,-8.81,
53174.8,0.37,0.27,0.86,-0.01,-0.22,0.23,9.01,-53.42,-9.31,
53174.9,0.39,0.23,0.89,0.01,0.47,0.28,7.41,-53.30,-9.72,
53175.0,0.24,0.21,0.86,0.00,1.06,0.32,7.47,-52.22,-9.82,
53175.1,0.26,0.22,0.94,0.02,0.34,0.24,4.61,-51.50,-11.27,
53175.2,0.05,0.20,0.91,-0.10,0.94,0.02,2.68,-47.77,-12.83,
53175.3,0.06,0.20,0.97,-0.17,0.74,-0.08,4.73,-47.43,-13.50,
53175.4,-0.07,0.16,0.96,-0.24,0.80,-0.19,7.01,-46.19,-14.30,
53175.5,-0.14,0.16,0.93,-0.44,1.07,-0.19,7.81,-44.01,-17.52,
53175.6,-0.22,0.08,0.89,-0.68,1.22,-0.14,11.20,-43.77,-18.37,
53175.7,-0.39,-0.05,0.81,-0.67,1.49,-0.08,13.31,-42.24,-20.86,
53175.8,-0.58,-0.10,0.66,-0.60,1.61,0.00,19.27,-40.41,-21.04,
53175.9,-0.64,-0.09,0.63,-0.29,0.67,0.12,19.66,-37.82,-19.94,
53176.0,-0.74,-0.13,0.58,-0.14,0.53,0.07,21.50,-37.85,-20.54,
53176.1,-0.69,-0.05,0.55,-0.22,0.41,0.07,22.01,-36.99,-19.37,
53176.2,-0.72,-0.09,0.49,-0.16,-0.34,-0.05,22.18,-36.82,-19.54,
53176.3,-0.65,-0.11,0.59,0.02,-0.56,-0.13,21.50,-36.82,-21.21,
53176.4,-0.64,-0.12,0.58,0.23,-0.45,-0.10,21.09,-36.99,-21.00,
53176.5,-0.53,-0.12,0.71,0.37,-1.28,-0.19,20.30,-37.60,-21.17,
53176.6,-0.41,-0.04,0.79,0.62,-1.10,-0.21,17.56,-38.36,-21.04,
53176.7,-0.27,0.01,0.93,0.68,-1.73,-0.26,14.14,-40.07,-19.70,
53176.8,-0.15,0.05,0.99,0.58,-1.21,-0.25,13.46,-42.12,-19.70,
53176.9,0.03,0.13,0.96,0.49,-1.42,-0.09,11.57,-42.64,-18.53,
53177.0,0.13,0.11,0.95,0.24,-0.91,-0.04,9.13,-44.35,-16.18,
53177.1,0.15,0.18,0.92,0.41,-1.23,-0.07,9.18,-43.66,-16.18,
53177.2,0.30,0.22,0.89,0.27,-0.44,-0.10,8.84,-47.77,-12.50,
53177.3,0.29,0.21,0.85,0.04,-0.30,-0.08,10.08,-46.19,-9.84,
53177.4,0.33,0.17,0.85,-0.02,-0.48,0.02,8.84,-46.06,-12.50,
53177.5,0.25,0.21,0.77,0.01,-0.31,-0.13,9.68,-47.31,-11.06,
53177.6,0.43,0.28,0.86,0.03,-0.48,-0.23,11.57,-47.77,-12.16,
53177.7,0.39,0.26,0.82,-0.04,0.03,-0.36,11.23,-47.77,-11.16,
53177.8,0.44,0.31,0.82,-0.10,-0.10,-0.22,12.77,-46.15,-12.24,
53177.9,0.38,0.29,0.77,-0.05,-0.28,-0.53,13.11,-43.49,-12.66,
53178.0,0.45,0.27,0.79,-0.03,-0.16,-0.37,14.17,-42.90,-14.46,
53178.1,0.34,0.22,0.71,-0.25,0.08,-0.37,14.12,-40.40,-15.34,
53178.2,0.40,0.16,0.78,-0.26,-0.43,0.04,13.11,-37.68,-19.03,
53178.3,0.36,0.15,0.78,-0.23,0.22,0.22,13.00,-37.36,-20.64,
53178.4,0.39,0.13,0.84,-0.29,0.08,0.45,11.75,-36.99,-22.05,
53178.5,0.37,-0.01,0.79,-0.56,0.06,0.57,10.72,-36.99,-23.72,
53178.6,0.38,-0.09,0.81,-0.15,-0.25,0.81,10.53,-35.80,-24.91,
53178.7,0.39,0.03,0.78,0.37,0.41,0.68,7.30,-36.31,-26.41,
53178.8,0.37,0.09,0.77,0.46,0.03,0.53,6.00,-38.93,-25.03,
53178.9,0.38,0.04,0.78,0.32,-0.17,0.43,4.23,-39.18,-25.07,
53179.0,0.40,0.03,0.87,0.17,-0.22,0.41,1.82,-40.07,-26.41,
53179.1,0.34,0.13,0.88,0.43,0.35,0.28,1.31,-39.56,-25.57,
53179.2,0.32,0.11,0.83,0.40,0.57,0.20,0.97,-41.61,-25.57,
53179.3,0.34,0.19,0.91,0.14,0.58,0.13,2.68,-42.64,-25.57,
53179.4,0.25,0.20,0.90,0.13,0.21,0.25,2.79,-43.13,-24.08,
53179.5,0.27,0.15,0.90,0.16,-0.20,0.21,3.02,-44.35,-23.56,
53179.6,0.30,0.13,0.89,0.19,-0.19,0.12,1.14,-45.89,-22.72,
53179.7,0.20,0.18,0.92,0.13,0.29,0.09,1.49,-45.90,-23.21,
53179.8,0.26,0.14,0.83,0.15,-0.05,0.12,0.11,-45.21,-22.72,
53179.9,0.27,0.18,0.84,0.30,0.40,0.14,0.90,-45.56,-22.73,
53180.0,0.16,0.25,0.90,0.11,0.21,0.04,0.45,-47.60,-21.38,
53180.1,0.26,0.21,0.86,-0.05,-0.16,0.03,0.79,-46.57,-22.38,
53180.2,0.29,0.17,0.87,-0.10,-0.24,0.01,1.05,-46.83,-22.05,
53180.3,0.27,0.16,0.90,-0.10,-0.15,0.01,-0.06,-46.40,-21.55,
53180.4,0.32,0.17,0.87,-0.05,-0.09,0.03,0.04,-47.31,-21.69,
53180.5,0.29,0.17,0.85,-0.01,-0.05,0.03,0.96,-46.74,-21.86,
53180.6,0.32,0.16,0.85,-0.01,-0.08,0.06,-2.11,-46.06,-23.56,
53180.7,0.31,0.16,0.84,-0.01,-0.07,0.02,-0.87,-46.87,-21.17,
53180.8,0.32,0.16,0.84,-0.01,-0.02,0.01,-0.92,-46.92,-22.05,
53180.9,0.33,0.16,0.84,0.00,-0.04,0.02,-1.43,-47.09,-22.22,
53181.0,0.33,0.16,0.84,-0.00,-0.04,0.03,-0.92,-46.24,-21.74,
53181.1,0.32,0.16,0.84,-0.01,-0.08,0.04,-1.94,-46.23,-22.38,
53181.2,0.32,0.15,0.84,0.02,-0.04,0.03,-1.91,-45.98,-22.54,
53181.3,0.36,0.16,0.83,0.04,-0.07,0.03,-2.22,-46.57,-23.05,
53181.4,0.37,0.16,0.83,0.02,-0.02,0.04,-1.77,-46.40,-22.22,
53181.5,0.35,0.17,0.84,0.04,-0.06,0.01,-1.60,-45.90,-22.05,
53181.6,0.35,0.18,0.84,0.08,-0.01,0.04,-2.97,-47.26,-21.71,
53181.7,0.35,0.17,0.84,0.10,-0.01,0.05,-3.65,-46.23,-21.04,
53181.8,0.34,0.20,0.85,0.14,0.12,0.08,-2.60,-46.19,-20.74,
53181.9,0.35,0.23,0.86,0.20,0.15,0.13,-2.61,-47.92,-21.94,
53182.0,0.30,0.22,0.84,0.20,0.24,0.10,-3.14,-48.11,-17.86,
53182.1,0.29,0.25,0.83,0.20,0.16,0.09,-2.15,-47.73,-18.75,
53182.2,0.29,0.32,0.86,0.23,0.15,0.20,-2.63,-48.63,-16.69,
53182.3,0.31,0.34,0.84,0.07,-0.21,0.27,-2.86,-48.13,-16.37,
53182.4,0.32,0.30,0.87,-0.03,-0.12,0.06,-4.85,-46.40,-14.51,
53182.5,0.28,0.23,0.81,-0.13,0.09,-0.26,-3.48,-46.75,-14.84,
53182.6,0.33,0.24,0.85,-0.34,-0.12,-0.43,-3.28,-44.82,-15.14,
53182.7,0.36,0.21,0.92,-0.45,0.11,-0.42,-1.77,-47.09,-13.84,
53182.8,0.28,0.21,0.88,-0.33,0.71,-0.39,0.64,-44.37,-17.32,
53182.9,0.23,0.13,0.88,-0.09,0.68,-0.31,2.05,-44.02,-16.88,
53183.0,0.15,0.16,0.85,-0.04,0.63,-0.31,3.36,-44.35,-16.85,
53183.1,0.01,0.16,0.83,-0.08,0.45,-0.47,6.78,-43.50,-15.67,
53183.2,-0.01,0.16,0.84,-0.22,-0.03,-0.64,7.47,-42.64,-15.51,
53183.3,0.03,0.11,0.86,-0.25,0.09,-0.59,9.01,-42.47,-16.35,
53183.4,0.00,0.06,0.86,-0.14,0.39,-0.50,12.93,-40.93,-17.85,
53183.5,-0.18,0.07,0.83,-0.10,0.65,-0.42,14.65,-41.95,-18.19,
53183.6,-0.20,0.10,0.86,-0.23,-0.11,-0.36,16.90,-39.43,-17.13,
53183.7,-0.14,0.05,0.90,-0.28,-0.23,-0.40,16.98,-37.98,-16.98,
53183.8,-0.08,-0.00,0.93,0.05,0.21,-0.33,18.59,-37.68,-18.03,
53183.9,-0.12,0.04,0.93,0.34,-0.17,-0.22,20.47,-37.84,-17.18,
53184.0,-0.11,0.07,0.92,0.27,-0.61,-0.09,21.50,-37.16,-15.85,
53184.1,0.06,0.14,0.92,0.16,-0.35,0.26,19.96,-40.07,-15.35,
53184.2,-0.01,0.17,0.87,0.11,0.08,0.33,18.66,-40.19,-13.81,
53184.3,0.02,0.18,0.90,0.22,-0.58,0.34,19.10,-40.93,-12.50,
53184.4,0.15,0.21,0.88,0.15,-1.04,0.30,14.31,-45.38,-12.50,
53184.5,0.31,0.18,0.87,0.25,-1.00,0.21,13.78,-45.01,-12.39,
53184.6,0.36,0.25,0.85,0.48,-0.73,0.12,13.44,-47.89,-13.32,
53184.7,0.43,0.26,0.78,0.07,-0.27,-0.02,11.55,-49.38,-11.59,
53184.8,0.38,0.25,0.80,0.11,-0.32,-0.01,11.92,-48.80,-11.16,
53184.9,0.43,0.28,0.84,0.03,-0.02,0.11,9.35,-50.34,-11.32,
53185.0,0.51,0.30,0.84,-0.08,0.53,0.16,9.69,-50.00,-11.66,
53185.1,0.40,0.25,0.85,-0.37,0.05,0.06,8.67,-48.28,-14.00,
53185.2,0.39,0.16,0.90,-0.58,1.18,0.10,6.86,-44.52,-15.65,
53185.3,0.18,0.08,0.91,-0.43,1.01,0.01,8.35,-43.10,-18.71,
53185.4,0.12,0.04,0.90,-0.34,1.43,0.05,8.15,-40.93,-22.22,
53185.5,-0.09,0.01,0.90,-0.25,1.18,-0.01,11.99,-39.57,-22.72,
53185.6,-0.13,-0.01,0.90,-0.29,0.82,0.06,14.65,-38.19,-21.88,
53185.7,-0.29,-0.06,0.87,-0.48,1.05,0.06,16.19,-38.70,-22.38,
53185.8,-0.36,-0.08,0.83,-0.45,0.71,0.10,18.26,-37.32,-22.72,
53185.9,-0.41,-0.10,0.79,-0.35,1.03,0.09,19.79,-34.43,-21.55,
53186.0,-0.55,-0.14,0.74,-0.24,0.85,0.04,21.62,-34.53,-23.47,
53186.1,-0.57,-0.16,0.73,-0.15,0.46,0.01,22.93,-35.38,-21.61,
53186.2,-0.62,-0.16,0.66,-0.18,0.68,0.02,25.26,-33.06,-20.88,
53186.3,-0.62,-0.17,0.65,-0.10,0.09,0.09,27.31,-32.73,-20.21,
53186.4,-0.63,-0.18,0.66,-0.16,0.50,0.07,26.19,-33.18,-20.56,
53186.5,-0.71,-0.21,0.61,-0.11,0.16,0.04,28.00,-32.71,-19.20,
53186.6,-0.67,-0.19,0.62,-0.05,-0.05,0.01,27.01,-33.02,-19.50,
53186.7,-0.70,-0.21,0.59,-0.03,-0.24,0.01,27.14,-31.52,-20.37,
53186.8,-0.65,-0.21,0.63,0.04,-0.42,-0.05,25.43,-33.23,-22.38,
53186.9,-0.58,-0.18,0.66,0.18,-0.75,-0.12,25.40,-32.62,-22.01,
53187.0,-0.50,-0.18,0.74,0.42,-1.07,-0.21,22.87,-33.40,-22.89,
53187.1,-0.37,-0.14,0.80,0.58,-0.79,-0.16,21.60,-34.79,-23.62,
53187.2,-0.33,-0.07,0.86,0.63,-0.92,-0.21,19.10,-36.48,-23.56,
53187.3,-0.18,0.01,0.89,0.54,-0.91,-0.13,17.56,-38.02,-23.39,
53187.4,-0.06,0.05,0.96,0.44,-1.73,-0.14,15.01,-38.47,-22.61,
53187.5,0.06,0.11,0.99,0.41,-1.12,-0.27,12.09,-39.39,-22.38,
53187.6,0.16,0.13,0.92,0.39,-1.01,-0.30,11.36,-41.57,-20.46,
53187.7,0.32,0.17,0.93,0.27,-0.79,-0.11,10.72,-42.84,-20.71,
53187.8,0.28,0.16,0.92,0.17,-0.18,-0.03,10.38,-44.18,-18.03,
53187.9,0.31,0.20,0.86,0.17,-0.45,0.01,10.12,-44.10,-18.44,
53188.0,0.29,0.21,0.84,0.09,-0.16,-0.02,10.21,-44.74,-18.00,
53188.1,0.38,0.22,0.89,0.09,-0.36,0.06,10.38,-43.15,-17.36,
53188.2,0.35,0.21,0.85,0.04,-0.07,-0.03,11.35,-45.57,-17.64,
53188.3,0.33,0.22,0.82,-0.01,-0.10,-0.06,9.86,-46.06,-16.18,
53188.4,0.38,0.23,0.80,0.04,-0.13,-0.00,8.98,-45.00,-16.32,
53188.5,0.31,0.22,0.82,-0.02,0.15,0.09,10.69,-45.69,-15.62,
53188.6,0.27,0.16,0.79,-0.08,-0.13,-0.03,10.89,-45.72,-17.86,
53188.7,0.31,0.15,0.99,-0.18,-0.63,-0.18,10.71,-46.89,-18.00,
53188.8,0.53,0.21,0.79,-0.14,-0.19,0.12,9.41,-46.30,-16.22,
53188.9,0.47,0.24,0.80,0.04,-0.30,-0.07,10.21,-46.75,-16.52,
53189.0,0.46,0.27,0.69,0.08,0.34,-0.21,11.03,-47.09,-17.72,
53189.1,0.43,0.23,0.79,0.06,0.49,-0.32,13.11,-46.23,-16.02,
53189.2,0.40,0.21,0.80,-0.15,0.59,-0.18,13.97,-43.32,-14.86,
53189.3,0.32,0.21,0.83,-0.38,0.51,-0.03,14.75,-42.20,-17.40,
53189.4,0.33,0.20,0.76,-0.50,0.13,0.05,15.34,-40.59,-18.19,
53189.5,0.19,0.08,0.80,-0.55,0.04,0.09,14.86,-37.44,-20.07,
53189.6,0.30,-0.08,0.83,-0.31,-0.06,0.42,14.50,-37.40,-22.68,
53189.7,0.29,-0.10,0.88,-0.27,0.24,0.87,12.27,-33.75,-24.24,
53189.8,0.16,-0.09,0.86,-0.21,0.45,0.93,11.75,-34.37,-26.41,
53189.9,0.18,-0.11,0.88,-0.09,-0.13,0.75,9.86,-35.11,-27.24,
53190.0,0.26,-0.05,0.94,0.28,-0.66,0.68,6.39,-36.89,-28.72,
53190.1,0.22,0.00,0.85,0.59,0.37,0.50,4.15,-37.68,-27.77,
53190.2,0.25,0.03,0.85,0.61,-0.21,0.56,1.48,-39.39,-25.40,
53190.3,0.24,0.08,0.87,0.42,0.38,0.21,-0.08,-41.90,-25.33,
53190.4,0.16,0.18,0.96,0.36,0.14,0.23,0.45,-43.84,-24.06,
53190.5,0.13,0.25,0.91,0.14,-0.09,0.01,0.62,-44.01,-23.56,
53190.6,0.26,0.12,0.94,-0.03,-0.41,-0.19,0.55,-44.98,-22.58,
53190.7,0.22,0.18,0.98,-0.08,0.31,-0.27,1.48,-45.21,-24.73,
53190.8,0.15,0.14,0.83,0.22,0.38,-0.33,3.00,-45.13,-25.37,
53190.9,0.21,0.18,0.94,0.29,-0.40,-0.22,3.13,-45.49,-22.78,
53191.0,0.23,0.15,0.89,0.09,-0.29,-0.11,4.33,-46.73,-23.67,
53191.1,0.24,0.20,0.92,0.02,-0.34,-0.03,4.18,-46.19,-23.60,
53191.2,0.27,0.17,0.83,0.05,-0.21,0.11,2.51,-46.92,-23.39,
53191.3,0.32,0.19,0.84,-0.01,-0.20,0.09,0.62,-47.09,-22.55,
53191.4,0.32,0.20,0.84,-0.02,-0.09,0.03,1.56,-46.26,-23.16,
53191.5,0.33,0.19,0.82,0.01,-0.12,0.03,-0.06,-46.75,-21.21,
53191.6,0.33,0.18,0.82,-0.02,-0.05,0.01,2.29,-46.48,-22.88,
53191.7,0.36,0.17,0.82,-0.03,-0.10,0.05,0.31,-46.83,-21.91,
53191.8,0.35,0.17,0.83,-0.02,-0.05,0.07,0.62,-46.75,-22.89,
53191.9,0.37,0.18,0.83,-0.01,-0.04,0.04,-0.80,-46.50,-22.83,
53192.0,0.36,0.18,0.82,-0.01,-0.04,0.04,1.14,-47.26,-23.05,
53192.1,0.37,0.17,0.82,0.00,-0.04,0.03,-1.01,-47.01,-23.16,
53192.2,0.38,0.17,0.80,-0.04,-0.02,0.02,-1.23,-46.77,-22.41,
53192.3,0.39,0.18,0.84,-0.01,0.12,0.05,-1.09,-45.72,-22.22,
53192.4,0.39,0.16,0.81,0.05,-0.17,0.08,-1.21,-46.58,-23.05,
53192.5,0.42,0.18,0.82,0.04,0.02,-0.06,-2.17,-45.50,-23.87,
53192.6,0.33,0.19,0.87,0.17,0.16,0.01,-0.47,-47.70,-21.60,
53192.7,0.35,0.20,0.83,0.26,-0.14,0.15,-1.43,-47.09,-21.21,
53192.8,0.40,0.18,0.81,0.18,-0.11,0.15,-1.09,-47.09,-19.87,
53192.9,0.38,0.24,0.82,0.09,-0.02,0.13,-1.09,-47.09,-19.87,
53193.0,0.37,0.25,0.82,0.18,0.07,0.14,-4.05,-48.44,-19.18,
53193.1,0.43,0.26,0.79,0.09,-0.09,0.20,-3.34,-48.62,-17.03,
53193.2,0.40,0.29,0.83,0.10,0.16,0.12,-3.98,-48.12,-15.09,
53193.3,0.41,0.25,0.92,0.04,-0.41,0.12,-4.41,-46.15,-16.10,
53193.4,0.38,0.24,0.86,-0.37,0.47,0.08,-5.71,-47.60,-14.68,
53193.5,0.35,0.19,0.84,-0.33,0.43,-0.02,-4.14,-45.47,-16.28,
53193.6,0.34,0.15,0.82,-0.25,0.62,-0.21,-3.75,-44.90,-16.07,
53193.7,0.28,0.10,0.79,-0.22,0.59,-0.17,-0.40,-43.32,-16.52,
53193.8,0.20,0.09,0.82,-0.13,0.55,-0.20,-0.74,-44.38,-17.65,
53193.9,0.14,0.11,0.85,-0.11,0.37,-0.22,-0.92,-43.84,-18.36,
53194.0,0.14,0.14,0.87,-0.12,0.18,-0.21,0.99,-43.92,-17.67,
53194.1,0.09,0.14,0.85,-0.20,0.28,-0.33,2.02,-43.89,-19.17,
53194.2,0.03,0.10,0.84,-0.18,0.27,-0.54,4.05,-42.30,-19.87,
53194.3,0.05,0.08,0.82,-0.07,-0.21,-0.72,6.10,-42.93,-18.80,
53194.4,0.06,0.07,0.88,-0.05,-0.10,-0.92,7.98,-41.10,-18.03,
53194.5,0.10,0.06,0.93,0.07,-0.31,-0.75,11.73,-41.67,-17.52,
53194.6,0.08,0.05,0.91,0.09,0.11,-0.68,13.80,-41.64,-16.64,
53194.7,0.15,0.03,0.93,0.20,-0.48,-0.45,15.51,-40.41,-16.02,
53194.8,0.14,0.06,0.93,-0.09,-0.15,-0.17,17.72,-39.00,-15.37,
53194.9,0.16,0.08,0.91,0.07,-0.30,0.27,17.83,-38.92,-15.75,
53195.0,0.30,0.14,0.88,0.39,-0.22,0.69,16.99,-42.60,-14.36,
53195.1,0.12,0.17,0.84,0.18,-0.02,0.39,15.46,-46.08,-13.33,
53195.2,0.29,0.27,0.79,0.25,-0.87,0.39,14.31,-49.48,-13.84,
53195.3,0.37,0.29,0.80,0.16,-0.54,0.31,11.92,-54.27,-13.50,
53195.4,0.48,0.26,0.83,0.11,-0.59,0.23,9.81,-54.52,-13.74,
53195.5,0.42,0.25,0.86,-0.14,0.41,0.18,7.50,-55.98,-15.12,
53195.6,0.31,0.22,0.87,-0.27,0.63,-0.02,5.62,-51.49,-16.37,
53195.7,0.35,0.13,0.94,-0.67,0.94,0.10,4.19,-48.26,-17.35,
53195.8,0.21,0.00,0.95,-0.59,0.69,0.01,4.22,-43.15,-19.70,
53195.9,0.13,-0.06,0.93,-0.51,1.08,-0.17,7.08,-41.37,-22.40,
53196.0,0.05,-0.05,0.91,-0.41,1.03,-0.06,9.19,-38.89,-24.41,
53196.1,-0.05,-0.09,0.87,-0.58,1.16,0.01,10.72,-37.34,-25.40,
53196.2,-0.20,-0.16,0.85,-0.79,1.05,0.19,13.57,-35.69,-27.70,
53196.3,-0.29,-0.21,0.81,-0.55,1.13,0.26,15.85,-32.54,-28.08,
53196.4,-0.50,-0.25,0.68,-0.37,1.06,0.09,18.48,-30.64,-28.03,
53196.5,-0.48,-0.28,0.64,-0.21,0.56,0.15,21.25,-30.33,-27.87,
53196.6,-0.55,-0.29,0.64,-0.14,0.47,0.07,23.38,-30.49,-27.41,
53196.7,-0.54,-0.29,0.68,0.07,-0.29,0.07,23.38,-29.29,-26.76,
53196.8,-0.51,-0.29,0.63,0.17,-0.60,-0.11,23.72,-31.52,-27.75,
53196.9,-0.39,-0.28,0.69,0.31,-1.33,-0.28,19.63,-31.60,-29.86,
53197.0,-0.21,-0.24,0.86,0.45,-1.77,-0.42,17.21,-31.85,-30.78,
53197.1,-0.10,-0.20,0.89,0.79,-0.83,-0.49,14.14,-32.99,-29.90,
53197.2,0.03,-0.10,0.92,0.81,-1.27,-0.33,12.67,-36.60,-27.84,
53197.3,0.10,0.00,0.89,0.46,-0.46,-0.27,10.72,-38.16,-26.20,
53197.4,0.19,0.02,0.94,0.32,-1.51,-0.17,10.60,-39.75,-23.50,
53197.5,0.37,0.07,0.98,0.27,-1.14,-0.28,7.89,-41.29,-24.06,
53197.6,0.43,0.11,0.86,0.29,-0.62,-0.34,6.78,-43.32,-22.55,
53197.7,0.40,0.14,0.77,0.22,-0.32,-0.34,6.27,-44.52,-20.71,
53197.8,0.53,0.19,0.81,0.09,-0.28,-0.06,8.83,-47.22,-20.94,
53197.9,0.42,0.16,0.78,0.03,0.10,0.08,9.28,-48.09,-21.06,
53198.0,0.41,0.14,0.78,-0.03,0.24,0.02,10.11,-46.84,-20.18,
53198.1,0.46,0.14,0.81,0.01,-0.13,0.00,10.35,-48.69,-19.06,
53198.2,0.47,0.12,0.77,-0.06,0.04,-0.05,10.89,-48.11,-18.86,
53198.3,0.51,0.17,0.77,0.11,-0.15,-0.09,10.59,-49.51,-17.96,
53198.4,0.48,0.20,0.74,0.14,0.08,-0.16,10.11,-48.27,-18.08,
53198.5,0.42,0.17,0.80,-0.17,0.50,-0.27,14.31,-47.43,-17.52,
53198.6,0.37,0.20,0.82,-0.15,0.12,-0.32,15.12,-46.13,-15.78,
53198.7,0.30,0.16,0.80,-0.27,0.54,-0.46,15.68,-41.95,-17.19,
53198.8,0.40,0.14,0.84,-0.18,-0.45,-0.22,18.08,-38.60,-17.92,
53198.9,0.48,0.13,0.83,-0.25,-0.11,0.04,17.21,-36.31,-19.71,
53199.0,0.36,0.04,0.81,-0.29,0.54,0.26,15.68,-35.11,-22.89,
53199.1,0.33,-0.01,0.79,-0.21,0.27,0.52,15.34,-33.26,-23.47,
53199.2,0.31,-0.04,0.78,-0.10,-0.02,0.71,14.14,-33.57,-25.74,
53199.3,0.31,-0.05,0.78,0.14,-0.23,0.78,11.40,-34.25,-24.73,
53199.4,0.32,-0.06,0.81,0.37,-0.27,0.77,10.89,-34.08,-27.58,
53199.5,0.32,-0.02,0.86,0.43,-0.17,0.59,6.44,-35.45,-27.91,
53199.6,0.33,0.08,0.88,0.44,0.12,0.46,4.33,-38.08,-26.77,
53199.7,0.32,0.06,0.85,0.61,0.60,0.19,4.77,-40.21,-25.78,
53199.8,0.32,0.16,0.90,0.66,-0.07,0.16,4.22,-41.44,-24.06,
53199.9,0.37,0.23,0.90,0.48,0.08,0.18,3.72,-45.01,-21.25,
53200.0,0.30,0.24,0.83,0.23,0.09,-0.00,4.56,-44.86,-20.37,
53200.1,0.29,0.34,0.90,0.26,-0.09,0.12,3.19,-46.23,-20.04,
53200.2,0.13,0.19,0.77,0.02,0.29,-0.13,4.79,-47.55,-19.65,
53200.3,0.02,0.31,0.69,0.66,0.39,-0.27,6.61,-47.94,-18.36,
53200.4,0.35,0.35,0.97,-0.12,-1.08,0.26,5.61,-49.29,-16.04,
53200.5,0.33,0.24,0.81,-0.11,-0.08,0.05,5.69,-48.17,-18.69,
53200.6,0.22,0.24,0.84,-0.32,0.03,0.09,4.39,-48.11,-20.21,
53200.7,0.35,0.23,0.86,-0.35,-0.32,0.24,5.01,-47.92,-21.27,
53200.8,0.31,0.21,0.87,-0.28,-0.09,0.03,3.02,-46.06,-23.89,
53200.9,0.28,0.18,0.92,-0.01,0.05,0.09,2.68,-45.37,-24.52,
53201.0,0.29,0.12,0.83,-0.19,0.04,0.06,3.69,-47.32,-22.89,
53201.1,0.39,0.14,0.78,-0.32,-0.29,-0.13,2.33,-46.75,-25.57,
53201.2,0.32,0.29,0.79,0.03,0.20,-0.02,2.13,-45.02,-24.94,
53201.3,0.38,0.12,0.83,0.16,0.03,0.08,3.19,-45.21,-24.06,
53201.4,0.27,0.14,0.86,0.14,0.10,0.12,1.82,-46.57,-24.06,
53201.5,0.27,0.14,0.80,0.17,0.01,-0.02,1.60,-46.46,-23.95,
53201.6,0.42,0.22,0.94,0.13,-0.21,0.11,1.31,-48.11,-22.22,
53201.7,0.20,0.12,0.79,0.09,-0.26,-0.03,1.47,-45.88,-23.76,
53201.8,0.38,0.13,0.93,-0.24,-0.21,0.06,1.31,-48.11,-23.89,
53201.9,0.34,0.21,0.85,-0.13,0.05,-0.01,1.48,-45.55,-24.06,
53202.0,0.46,0.23,0.74,-0.07,-0.02,-0.05,2.04,-45.55,-24.96,
53202.1,0.34,0.20,0.78,0.20,0.47,-0.00,4.10,-45.78,-24.73,
53202.2,0.34,0.15,0.84,0.10,0.08,0.02,3.53,-46.23,-23.39,
53202.3,0.29,0.27,0.83,-0.10,-0.35,-0.08,4.22,-46.92,-23.72,
53202.4,0.30,0.32,0.89,0.01,-0.06,-0.02,4.34,-48.07,-24.03,
53202.5,0.28,0.15,0.83,-0.03,0.17,-0.13,4.27,-46.63,-23.23,
53202.6,0.33,0.15,0.82,-0.08,-0.11,-0.17,3.53,-46.57,-24.72,
53202.7,0.31,0.18,0.82,-0.11,-0.14,-0.12,4.90,-46.57,-23.05,
53202.8,0.30,0.17,0.87,-0.16,-0.05,-0.16,5.59,-44.86,-24.73,
53202.9,0.32,0.17,0.85,-0.05,-0.09,-0.06,5.93,-44.86,-25.40,
53203.0,0.34,0.17,0.83,-0.04,-0.06,-0.09,6.44,-44.35,-26.24,
53203.1,0.33,0.15,0.85,-0.02,0.08,-0.08,7.00,-45.14,-24.14,
53203.2,0.28,0.15,0.83,0.00,0.07,-0.04,7.13,-45.03,-25.57,
53203.3,0.32,0.14,0.85,0.09,0.01,0.06,8.15,-44.69,-25.23,
53203.4,0.31,0.17,0.86,0.02,-0.07,-0.01,6.99,-45.15,-23.80,
53203.5,0.28,0.22,0.86,-0.01,-0.02,-0.06,7.98,-46.23,-24.39,
53203.6,0.21,0.17,0.86,-0.16,0.22,-0.21,6.91,-45.27,-24.57,
53203.7,0.33,0.16,0.84,-0.30,-0.01,-0.34,7.97,-43.18,-26.72,
53203.8,0.26,0.12,0.85,-0.36,-0.15,-0.62,9.52,-41.27,-25.90,
53203.9,0.27,0.11,0.92,-0.62,0.12,-0.61,11.44,-40.25,-26.86,
53204.0,0.23,0.03,0.92,-0.97,-0.26,-0.71,12.43,-39.05,-30.43,
53204.1,0.27,-0.00,0.82,-1.06,-0.27,-1.04,15.17,-33.91,-31.77,
53204.2,0.50,0.06,0.84,-0.97,-0.09,-0.67,13.96,-28.93,-34.97,
53204.3,0.33,-0.18,0.86,-0.90,0.04,-0.48,15.68,-22.79,-37.30,
53204.4,0.42,-0.15,0.82,-0.87,0.03,-0.49,16.87,-18.69,-38.06,
53204.5,0.41,-0.21,0.72,-1.07,-0.00,-0.38,15.68,-12.53,-39.31,
53204.6,0.43,-0.25,0.69,-0.94,-0.41,-0.24,16.37,-10.47,-38.30,
53204.7,0.40,-0.35,0.67,-0.82,-0.28,-0.39,15.87,-6.47,-40.84,
53204.8,0.43,-0.46,0.68,-0.76,-0.48,-0.53,13.80,-1.75,-40.48,
53204.9,0.57,-0.37,0.61,-0.32,-0.33,-0.53,11.61,1.30,-43.11,
53205.0,0.67,-0.42,0.59,-0.20,-0.38,-0.32,9.32,3.36,-42.94,
53205.1,0.62,-0.37,0.54,-0.17,-0.23,-0.14,7.64,5.78,-42.83,
53205.2,0.70,-0.42,0.63,-0.14,-0.21,0.08,7.58,4.43,-43.16,
53205.3,0.60,-0.38,0.57,-0.01,0.03,0.27,6.60,4.61,-43.05,
53205.4,0.61,-0.42,0.59,0.15,-0.10,0.05,6.27,3.39,-42.49,
53205.5,0.62,-0.41,0.55,0.14,-0.07,-0.05,6.18,3.82,-42.68,
53205.6,0.65,-0.36,0.51,0.05,-0.47,-0.10,4.05,3.22,-44.67,
53205.7,0.74,-0.35,0.55,-0.04,0.15,0.03,0.60,2.59,-44.96,
53205.8,0.75,-0.48,0.54,-0.29,-0.15,0.30,3.10,4.23,-43.40,
53205.9,0.70,-0.46,0.48,-0.43,0.26,0.36,2.51,6.47,-41.15,
53206.0,0.64,-0.53,0.45,-0.56,0.19,0.55,4.17,7.64,-41.48,
53206.1,0.66,-0.56,0.46,-0.64,0.31,0.66,3.62,10.02,-40.83,
53206.2,0.53,-0.73,0.37,-0.60,0.44,0.72,4.31,12.30,-41.17,
53206.3,0.46,-0.75,0.36,-0.65,0.38,0.79,7.86,15.64,-39.30,
53206.4,0.37,-0.85,0.30,-0.62,0.26,0.91,11.06,15.02,-39.81,
53206.5,0.29,-0.84,0.30,-0.77,0.01,0.90,11.68,17.44,-37.15,
53206.6,0.26,-0.89,0.29,-0.67,-0.03,0.74,14.81,19.37,-35.44,
53206.7,0.16,-0.93,0.19,-0.69,0.05,0.53,14.67,20.04,-33.93,
53206.8,0.09,-1.08,0.15,-0.44,0.19,0.48,16.51,22.45,-30.62,
53206.9,0.05,-1.01,0.05,-0.18,0.22,0.41,17.56,22.55,-31.10,
53207.0,0.05,-0.91,0.06,0.02,0.10,0.32,19.62,22.21,-29.76,
53207.1,0.01,-0.92,0.06,0.19,-0.11,-0.10,20.17,21.69,-28.58,
53207.2,0.01,-0.98,0.12,0.42,-0.19,-0.35,20.88,22.14,-30.14,
53207.3,0.08,-0.97,0.14,0.61,-0.04,-0.48,17.79,19.47,-31.71,
53207.4,0.11,-0.97,0.16,0.86,-0.24,-0.59,17.04,18.78,-32.78,
53207.5,0.15,-0.89,0.30,1.05,-0.23,-0.79,14.14,17.41,-37.13,
53207.6,0.29,-0.88,0.34,1.06,-0.11,-0.73,11.57,14.04,-38.38,
53207.7,0.39,-0.73,0.49,0.88,-0.44,-0.66,11.19,10.59,-40.68,
53207.8,0.47,-0.65,0.46,0.56,-0.20,-0.63,9.69,7.15,-41.15,
53207.9,0.58,-0.65,0.53,0.41,-0.72,-0.53,5.58,4.57,-42.14,
53208.0,0.55,-0.57,0.53,0.27,-0.07,-0.33,6.10,1.85,-43.33,
53208.1,0.64,-0.52,0.48,0.22,-0.21,-0.26,4.32,3.32,-43.22,
53208.2,0.64,-0.55,0.49,0.13,-0.14,-0.07,3.33,0.61,-43.30,
53208.3,0.63,-0.51,0.49,0.00,-0.05,-0.01,3.70,0.48,-44.34,
53208.4,0.59,-0.49,0.47,-0.00,-0.19,-0.19,3.96,1.77,-43.78,
53208.5,0.68,-0.52,0.51,-0.03,0.01,-0.14,1.99,0.13,-44.34,
53208.6,0.68,-0.48,0.47,-0.04,-0.06,-0.05,2.87,0.36,-44.98,
53208.7,0.62,-0.48,0.49,0.09,-0.00,-0.04,2.61,2.60,-45.64,
53208.8,0.65,-0.51,0.54,0.03,-0.19,-0.20,2.68,0.13,-46.35,
53208.9,0.70,-0.46,0.49,0.06,-0.09,-0.10,2.49,1.33,-44.84,
53209.0,0.75,-0.47,0.52,-0.11,-0.45,0.21,1.20,1.07,-45.38,
53209.1,0.64,-0.46,0.49,-0.08,0.21,0.23,1.03,1.52,-43.94,
53209.2,0.66,-0.48,0.47,0.07,0.21,0.37,0.98,1.70,-43.59,
53209.3,0.57,-0.48,0.48,0.29,0.18,0.37,3.70,0.82,-43.00,
53209.4,0.58,-0.47,0.51,0.37,0.15,0.36,3.70,-0.89,-44.34,
53209.5,0.56,-0.50,0.52,0.43,-0.04,0.48,3.32,-1.76,-44.36,
53209.6,0.47,-0.45,0.55,0.56,0.01,0.49,3.38,-3.57,-42.89,
53209.7,0.42,-0.45,0.58,0.96,0.11,0.71,4.05,-8.05,-41.68,
53209.8,0.39,-0.48,0.64,1.48,0.10,0.83,2.98,-10.86,-43.67,
53209.9,0.41,-0.37,0.69,1.75,0.32,0.87,4.22,-17.83,-41.15,
53210.0,0.34,-0.21,0.78,1.75,0.21,0.78,3.87,-25.29,-38.74,
53210.1,0.34,-0.03,0.84,1.67,0.38,0.50,3.99,-33.66,-35.10,
53210.2,0.23,0.06,0.90,1.25,0.45,0.30,4.39,-38.87,-30.60,
53210.3,0.21,0.14,0.90,0.65,0.18,0.12,4.94,-42.15,-26.25,
53210.4,0.25,0.23,0.87,0.48,0.29,0.15,5.24,-45.21,-23.72,
53210.5,0.19,0.29,0.94,-0.06,-0.15,-0.08,4.01,-46.51,-24.59,
53210.6,0.24,0.15,0.85,-0.17,0.02,-0.21,5.06,-46.01,-24.75,
53210.7,0.24,0.19,0.88,-0.04,0.31,-0.08,6.27,-45.55,-25.07,
53210.8,0.12,0.13,0.84,-0.02,0.46,-0.13,6.92,-46.80,-25.16,
53210.9,0.20,0.15,0.88,0.01,0.19,0.02,6.61,-45.21,-25.07,
53211.0,0.22,0.17,0.92,-0.03,-0.10,0.04,6.44,-46.26,-24.90,
53211.1,0.19,0.15,0.87,-0.02,0.08,0.01,7.29,-44.87,-25.73,
53211.2,0.18,0.16,0.88,0.00,0.04,-0.00,5.93,-45.55,-24.73,
53211.3,0.20,0.16,0.89,0.01,0.02,-0.00,6.72,-45.58,-25.10,
53211.4,0.18,0.14,0.87,0.01,0.01,0.02,7.13,-45.72,-24.56,
53211.5,0.19,0.13,0.88,0.01,-0.08,0.00,6.10,-45.72,-25.23,
53211.6,0.18,0.16,0.92,0.09,-0.05,0.02,6.78,-46.06,-24.90,
53211.7,0.22,0.17,0.79,-0.01,-0.04,-0.06,6.10,-44.01,-24.56,
53211.8,0.23,0.15,0.92,-0.12,-0.01,-0.20,7.24,-46.03,-24.71,
53211.9,0.15,0.15,0.87,0.06,-0.01,-0.05,7.42,-45.03,-24.46,
53212.0,0.23,0.18,0.85,-0.01,-0.19,-0.02,7.98,-44.86,-25.40,
53212.1,0.22,0.15,0.88,-0.02,0.06,-0.11,6.61,-44.86,-24.73,
53212.2,0.22,0.16,0.87,-0.03,-0.10,-0.04,7.47,-46.06,-24.90,
53212.3,0.24,0.15,0.89,-0.05,-0.01,-0.05,8.15,-46.06,-26.24,
53212.4,0.21,0.15,0.89,-0.00,0.01,-0.02,8.33,-45.16,-25.35,
53212.5,0.23,0.16,0.87,0.03,0.02,0.02,8.49,-45.38,-25.57,
53212.6,0.26,0.16,0.87,-0.04,-0.08,0.02,7.64,-44.52,-25.74,
53212.7,0.22,0.13,0.86,-0.18,-0.23,-0.09,7.24,-44.68,-25.24,
53212.8,0.25,0.16,0.89,-0.12,0.02,-0.07,6.78,-44.35,-26.24,
53212.9,0.23,0.14,0.88,-0.03,0.04,-0.00,7.76,-42.35,-26.96,
53213.0,0.28,0.13,0.88,-0.06,-0.02,0.00,7.81,-44.01,-27.24,
53213.1,0.26,0.12,0.89,-0.16,-0.01,-0.06,7.47,-44.01,-27.24,
53213.2,0.26,0.14,0.87,-0.19,0.04,-0.16,7.92,-42.14,-27.48,
53213.3,0.23,0.13,0.94,-0.28,0.16,-0.17,8.67,-43.15,-27.75,
53213.4,0.19,0.09,0.91,-0.73,-0.04,-0.49,9.59,-40.89,-29.16,
53213.5,0.26,-0.03,0.94,-1.10,-0.23,-0.45,9.18,-36.48,-32.27,
53213.6,0.23,-0.14,0.89,-1.23,0.11,-0.41,10.03,-33.57,-35.12,
53213.7,0.23,-0.25,0.85,-1.13,0.25,-0.31,11.06,-27.65,-37.47,
53213.8,0.26,-0.30,0.78,-1.08,0.17,-0.33,12.09,-21.94,-39.48,
53213.9,0.21,-0.40,0.71,-0.65,-0.02,-0.30,13.46,-18.17,-40.15,
53214.0,0.25,-0.41,0.75,-0.46,0.15,-0.33,13.29,-15.26,-40.32,
53214.1,0.29,-0.45,0.78,-0.50,-0.15,-0.26,14.14,-13.04,-41.49,
53214.2,0.25,-0.46,0.73,-0.63,-0.08,-0.41,12.44,-10.79,-41.82,
53214.3,0.29,-0.50,0.71,-0.59,-0.21,-0.54,12.63,-6.97,-41.94,
53214.4,0.36,-0.57,0.63,-0.64,-0.46,-0.71,12.75,-4.78,-42.16,
53214.5,0.46,-0.60,0.61,-0.57,-0.41,-0.48,9.86,1.50,-43.00,
53214.6,0.47,-0.62,0.64,-0.29,0.05,-0.39,9.01,3.39,-42.16,
53214.7,0.50,-0.58,0.54,-0.42,-0.01,-0.48,10.03,4.07,-41.49,
53214.8,0.57,-0.57,0.48,-0.06,-0.32,-0.20,8.60,5.56,-41.95,
53214.9,0.51,-0.59,0.51,0.09,-0.12,-0.12,7.64,6.12,-42.49,
53215.0,0.52,-0.55,0.56,0.05,-0.12,-0.21,8.48,5.60,-42.33,
53215.1,0.55,-0.55,0.48,0.05,-0.10,-0.18,6.68,4.70,-42.90,
53215.2,0.61,-0.49,0.49,0.19,-0.39,0.03,5.59,3.04,-43.16,
53215.3,0.61,-0.47,0.48,0.13,-0.47,-0.01,4.79,2.80,-44.00,
53215.4,0.61,-0.48,0.43,0.15,-0.37,-0.16,2.85,2.02,-42.83,
53215.5,0.71,-0.49,0.44,0.15,-0.58,-0.08,2.64,2.86,-43.34,
53215.6,0.72,-0.49,0.47,0.06,0.05,-0.05,-0.54,2.12,-44.07,
53215.7,0.78,-0.46,0.51,0.10,0.07,0.14,-0.23,0.65,-45.85,
53215.8,0.76,-0.40,0.49,-0.01,0.23,0.10,0.12,-0.59,-44.89,
53215.9,0.71,-0.55,0.54,-0.39,0.71,0.50,2.00,0.36,-43.44,
53216.0,0.57,-0.61,0.55,-0.66,0.79,0.83,4.76,2.85,-43.30,
53216.1,0.46,-0.68,0.51,-0.79,0.78,1.04,8.68,3.87,-41.63,
53216.2,0.35,-0.77,0.44,-0.73,0.89,1.12,9.18,5.27,-42.66,
53216.3,0.20,-0.82,0.38,-0.79,0.53,1.01,14.90,9.94,-38.57,
53216.4,0.06,-0.92,0.36,-0.62,0.58,0.98,16.11,10.11,-36.38,
53216.5,-0.02,-0.91,0.32,-0.53,0.34,0.97,20.33,10.64,-34.71,
53216.6,-0.11,-0.94,0.28,-0.45,0.47,0.93,23.93,10.24,-31.78,
53216.7,-0.22,-0.93,0.22,-0.37,0.49,0.72,25.00,10.14,-31.52,
53216.8,-0.23,-0.91,0.19,-0.27,0.25,0.57,26.80,9.89,-30.09,
53216.9,-0.32,-0.90,0.17,-0.25,0.15,0.43,28.09,8.71,-28.00,
53217.0,-0.36,-0.88,0.14,-0.07,0.15,0.29,31.02,7.70,-28.88,
53217.1,-0.41,-0.89,0.11,-0.03,0.12,0.11,30.57,8.86,-28.08,
53217.2,-0.39,-0.87,0.12,0.05,-0.15,-0.06,30.99,7.06,-26.99,
53217.3,-0.35,-0.89,0.16,0.14,-0.16,-0.23,30.22,8.18,-27.75,
53217.4,-0.36,-0.91,0.15,0.25,-0.25,-0.32,28.04,8.81,-28.51,
53217.5,-0.29,-0.92,0.20,0.41,-0.31,-0.51,26.58,8.23,-29.74,
53217.6,-0.21,-0.90,0.27,0.51,-0.41,-0.57,25.78,9.20,-31.10,
53217.7,-0.15,-0.87,0.32,0.65,-0.56,-0.82,23.98,8.76,-34.20,
53217.8,0.00,-0.85,0.42,0.73,-0.72,-0.98,19.44,5.95,-35.96,
53217.9,0.12,-0.82,0.46,0.77,-0.51,-0.97,18.23,6.01,-38.07,
53218.0,0.22,-0.78,0.52,0.70,-0.59,-0.89,14.79,3.79,-39.84,
53218.1,0.29,-0.74,0.54,0.66,-0.38,-0.74,12.43,3.04,-40.15,
53218.2,0.35,-0.65,0.59,0.73,-0.07,-0.63,12.60,2.19,-40.32,
53218.3,0.42,-0.62,0.61,0.44,-0.53,-0.72,12.02,-1.80,-41.20,
53218.4,0.51,-0.50,0.60,0.18,-0.34,-0.71,10.22,-2.24,-42.26,
53218.5,0.53,-0.54,0.63,0.15,-0.53,-0.51,10.28,-1.72,-43.22,
53218.6,0.62,-0.47,0.60,0.14,-0.30,-0.27,8.15,-3.63,-42.33,
53218.7,0.64,-0.46,0.60,0.01,-0.31,-0.11,7.73,-2.17,-43.42,
53218.8,0.64,-0.44,0.58,0.03,-0.09,0.06,5.93,-1.33,-43.77,
53218.9,0.63,-0.48,0.55,0.03,0.04,0.01,6.43,-2.41,-44.48,
53219.0,0.63,-0.45,0.54,0.08,0.06,0.01,5.96,-1.09,-43.89,
53219.1,0.60,-0.42,0.50,0.16,-0.17,-0.10,6.95,-2.09,-43.83,
53219.2,0.65,-0.44,0.56,0.01,0.37,0.10,6.44,-1.58,-44.67,
53219.3,0.71,-0.36,0.57,0.17,-0.23,-0.05,5.31,-1.54,-44.71,
53219.4,0.69,-0.39,0.66,-0.02,0.11,-0.18,6.33,-2.38,-44.11,
53219.5,0.68,-0.35,0.60,-0.05,0.08,-0.14,5.76,-2.94,-44.00,
53219.6,0.68,-0.37,0.60,-0.01,0.49,0.27,6.31,-2.40,-43.67,
53219.7,0.56,-0.38,0.60,0.13,0.59,0.54,6.78,-1.58,-43.33,
53219.8,0.46,-0.43,0.63,0.36,0.66,0.71,9.64,-3.53,-42.30,
53219.9,0.43,-0.45,0.71,0.64,0.51,0.93,11.82,-7.34,-41.99,
53220.0,0.34,-0.45,0.66,0.74,0.59,1.09,11.75,-9.28,-40.15,
53220.1,0.29,-0.44,0.74,0.78,0.27,1.08,13.94,-14.49,-38.61,
53220.2,0.20,-0.39,0.79,0.89,-0.09,0.81,13.29,-18.34,-37.97,
53220.3,0.23,-0.32,0.84,1.00,-0.13,0.79,11.66,-24.53,-38.06,
53220.4,0.22,-0.24,0.86,1.04,-0.15,0.78,10.72,-29.12,-35.46,
53220.5,0.23,-0.10,0.83,1.04,-0.14,0.57,8.49,-33.06,-34.28,
53220.6,0.26,0.01,0.91,0.95,-0.14,0.45,6.71,-37.88,-31.60,
53220.7,0.18,0.09,0.96,0.73,-0.06,0.31,6.10,-41.27,-27.58,
53220.8,0.22,0.11,0.96,0.34,-0.14,0.04,4.39,-43.32,-27.58,
53220.9,0.24,0.25,1.03,0.34,-0.10,-0.11,6.44,-44.69,-25.90,
53221.0,0.26,0.11,0.95,-0.03,0.01,0.09,6.27,-44.86,-26.41,
53221.1,0.12,0.15,0.81,0.10,0.42,-0.13,7.60,-43.53,-26.49,
53221.2,0.20,0.12,0.86,0.07,-0.02,-0.05,6.14,-44.23,-25.39,
53221.3,0.19,0.15,0.86,-0.04,-0.11,0.06,7.98,-46.92,-24.73,
53221.4,0.25,0.16,0.87,-0.07,-0.18,0.01,6.95,-44.52,-25.74,
53221.5,0.25,0.14,0.89,-0.03,-0.00,0.04,6.95,-44.18,-25.07,
53221.6,0.22,0.13,0.87,-0.01,-0.03,0.03,5.93,-44.86,-25.74,
53221.7,0.24,0.14,0.88,-0.00,-0.04,0.02,6.68,-44.96,-26.64,
53221.8,0.24,0.13,0.87,0.01,-0.04,0.01,5.93,-45.55,-27.08,
53221.9,0.24,0.13,0.87,0.01,-0.02,0.02,7.13,-45.38,-26.24,
53222.0,0.24,0.14,0.87,0.00,-0.05,0.01,5.52,-44.49,-25.47,
53222.1,0.25,0.14,0.88,0.00,-0.02,0.00,6.10,-43.66,-26.91,
53222.2,0.24,0.14,0.86,0.01,-0.01,0.01,6.90,-45.52,-27.78,
53222.3,0.25,0.13,0.87,-0.00,-0.02,0.02,6.44,-46.06,-26.57,
53222.4,0.26,0.14,0.87,-0.01,-0.06,0.02,6.10,-45.38,-26.91,
53222.5,0.26,0.14,0.88,-0.00,-0.03,0.01,4.95,-43.40,-26.55,
53222.6,0.26,0.13,0.86,-0.02,-0.07,0.02,5.59,-44.52,-27.08,
53222.7,0.24,0.11,0.85,-0.00,-0.14,0.03,5.64,-45.49,-25.86,
53222.8,0.30,0.11,0.88,-0.03,-0.13,0.03,3.53,-45.21,-24.73,
53222.9,0.29,0.11,0.96,-0.16,-0.03,-0.13,4.56,-42.81,-26.41,
53223.0,0.26,0.12,0.99,-0.32,0.07,0.02,5.32,-42.98,-26.86,
53223.1,0.22,0.08,0.92,-0.86,0.34,-0.19,5.07,-43.66,-29.59,
53223.2,0.22,-0.05,0.92,-1.33,-0.01,-0.32,7.13,-38.87,-32.27,
53223.3,0.18,-0.20,0.87,-1.59,0.13,-0.44,4.57,-33.56,-35.12,
53223.4,0.20,-0.30,0.83,-1.38,0.31,-0.36,7.47,-26.21,-36.96,
53223.5,0.22,-0.39,0.73,-1.19,0.44,-0.36,8.01,-20.10,-40.54,
53223.6,0.25,-0.45,0.67,-1.15,0.03,-0.43,10.68,-15.95,-41.79,
53223.7,0.24,-0.58,0.67,-0.76,-0.04,-0.39,11.75,-10.99,-42.49,
53223.8,0.26,-0.59,0.65,-0.57,0.03,-0.33,8.88,-6.71,-40.04,
53223.9,0.25,-0.63,0.61,-0.54,0.01,-0.55,11.57,-5.34,-43.33,
53224.0,0.32,-0.63,0.56,-0.49,-0.21,-0.75,10.21,-1.92,-42.33,
53224.1,0.40,-0.66,0.52,-0.54,-0.29,-0.74,9.98,1.66,-42.34,
53224.2,0.44,-0.68,0.49,-0.52,-0.25,-0.69,10.21,4.24,-41.99,
53224.3,0.54,-0.67,0.43,-0.53,-0.24,-0.80,6.93,6.50,-41.51,
53224.4,0.60,-0.73,0.36,-0.53,-0.29,-0.68,4.56,9.54,-41.15,
53224.5,0.62,-0.65,0.33,-0.17,-0.30,-0.20,2.85,12.28,-40.82,
53224.6,0.59,-0.59,0.39,-0.14,-0.14,-0.12,1.82,12.28,-40.82,
53224.7,0.63,-0.61,0.31,-0.10,-0.20,-0.23,0.11,14.34,-41.15,
53224.8,0.66,-0.62,0.30,-0.20,-0.30,-0.17,0.87,13.50,-41.98,
53224.9,0.66,-0.57,0.32,0.14,-0.51,-0.09,-3.58,13.76,-40.92,
53225.0,0.73,-0.59,0.30,0.08,-0.14,-0.18,-3.65,12.97,-42.16,
53225.1,0.78,-0.58,0.28,0.05,-0.18,-0.05,-4.46,13.43,-41.60,
53225.2,0.73,-0.55,0.25,-0.00,-0.12,0.07,-4.17,13.14,-41.65,
53225.3,0.73,-0.62,0.25,-0.16,-0.21,-0.01,-5.05,13.93,-42.12,
53225.4,0.83,-0.67,0.22,-0.26,-0.29,0.46,-5.36,13.99,-41.82,
53225.5,0.71,-0.75,0.19,-0.39,-0.09,1.03,-5.71,16.05,-42.16,
53225.6,0.58,-0.79,0.16,-0.42,0.19,1.31,-3.14,16.22,-40.65,
53225.7,0.43,-0.83,0.13,-0.33,0.23,1.32,-1.84,18.55,-38.91,
53225.8,0.33,-0.87,0.10,-0.20,0.05,1.16,1.83,19.78,-37.79,
53225.9,0.24,-0.91,0.07,-0.38,0.20,1.00,3.69,20.50,-37.54,
53226.0,0.17,-0.90,0.06,-0.22,0.27,0.61,7.47,19.98,-35.96,
53226.1,0.09,-0.97,0.10,0.08,0.28,0.41,10.55,21.01,-36.29,
53226.2,0.09,-1.00,0.08,-0.07,0.27,0.42,10.32,20.69,-35.17,
53226.3,0.00,-1.01,0.05,-0.11,0.26,0.56,12.86,19.93,-34.46,
53226.4,-0.03,-0.99,0.05,-0.10,0.01,0.41,15.17,21.33,-34.26,
53226.5,-0.06,-0.99,0.02,-0.01,0.05,0.33,14.48,19.47,-32.44,
53226.6,-0.11,-0.99,0.06,0.13,-0.23,0.20,16.54,19.47,-34.11,
53226.7,-0.12,-1.06,0.06,0.09,0.02,0.20,15.89,19.66,-34.00,
53226.8,-0.14,-1.02,0.04,0.01,0.10,0.31,16.02,18.89,-34.77,
53226.9,-0.21,-0.94,0.02,0.10,0.03,0.25,16.37,19.98,-33.95,
53227.0,-0.17,-0.95,0.06,0.21,-0.03,0.03,17.33,17.23,-34.36,
53227.1,-0.16,-0.93,0.07,0.21,-0.11,-0.13,16.88,16.39,-34.45,
53227.2,-0.18,-0.97,0.11,0.25,-0.16,-0.49,17.39,15.70,-35.29,
53227.3,-0.08,-0.98,0.16,0.33,-0.27,-0.66,14.50,17.02,-36.48,
53227.4,0.00,-0.93,0.17,0.39,-0.14,-0.75,12.43,15.70,-37.13,
53227.5,0.10,-0.92,0.18,0.45,-0.09,-0.93,9.94,15.95,-37.71,
53227.6,0.24,-0.89,0.25,0.53,-0.57,-1.24,9.35,13.81,-38.89,
53227.7,0.38,-0.83,0.27,0.52,-0.29,-1.20,5.24,13.65,-39.14,
53227.8,0.51,-0.81,0.33,0.38,-0.36,-0.96,2.05,10.78,-41.33,
53227.9,0.53,-0.75,0.36,0.29,-0.32,-0.78,-0.06,8.69,-40.99,
53228.0,0.63,-0.65,0.32,0.21,-0.14,-0.60,-0.80,6.35,-43.47,
53228.1,0.60,-0.70,0.36,0.24,0.09,-0.58,-0.27,5.65,-42.37,
53228.2,0.71,-0.61,0.38,0.12,-0.15,-0.31,-2.80,6.64,-42.66,
53228.3,0.61,-0.57,0.32,0.09,0.18,-0.16,-0.94,6.09,-44.14,
53228.4,0.70,-0.58,0.36,0.04,0.05,-0.15,-1.94,6.12,-43.83,
53228.5,0.72,-0.55,0.36,0.02,0.02,-0.14,-2.28,4.41,-43.50,
53228.6,0.73,-0.56,0.36,0.04,-0.08,-0.10,-2.73,5.17,-44.85,
53228.7,0.71,-0.54,0.35,0.03,-0.08,-0.12,-3.48,5.27,-44.67,
53228.8,0.72,-0.50,0.37,0.07,0.03,-0.11,-2.80,3.90,-44.00,
53228.9,0.74,-0.48,0.35,-0.01,-0.33,-0.10,-4.17,4.58,-45.68,
53229.0,0.76,-0.46,0.33,0.06,-0.16,-0.13,-4.51,5.27,-43.33,
53229.1,0.78,-0.49,0.30,0.03,0.02,-0.23,-4.84,2.92,-43.91,
53229.2,0.72,-0.47,0.31,0.14,-0.02,-0.24,-4.17,3.90,-44.00,
53229.3,0.82,-0.43,0.37,-0.15,-0.15,-0.18,-5.19,2.87,-45.01,
53229.4,0.79,-0.40,0.25,-0.30,-0.10,0.04,-7.52,3.83,-44.78,
53229.5,0.84,-0.45,0.24,-0.06,0.12,0.26,-7.25,4.58,-43.00,
53229.6,0.71,-0.41,0.38,0.19,0.43,0.40,-6.73,5.78,-44.50,
53229.7,0.68,-0.42,0.28,0.75,0.41,0.62,-4.85,5.61,-42.66,
53229.8,0.58,-0.77,0.38,0.92,0.23,0.35,-2.97,0.31,-42.83,
53229.9,0.72,-0.51,0.38,1.13,-0.37,0.48,-3.94,-2.42,-44.27,
53230.0,0.63,-0.52,0.40,1.16,-0.05,0.24,-4.68,-6.88,-43.83,
53230.1,0.58,-0.61,0.43,1.58,-0.01,0.49,-6.56,-14.13,-43.56,
53230.2,0.54,-0.55,0.58,1.60,0.30,0.52,-6.39,-17.50,-41.49,
53230.3,0.49,-0.29,0.66,1.71,0.50,0.47,-7.42,-24.33,-37.80,
53230.4,0.35,-0.21,0.72,1.54,1.32,-0.28,-4.20,-33.74,-35.63,
53230.5,0.36,-0.02,0.91,1.34,-0.22,-0.51,0.66,-38.30,-32.37,
53230.6,0.43,0.16,0.79,0.22,-0.86,-0.55,1.31,-41.95,-29.59,
53230.7,0.53,0.10,0.80,-0.37,-0.49,-0.20,-0.26,-43.16,-29.42,
53230.8,0.51,0.12,0.69,-0.27,-0.10,-0.10,-0.40,-42.30,-30.93,
53230.9,0.51,0.13,0.72,-0.22,-0.10,-0.01,-0.40,-41.95,-32.27,
53231.0,0.58,0.09,0.72,-0.18,-0.09,-0.03,-2.32,-41.43,-32.62,
53231.1,0.59,0.13,0.72,0.01,-0.05,0.05,-1.43,-40.59,-32.61,
53231.2,0.63,0.08,0.70,0.04,-0.15,0.02,-2.16,-39.25,-32.94,
53231.3,0.60,0.09,0.70,-0.05,-0.15,-0.02,-1.77,-41.27,-32.94,
53231.4,0.62,0.08,0.67,-0.04,-0.10,-0.00,-2.28,-40.76,-33.44,
53231.5,0.60,0.13,0.68,0.02,0.04,0.01,-1.99,-39.83,-32.34,
53231.6,0.63,0.09,0.66,0.04,-0.12,0.01,-2.63,-40.07,-32.77,
53231.7,0.61,0.10,0.68,0.09,0.09,0.02,-3.43,-39.94,-33.57,
53231.8,0.60,0.08,0.65,-0.05,-0.05,-0.02,-2.31,-41.30,-32.13,
53231.9,0.59,0.11,0.69,0.04,0.11,-0.00,-2.28,-40.76,-32.44,
53232.0,0.60,0.12,0.69,0.01,0.09,0.01,-3.00,-40.72,-32.99,
53232.1,0.61,0.11,0.69,0.06,0.17,-0.00,-2.28,-40.76,-31.10,
53232.2,0.59,0.11,0.69,0.03,0.13,0.02,-1.86,-40.77,-33.10,
53232.3,0.58,0.14,0.73,-0.02,0.17,-0.05,-0.74,-41.48,-31.75,
53232.4,0.55,0.16,0.75,-0.25,0.18,-0.16,0.62,-41.61,-32.61,
53232.5,0.53,0.10,0.77,-0.69,0.30,-0.31,0.64,-39.86,-31.95,
53232.6,0.48,0.03,0.75,-0.98,0.00,-0.35,1.75,-36.19,-33.08,
53232.7,0.54,-0.04,0.79,-1.27,-0.13,-0.28,3.02,-32.89,-37.10,
53232.8,0.51,-0.11,0.73,-1.43,0.05,-0.21,3.36,-24.83,-40.80,
53232.9,0.52,-0.18,0.65,-1.41,0.06,-0.30,3.36,-19.37,-42.33,
53233.0,0.55,-0.29,0.64,-1.33,-0.13,-0.39,4.90,-14.41,-44.17,
53233.1,0.58,-0.39,0.58,-1.05,-0.17,-0.37,3.36,-9.23,-45.23,
53233.2,0.62,-0.40,0.53,-0.70,-0.17,-0.29,3.27,-4.91,-44.16,
53233.3,0.63,-0.44,0.57,-0.44,0.00,-0.19,2.79,-1.54,-46.19,
53233.4,0.60,-0.42,0.53,-0.34,0.02,-0.20,3.38,1.03,-44.69,
53233.5,0.66,-0.46,0.46,-0.30,-0.11,-0.16,4.05,1.85,-44.00,
53233.6,0.65,-0.44,0.50,-0.13,-0.18,-0.05,2.01,2.36,-45.21,
53233.7,0.66,-0.49,0.52,-0.27,-0.18,-0.13,0.23,4.37,-44.26,
53233.8,0.67,-0.51,0.46,-0.39,-0.13,-0.02,1.17,5.85,-44.74,
53233.9,0.66,-0.46,0.40,-0.20,-0.27,-0.06,0.61,6.59,-43.18,
53234.0,0.65,-0.51,0.42,-0.20,-0.20,-0.24,-0.23,8.86,-43.50,
53234.1,0.72,-0.56,0.43,-0.07,-0.13,-0.07,-0.85,8.59,-43.56,
53234.2,0.71,-0.48,0.39,-0.10,-0.14,0.07,-1.26,8.53,-44.47,
53234.3,0.72,-0.48,0.42,-0.10,-0.25,0.07,-2.28,8.52,-43.83,
53234.4,0.65,-0.53,0.37,0.01,0.25,0.13,-1.19,8.79,-43.03,
53234.5,0.68,-0.46,0.36,-0.00,-0.05,0.10,-0.06,7.32,-42.66,
53234.6,0.66,-0.55,0.38,0.10,0.13,0.18,-1.20,8.35,-44.34,
53234.7,0.68,-0.44,0.38,0.11,0.10,0.04,0.28,6.64,-44.34,
53234.8,0.65,-0.52,0.37,0.06,-0.02,-0.06,0.11,8.86,-44.50,
53234.9,0.75,-0.44,0.34,0.12,-0.41,0.12,-1.64,6.30,-42.74,
53235.0,0.68,-0.53,0.35,0.09,-0.18,-0.09,-1.69,6.07,-43.68,
53235.1,0.72,-0.50,0.38,0.07,-0.22,-0.06,-2.28,5.10,-44.17,
53235.2,0.71,-0.44,0.34,0.07,0.13,-0.02,-3.31,6.47,-44.84,
53235.3,0.81,-0.45,0.33,0.03,-0.21,0.06,-4.51,5.61,-45.01,
53235.4,0.73,-0.58,0.34,-0.09,-0.14,0.22,-4.10,5.36,-43.98,
53235.5,0.70,-0.55,0.37,-0.03,0.29,0.39,-3.67,6.23,-44.18,
53235.6,0.70,-0.62,0.37,-0.10,0.35,0.51,-2.46,4.93,-44.34,
53235.7,0.64,-0.63,0.39,-0.19,0.46,0.64,-1.94,6.12,-42.49,
53235.8,0.53,-0.67,0.36,-0.22,0.36,0.65,1.65,8.35,-41.99,
53235.9,0.50,-0.76,0.39,-0.28,0.34,0.68,0.45,7.15,-42.83,
53236.0,0.45,-0.81,0.38,-0.36,0.24,0.74,4.33,8.74,-42.05,
53236.1,0.33,-0.85,0.36,-0.40,0.42,0.91,6.78,11.43,-40.65,
53236.2,0.24,-0.85,0.28,-0.45,0.29,0.92,8.15,13.48,-38.64,
53236.3,0.15,-0.89,0.32,-0.13,0.25,0.75,9.29,12.91,-38.95,
53236.4,0.07,-0.98,0.28,-0.15,0.30,0.65,10.72,13.99,-38.47,
53236.5,0.03,-0.91,0.29,-0.14,0.27,0.64,12.05,13.02,-38.11,
53236.6,-0.07,-0.92,0.25,-0.19,0.24,0.60,12.60,11.43,-37.30,
53236.7,-0.10,-0.93,0.25,-0.16,0.17,0.54,16.19,14.34,-36.46,
53236.8,-0.16,-0.94,0.23,-0.05,0.04,0.47,17.31,12.79,-37.38,
53236.9,-0.21,-0.94,0.23,-0.03,-0.03,0.39,17.73,11.43,-36.63,
53237.0,-0.25,-0.91,0.20,0.01,0.05,0.19,19.70,11.61,-36.72,
53237.1,-0.25,-0.90,0.21,0.01,-0.03,0.12,19.42,10.14,-37.58,
53237.2,-0.25,-0.92,0.23,0.06,-0.03,-0.07,17.90,10.57,-36.13,
53237.3,-0.22,-0.89,0.24,0.04,-0.10,-0.23,17.87,10.78,-36.51,
53237.4,-0.20,-0.89,0.24,0.14,-0.14,-0.48,17.05,10.40,-35.96,
53237.5,-0.11,-0.93,0.25,0.21,-0.25,-0.82,15.89,11.00,-36.96,
53237.6,0.00,-0.90,0.27,0.26,-0.24,-0.95,14.10,9.94,-38.19,
53237.7,0.11,-0.88,0.33,0.36,-0.48,-1.13,10.03,11.60,-38.14,
53237.8,0.22,-0.88,0.33,0.50,-0.36,-1.12,8.94,10.87,-41.30,
53237.9,0.39,-0.81,0.36,0.51,-0.57,-1.13,6.47,11.38,-40.79,
53238.0,0.49,-0.74,0.41,0.39,-0.36,-0.95,3.38,8.24,-41.63,
53238.1,0.53,-0.65,0.41,0.34,-0.36,-0.88,3.54,6.93,-42.61,
53238.2,0.61,-0.68,0.44,0.44,-0.05,-0.76,1.14,5.09,-43.16,
53238.3,0.71,-0.55,0.43,0.27,-0.19,-0.48,-0.37,3.15,-43.18,
53238.4,0.63,-0.52,0.40,0.25,0.12,-0.34,-1.26,1.86,-44.19,
53238.5,0.66,-0.52,0.46,0.20,-0.02,-0.33,0.97,0.13,-45.01,
53238.6,0.73,-0.49,0.46,0.12,0.06,-0.20,-1.73,-0.20,-45.28,
53238.7,0.69,-0.39,0.42,-0.01,-0.02,-0.20,-1.09,1.79,-45.01,
53238.8,0.70,-0.44,0.42,0.02,-0.05,-0.24,-1.43,0.13,-44.34,
53238.9,0.76,-0.44,0.43,-0.01,-0.07,-0.17,-0.79,0.79,-45.33,
53239.0,0.73,-0.36,0.45,0.08,0.07,0.04,-1.94,-0.38,-45.18,
53239.1,0.79,-0.37,0.51,0.28,-0.11,-0.10,-0.25,-0.15,-44.49,
53239.2,0.76,-0.35,0.52,-0.02,0.33,0.03,-0.45,-0.94,-45.26,
53239.3,0.73,-0.37,0.50,-0.02,0.54,0.19,0.79,-1.06,-45.18,
53239.4,0.68,-0.37,0.56,0.17,0.48,0.43,2.93,-2.16,-43.75,
53239.5,0.57,-0.42,0.54,0.30,0.54,0.65,5.90,-2.57,-43.64,
53239.6,0.53,-0.42,0.60,0.63,0.12,0.96,6.30,-4.67,-42.27,
53239.7,0.40,-0.43,0.64,0.66,0.26,0.76,6.70,-8.86,-42.19,
53239.8,0.37,-0.45,0.68,1.02,0.44,1.01,7.81,-13.55,-42.33,
53239.9,0.38,-0.43,0.71,0.88,0.19,0.91,7.38,-17.24,-40.56,
53240.0,0.35,-0.34,0.78,0.75,-0.02,0.72,7.64,-20.23,-40.27,
53240.1,0.28,-0.29,0.80,0.79,0.02,0.69,5.42,-24.46,-39.77,
53240.2,0.26,-0.21,0.83,0.98,0.16,0.53,7.16,-29.20,-37.86,
53240.3,0.27,-0.13,0.88,0.98,0.05,0.59,6.78,-33.06,-35.96,
53240.4,0.20,-0.02,0.89,0.90,0.36,0.47,5.24,-35.28,-33.44,
53240.5,0.20,0.06,0.94,0.65,0.11,0.36,5.14,-39.69,-32.14,
53240.6,0.13,0.08,0.91,0.41,0.05,-0.22,4.06,-41.03,-31.01,
53240.7,0.26,0.13,1.05,0.14,-0.08,-0.16,5.30,-44.12,-28.92,
53240.8,0.18,0.09,0.94,-0.16,0.29,-0.05,6.40,-43.77,-28.27,
53240.9,0.16,0.10,0.89,0.13,0.81,0.10,7.30,-43.84,-28.42,
53241.0,0.08,0.08,0.96,-0.03,0.39,0.09,9.04,-42.38,-28.31,
53241.1,0.04,0.06,0.91,0.06,0.21,0.19,9.35,-43.74,-28.32,
53241.2,0.09,0.08,0.92,-0.01,0.03,0.08,10.89,-42.98,-26.91,
53241.3,0.05,0.10,0.94,0.01,0.05,0.04,10.25,-43.57,-26.95,
53241.4,0.05,0.09,0.91,0.01,-0.07,0.03,9.69,-44.18,-28.08,
53241.5,0.04,0.09,0.92,0.05,-0.12,-0.01,9.10,-44.62,-27.28,
53241.6,0.07,0.08,0.91,0.08,-0.02,0.02,8.49,-44.01,-27.58,
53241.7,0.05,0.08,0.90,0.03,-0.05,-0.03,9.18,-43.32,-25.90,
53241.8,0.06,0.10,0.91,0.01,0.01,-0.02,9.71,-43.90,-27.14,
53241.9,0.07,0.12,0.80,0.01,0.00,0.00,9.18,-44.35,-26.57,
53242.0,0.10,0.12,0.97,-0.01,-0.08,-0.04,10.38,-43.84,-27.08,
53242.1,0.08,0.09,0.91,0.01,-0.28,0.02,9.86,-43.32,-27.58,
53242.2,0.08,0.09,0.91,-0.00,-0.06,0.01,9.69,-43.84,-26.41,
53242.3,0.08,0.09,0.91,-0.00,-0.01,0.01,9.06,-44.25,-26.67,
53242.4,0.09,0.10,0.91,0.01,-0.00,0.01,9.35,-42.47,-26.41,
53242.5,0.08,0.09,0.90,0.00,-0.01,0.01,7.81,-43.32,-27.24,
53242.6,0.09,0.10,0.91,0.00,-0.01,0.00,9.01,-42.12,-26.07,
53242.7,0.08,0.10,0.91,0.02,-0.05,0.01,9.86,-44.01,-27.58,
53242.8,0.09,0.10,0.89,0.00,0.01,-0.00,8.88,-44.40,-26.96,
53242.9,0.07,0.10,0.91,-0.00,0.04,0.00,8.55,-44.07,-26.74,
53243.0,0.09,0.10,0.91,0.01,-0.01,0.01,9.18,-44.01,-27.24,
53243.1,0.10,0.09,0.91,0.01,-0.01,0.02,9.18,-44.69,-27.58,
53243.2,0.07,0.12,0.92,0.04,-0.11,0.09,7.98,-44.18,-26.74,
53243.3,0.10,0.17,0.80,0.01,0.04,-0.04,9.52,-45.72,-27.58,
53243.4,0.09,0.11,0.90,0.01,-0.01,0.01,8.63,-44.71,-27.26,
53243.5,0.10,0.08,0.90,-0.00,-0.02,0.02,9.52,-42.98,-27.58,
53243.6,0.09,0.09,0.91,-0.00,0.01,0.02,9.18,-44.35,-27.24,
53243.7,0.09,0.09,0.90,0.00,0.02,0.02,7.68,-44.66,-27.96,
53243.8,0.11,0.09,0.91,0.00,-0.03,0.02,8.15,-43.32,-27.58,
53243.9,0.09,0.09,0.91,-0.00,-0.02,0.01,7.57,-44.01,-27.21,
53244.0,0.10,0.10,0.91,-0.00,-0.02,-0.00,9.01,-44.52,-24.73,
53244.1,0.08,0.10,0.89,-0.00,0.00,-0.02,9.01,-44.18,-26.74,
53244.2,0.12,0.09,0.93,-0.02,0.01,0.04,9.39,-44.62,-27.79,
